[Licensing::Module] Trying to connect to existing licensing client channel...
Built from '6000.3/staging' branch; Version is '6000.3.11f1 (3000ef702840) revision 3145967'; Using compiler version '194234433'; Build Type 'Release'
[Licensing::IpcConnector] Successfully connected to: "LicenseClient-User" at "2026-06-04T04:48:34.480642Z"
OS: 'Windows 11  (10.0.26200) Core' Language: 'ko' Physical Memory: 32577 MB
BatchMode: 1, IsHumanControllingUs: 0, StartBugReporterOnCrash: 0, Is64bit: 1
System  architecture: x64
Process architecture: x64
Date: 2026-06-04T04:48:34Z

COMMAND LINE ARGUMENTS:
E:\unity\6000.3.11f1\Editor\Unity.exe
-adb2
-batchMode
-noUpm
-name
AssetImportWorker15
-projectPath
C:/Users/User/Desktop/COM ANI REAL PROJECT/com_ani_final_project
-logFile
Logs/AssetImportWorker15.log
-srvPort
59130
-licensingIpc
LicenseClient-User
-job-worker-count
11
-background-job-worker-count
8
-gc-helper-count
1
-name
AssetImport
Successfully changed project path to: C:/Users/User/Desktop/COM ANI REAL PROJECT/com_ani_final_project
C:/Users/User/Desktop/COM ANI REAL PROJECT/com_ani_final_project
[UnityMemory] Configuration Parameters - Can be set up in boot.config
    "memorysetup-temp-allocator-size-nav-mesh-worker=65536"
    "memorysetup-temp-allocator-size-audio-worker=65536"
    "memorysetup-temp-allocator-size-gfx=262144"
    "memorysetup-allocator-temp-initial-block-size-main=262144"
    "memorysetup-allocator-temp-initial-block-size-worker=262144"
    "memorysetup-temp-allocator-size-background-worker=32768"
    "memorysetup-temp-allocator-size-job-worker=262144"
    "memorysetup-temp-allocator-size-preload-manager=33554432"
    "memorysetup-temp-allocator-size-gi-baking-worker=262144"
    "memorysetup-temp-allocator-size-gi-baking-worker=262144"
    "memorysetup-temp-allocator-size-gi-baking-worker=262144"
    "memorysetup-temp-allocator-size-gi-baking-worker=262144"
    "memorysetup-temp-allocator-size-gi-baking-worker=262144"
    "memorysetup-bucket-allocator-granularity=16"
    "memorysetup-bucket-allocator-bucket-count=8"
    "memorysetup-bucket-allocator-block-size=33554432"
    "memorysetup-bucket-allocator-block-count=8"
    "memorysetup-main-allocator-block-size=16777216"
    "memorysetup-thread-allocator-block-size=16777216"
    "memorysetup-gfx-main-allocator-block-size=16777216"
    "memorysetup-gfx-thread-allocator-block-size=16777216"
    "memorysetup-cache-allocator-block-size=4194304"
    "memorysetup-typetree-allocator-block-size=2097152"
    "memorysetup-profiler-bucket-allocator-granularity=16"
    "memorysetup-profiler-bucket-allocator-bucket-count=8"
    "memorysetup-profiler-bucket-allocator-block-size=33554432"
    "memorysetup-profiler-bucket-allocator-block-count=8"
    "memorysetup-profiler-allocator-block-size=16777216"
    "memorysetup-profiler-editor-allocator-block-size=1048576"
    "memorysetup-temp-allocator-size-main=16777216"
    "memorysetup-job-temp-allocator-block-size=2097152"
    "memorysetup-job-temp-allocator-block-size-background=1048576"
    "memorysetup-job-temp-allocator-reduction-small-platforms=262144"
    "memorysetup-temp-allocator-size-cloud-worker=32768"
Player connection [41216]  Target information:

Player connection [41216]  * "[IP] 192.168.0.6 [Port] 0 [Flags] 2 [Guid] 2168480250 [EditorId] 2168480250 [Version] 1048832 [Id] WindowsEditor(7,DESKTOP-3KCO4M1) [Debug] 1 [PackageName] WindowsEditor [ProjectName] Editor" 

Player connection [41216] Host joined multi-casting on [225.0.0.222:54997]...
Player connection [41216] Host joined alternative multi-casting on [225.0.0.222:34997]...
JobSystem: Creating JobQueue using job-worker-count value 11
Input System module state changed to: Initialized.
[Physics::Module] Initialized fallback backend.
[Physics::Module] Id: 0xdecafbad
Library Redirect Path: Library/
[Physics::Module] Selected backend.
[Physics::Module] Name: PhysX
[Physics::Module] Id: 0xf2b8ea05
[Physics::Module] SDK Version: 4.1.2
[Physics::Module] Integration Version: 1.0.0
[Physics::Module] Threading Mode: Multi-Threaded
Refreshing native plugins compatible for Editor in 4.40 ms, found 4 plugins.
Preloading 0 native plugins for Editor in 0.00 ms.
Initialize engine version: 6000.3.11f1 (3000ef702840)
[Subsystems] Discovering subsystems at path E:/unity/6000.3.11f1/Editor/Data/Resources/UnitySubsystems
[Subsystems] Discovering subsystems at path C:/Users/User/Desktop/COM ANI REAL PROJECT/com_ani_final_project/Assets
GfxDevice: creating device client; kGfxThreadingModeNonThreaded
Direct3D:
    Version:  Direct3D 11.0 [level 11.1]
    Renderer: NVIDIA GeForce RTX 3060 Ti (ID=0x2489)
    Vendor:   NVIDIA
    VRAM:     8024 MB
    Driver:   32.0.15.9621
Initialize mono
Mono path[0] = 'E:/unity/6000.3.11f1/Editor/Data/Managed'
Mono path[1] = 'E:/unity/6000.3.11f1/Editor/Data/MonoBleedingEdge/lib/mono/unityjit-win32'
Mono config path = 'E:/unity/6000.3.11f1/Editor/Data/MonoBleedingEdge/etc'
Using monoOptions --debugger-agent=transport=dt_socket,embedding=1,server=y,suspend=n,address=127.0.0.1:56592
Begin MonoManager ReloadAssembly
Registering precompiled unity dll's ...
Register platform support module: E:/unity/6000.3.11f1/Editor/Data/PlaybackEngines/WindowsStandaloneSupport/UnityEditor.WindowsStandalone.Extensions.dll
Registered in 0.001942 seconds.
- Loaded All Assemblies, in  0.367 seconds
[Licensing::Client] Error: HandshakeResponse reported an error:
	ResponseCode: 505
	ResponseStatus: Unsupported protocol version '1.18.0'.
[Licensing::Module] Error: Failed to handshake to channel: "LicenseClient-User"
[Licensing::IpcConnector] LicenseClient-User channel disconnected successfully.
[Licensing::IpcConnector] Successfully connected to: "LicenseClient-User-6000.3.11" at "2026-06-04T04:48:35.6389125Z"
Native extension for WindowsStandalone target not found
[Licensing::Client] Handshaking with LicensingClient:
  Version:                 1.18.0+23225a6
  Session Id:              2e710f529f204d869aceba65b897086a
  Correlation Id:          e34b4438216cbdb3985d0f39df6d38b7
  External correlation Id: 8342569208173287566
  Machine Id:              tnPMHDmzcJKjPDwZDg0GMR5CZ6Y=
[Licensing::Module] Successfully connected to LicensingClient on channel: "LicenseClient-User-6000.3.11" (connect: 0.00s, validation: 0.00s, handshake: 0.10s)
[Licensing::IpcConnector] Successfully connected to: "LicenseClient-User-6000.3.11-notifications" at "2026-06-04T04:48:35.739544Z"
[Licensing::Module] Licensing Background thread has ended after 1.26s
Package Manager log level set to [2]
[Package Manager] Failed to launch server process. Reason: Unity was launched with the -noUpm command-line argument
[Package Manager] Unable to send message (not connected to server process).
[Package Manager] Cannot connect to Unity Package Manager local server
ScheduleIndexationOnStartup MainProcess:False IndexOnStartup:True
Mono: successfully reloaded assembly
- Finished resetting the current domain, in  0.308 seconds
Domain Reload Profiling: 674ms
	BeginReloadAssembly (150ms)
		ExecutionOrderSort (0ms)
		DisableScriptedObjects (0ms)
		BackupInstance (0ms)
		ReleaseScriptingObjects (0ms)
		CreateAndSetChildDomain (1ms)
	RebuildCommonClasses (35ms)
	RebuildNativeTypeToScriptingClass (10ms)
	initialDomainReloadingComplete (34ms)
	LoadAllAssembliesAndSetupDomain (138ms)
		LoadAssemblies (150ms)
		RebuildTransferFunctionScriptingTraits (0ms)
		AnalyzeDomain (135ms)
			TypeCache.Refresh (133ms)
				TypeCache.ScanAssembly (120ms)
			BuildScriptInfoCaches (0ms)
			ResolveRequiredComponents (0ms)
	FinalizeReload (308ms)
		ReleaseScriptCaches (0ms)
		RebuildScriptCaches (0ms)
		SetupLoadedEditorAssemblies (275ms)
			LogAssemblyErrors (0ms)
			InitializePlatformSupportModulesInManaged (45ms)
			SetLoadedEditorAssemblies (4ms)
			BeforeProcessingInitializeOnLoad (62ms)
			ProcessInitializeOnLoadAttributes (104ms)
			ProcessInitializeOnLoadMethodAttributes (60ms)
			AfterProcessingInitializeOnLoad (0ms)
			EditorAssembliesLoaded (0ms)
		ExecutionOrderSort2 (0ms)
		AwakeInstancesAfterBackupRestoration (0ms)
========================================================================
Worker process is ready to serve import requests
Import Worker Mode flag is 0x00
Begin MonoManager ReloadAssembly
[Licensing::Client] Successfully resolved entitlement details
[Licensing::Module] License group:
  Id: 14568817533135-UnityPersXXXX
  Product: Unity Personal
  Type: Assigned
  Expiration: Unlimited
- Loaded All Assemblies, in  0.645 seconds
Refreshing native plugins compatible for Editor in 1.57 ms, found 4 plugins.
Native extension for WindowsStandalone target not found
[Package Manager] Failed to launch server process. Reason: Unity was launched with the -noUpm command-line argument
[Package Manager] Unable to send message (not connected to server process).
[Package Manager] Cannot connect to Unity Package Manager local server
[Package Manager] Failed to launch server process. Reason: Unity was launched with the -noUpm command-line argument
[Package Manager] Unable to send message (not connected to server process).
[Package Manager] Cannot connect to Unity Package Manager local server
ScheduleIndexationOnStartup MainProcess:False IndexOnStartup:True
Mono: successfully reloaded assembly
- Finished resetting the current domain, in  0.643 seconds
Domain Reload Profiling: 1284ms
	BeginReloadAssembly (156ms)
		ExecutionOrderSort (0ms)
		DisableScriptedObjects (4ms)
		BackupInstance (0ms)
		ReleaseScriptingObjects (0ms)
		CreateAndSetChildDomain (20ms)
	RebuildCommonClasses (26ms)
	RebuildNativeTypeToScriptingClass (9ms)
	initialDomainReloadingComplete (30ms)
	LoadAllAssembliesAndSetupDomain (420ms)
		LoadAssemblies (308ms)
		RebuildTransferFunctionScriptingTraits (0ms)
		AnalyzeDomain (211ms)
			TypeCache.Refresh (133ms)
				TypeCache.ScanAssembly (121ms)
			BuildScriptInfoCaches (66ms)
			ResolveRequiredComponents (7ms)
	FinalizeReload (643ms)
		ReleaseScriptCaches (0ms)
		RebuildScriptCaches (0ms)
		SetupLoadedEditorAssemblies (537ms)
			LogAssemblyErrors (0ms)
			InitializePlatformSupportModulesInManaged (1ms)
			SetLoadedEditorAssemblies (4ms)
			BeforeProcessingInitializeOnLoad (102ms)
			ProcessInitializeOnLoadAttributes (336ms)
			ProcessInitializeOnLoadMethodAttributes (92ms)
			AfterProcessingInitializeOnLoad (2ms)
			EditorAssembliesLoaded (0ms)
		ExecutionOrderSort2 (0ms)
		AwakeInstancesAfterBackupRestoration (8ms)
Launched and connected shader compiler UnityShaderCompiler.exe after 0.01 seconds
Refreshing native plugins compatible for Editor in 1.41 ms, found 4 plugins.
Preloading 0 native plugins for Editor in 0.00 ms.
Unloading 16 Unused Serialized files (Serialized files now loaded: 0)
Unloading 6921 unused Assets / (4.3 MB). Loaded Objects now: 7739.
Memory consumption went from 161.3 MB to 157.0 MB.
Total: 5.437700 ms (FindLiveObjects: 0.401900 ms CreateObjectMapping: 0.233100 ms MarkObjects: 3.442600 ms  DeleteObjects: 1.359500 ms)

========================================================================
Received Import Request.
  Time since last request: 7066.709847 seconds.
  path: Assets/34234430-8253-41fa-9d62-b661df560b76.png
  artifactKey: Guid(80be32f0408ddc6449be1a82af9e42e7) Importer(815301076,1909f56bfc062723c751e8b465ee728b)
Start importing Assets/34234430-8253-41fa-9d62-b661df560b76.png using Guid(80be32f0408ddc6449be1a82af9e42e7) Importer(815301076,1909f56bfc062723c751e8b465ee728b) (PreviewImporter) -> (artifact id: 'bbe63c6d5387c03484cee5bf2faee9e8') in 0.064309 seconds
Number of updated asset objects reloaded before import = 0Number of asset objects unloaded after import = 3

========================================================================
Received Import Request.
  Time since last request: 0.887846 seconds.
  path: Assets/34234430-8253-41fa-9d62-b661df560b76.png
  artifactKey: Guid(80be32f0408ddc6449be1a82af9e42e7) Importer(2089858483,b0f066a214c2f5e87bad3c948f4d605d)
Start importing Assets/34234430-8253-41fa-9d62-b661df560b76.png using Guid(80be32f0408ddc6449be1a82af9e42e7) Importer(2089858483,b0f066a214c2f5e87bad3c948f4d605d) (ScriptedImporter) -> (artifact id: '14135bb3732d8990884fe89f624e64e0') in 0.0910065 seconds
Number of updated asset objects reloaded before import = 0Number of asset objects unloaded after import = 3

========================================================================
Received Import Request.
  Time since last request: 498.454443 seconds.
  path: Assets/PF SET1/Scene
  artifactKey: Guid(a98d3be3e20cecd48a766b180db70fa6) Importer(815301076,1909f56bfc062723c751e8b465ee728b)
Start importing Assets/PF SET1/Scene using Guid(a98d3be3e20cecd48a766b180db70fa6) Importer(815301076,1909f56bfc062723c751e8b465ee728b) (PreviewImporter) -> (artifact id: '29d827264cb5cd49ca28940581858d95') in 0.000791 seconds
Number of updated asset objects reloaded before import = 0Number of asset objects unloaded after import = 0

========================================================================
Received Import Request.
  Time since last request: 0.030589 seconds.
  path: Assets/PF SET1/Scene/mainlevbuild.asset
  artifactKey: Guid(30a6a6d2014650c40ab1dc74ebee350b) Importer(815301076,1909f56bfc062723c751e8b465ee728b)
Start importing Assets/PF SET1/Scene/mainlevbuild.asset using Guid(30a6a6d2014650c40ab1dc74ebee350b) Importer(815301076,1909f56bfc062723c751e8b465ee728b) (PreviewImporter) -> (artifact id: 'bf6467b83b8d189a69e7cc65d5341bbb') in 0.0215486 seconds
Number of updated asset objects reloaded before import = 0Number of asset objects unloaded after import = 3

========================================================================
Received Import Request.
  Time since last request: 0.000016 seconds.
  path: Assets/PF SET1/Scene/mainlevbuild_7.asset
  artifactKey: Guid(4093227a7145b8c43891bc69cb4f0185) Importer(815301076,1909f56bfc062723c751e8b465ee728b)
Start importing Assets/PF SET1/Scene/mainlevbuild_7.asset using Guid(4093227a7145b8c43891bc69cb4f0185) Importer(815301076,1909f56bfc062723c751e8b465ee728b) (PreviewImporter) -> (artifact id: '33c0ac35417c4b24efc2c83a1e69421a') in 0.0149487 seconds
Number of updated asset objects reloaded before import = 0Number of asset objects unloaded after import = 3

========================================================================
Received Import Request.
  Time since last request: 0.000044 seconds.
  path: Assets/PF SET1/Scene/mainlevbuild_11.asset
  artifactKey: Guid(3d115e02ddd7d194b9603a0eef8e61ca) Importer(815301076,1909f56bfc062723c751e8b465ee728b)
Start importing Assets/PF SET1/Scene/mainlevbuild_11.asset using Guid(3d115e02ddd7d194b9603a0eef8e61ca) Importer(815301076,1909f56bfc062723c751e8b465ee728b) (PreviewImporter) -> (artifact id: 'b8588981ec561aced5db78242180f5e9') in 0.0164956 seconds
Number of updated asset objects reloaded before import = 0Number of asset objects unloaded after import = 3

========================================================================
Received Import Request.
  Time since last request: 0.000018 seconds.
  path: Assets/PF SET1/Scene/mainlevbuild_20.asset
  artifactKey: Guid(fdb29f45f08a63d44af98c435fde1529) Importer(815301076,1909f56bfc062723c751e8b465ee728b)
Start importing Assets/PF SET1/Scene/mainlevbuild_20.asset using Guid(fdb29f45f08a63d44af98c435fde1529) Importer(815301076,1909f56bfc062723c751e8b465ee728b) (PreviewImporter) -> (artifact id: 'a95a0772654251a1934428d8848786e5') in 0.0132783 seconds
Number of updated asset objects reloaded before import = 0Number of asset objects unloaded after import = 3

========================================================================
Received Import Request.
  Time since last request: 0.000014 seconds.
  path: Assets/PF SET1/Scene/mainlevbuild_12.asset
  artifactKey: Guid(5df4ff8046c4b3747a3a7d01c08bb4b4) Importer(815301076,1909f56bfc062723c751e8b465ee728b)
Start importing Assets/PF SET1/Scene/mainlevbuild_12.asset using Guid(5df4ff8046c4b3747a3a7d01c08bb4b4) Importer(815301076,1909f56bfc062723c751e8b465ee728b) (PreviewImporter) -> (artifact id: '910dad6abc1863eabef257fdd930944f') in 0.0157134 seconds
Number of updated asset objects reloaded before import = 0Number of asset objects unloaded after import = 3

========================================================================
Received Import Request.
  Time since last request: 0.000013 seconds.
  path: Assets/PF SET1/Scene/mainlevbuild_19.asset
  artifactKey: Guid(4b09ae852fe4b9d4784a8bc2608966ae) Importer(815301076,1909f56bfc062723c751e8b465ee728b)
Start importing Assets/PF SET1/Scene/mainlevbuild_19.asset using Guid(4b09ae852fe4b9d4784a8bc2608966ae) Importer(815301076,1909f56bfc062723c751e8b465ee728b) (PreviewImporter) -> (artifact id: 'b59f130e8cd95b00ae51c3eade4d526f') in 0.0211236 seconds
Number of updated asset objects reloaded before import = 0Number of asset objects unloaded after import = 3

========================================================================
Received Import Request.
  Time since last request: 0.000017 seconds.
  path: Assets/PF SET1/Scene/mainlevbuild_2.asset
  artifactKey: Guid(fb67f87add979774c9d9c9f43d0db203) Importer(815301076,1909f56bfc062723c751e8b465ee728b)
Start importing Assets/PF SET1/Scene/mainlevbuild_2.asset using Guid(fb67f87add979774c9d9c9f43d0db203) Importer(815301076,1909f56bfc062723c751e8b465ee728b) (PreviewImporter) -> (artifact id: '39d89a334ad2ce39102d5d199e5292c6') in 0.0159419 seconds
Number of updated asset objects reloaded before import = 0Number of asset objects unloaded after import = 3

========================================================================
Received Import Request.
  Time since last request: 0.000026 seconds.
  path: Assets/PF SET1/Scene/mainlevbuild_5.asset
  artifactKey: Guid(ae12a2e9938889a4892c75adc7979701) Importer(815301076,1909f56bfc062723c751e8b465ee728b)
Start importing Assets/PF SET1/Scene/mainlevbuild_5.asset using Guid(ae12a2e9938889a4892c75adc7979701) Importer(815301076,1909f56bfc062723c751e8b465ee728b) (PreviewImporter) -> (artifact id: '49fced64767f7e22e15417c5075c3e21') in 0.0146813 seconds
Number of updated asset objects reloaded before import = 0Number of asset objects unloaded after import = 3

========================================================================
Received Import Request.
  Time since last request: 0.000030 seconds.
  path: Assets/PF SET1/Scene/mainlevbuild_8.asset
  artifactKey: Guid(d83b205269bf1614ea738750ae73bcb4) Importer(815301076,1909f56bfc062723c751e8b465ee728b)
Start importing Assets/PF SET1/Scene/mainlevbuild_8.asset using Guid(d83b205269bf1614ea738750ae73bcb4) Importer(815301076,1909f56bfc062723c751e8b465ee728b) (PreviewImporter) -> (artifact id: 'ed081e79179ac13d672631d6ac95b522') in 0.0089484 seconds
Number of updated asset objects reloaded before import = 0Number of asset objects unloaded after import = 3

========================================================================
Received Import Request.
  Time since last request: 0.000023 seconds.
  path: Assets/PF SET1/Scene/mainlevbuild_14.asset
  artifactKey: Guid(76216052b2f46b540b664737087bdd2a) Importer(815301076,1909f56bfc062723c751e8b465ee728b)
Start importing Assets/PF SET1/Scene/mainlevbuild_14.asset using Guid(76216052b2f46b540b664737087bdd2a) Importer(815301076,1909f56bfc062723c751e8b465ee728b) (PreviewImporter) -> (artifact id: 'b54fa1deb783f2a50bf9fba93c278d7a') in 0.0129667 seconds
Number of updated asset objects reloaded before import = 0Number of asset objects unloaded after import = 3

========================================================================
Received Import Request.
  Time since last request: 0.000018 seconds.
  path: Assets/PF SET1/Scene/mainlevbuild_18.asset
  artifactKey: Guid(5ad7fa6ffa1bf8d4da6851792688bc56) Importer(815301076,1909f56bfc062723c751e8b465ee728b)
Start importing Assets/PF SET1/Scene/mainlevbuild_18.asset using Guid(5ad7fa6ffa1bf8d4da6851792688bc56) Importer(815301076,1909f56bfc062723c751e8b465ee728b) (PreviewImporter) -> (artifact id: 'c151b2adc1a5e02fb195fececc760a36') in 0.0138132 seconds
Number of updated asset objects reloaded before import = 0Number of asset objects unloaded after import = 3

========================================================================
Received Import Request.
  Time since last request: 0.000039 seconds.
  path: Assets/PF SET1/Scene/mainlevbuild_10.asset
  artifactKey: Guid(14b08c0d2891fbb40b0606cc6745196b) Importer(815301076,1909f56bfc062723c751e8b465ee728b)
Start importing Assets/PF SET1/Scene/mainlevbuild_10.asset using Guid(14b08c0d2891fbb40b0606cc6745196b) Importer(815301076,1909f56bfc062723c751e8b465ee728b) (PreviewImporter) -> (artifact id: '633aebf799e8be2587a62b8b7ab0a4fb') in 0.0165748 seconds
Number of updated asset objects reloaded before import = 0Number of asset objects unloaded after import = 3

========================================================================
Received Import Request.
  Time since last request: 0.099206 seconds.
  path: Assets/PF SET1/Scene/mainlevbuild_22.asset
  artifactKey: Guid(2dd4d9b1f8171744a8023cb2603f7862) Importer(815301076,1909f56bfc062723c751e8b465ee728b)
Start importing Assets/PF SET1/Scene/mainlevbuild_22.asset using Guid(2dd4d9b1f8171744a8023cb2603f7862) Importer(815301076,1909f56bfc062723c751e8b465ee728b) (PreviewImporter) -> (artifact id: '5872c26bd48fa6bf5e2fc3b997fe01f2') in 0.0161904 seconds
Number of updated asset objects reloaded before import = 0Number of asset objects unloaded after import = 3

========================================================================
Received Import Request.
  Time since last request: 0.000014 seconds.
  path: Assets/PF SET1/Scene/mainlevbuild_25.asset
  artifactKey: Guid(a1b21181d1fab3c4caa31dbda9ed468b) Importer(815301076,1909f56bfc062723c751e8b465ee728b)
Start importing Assets/PF SET1/Scene/mainlevbuild_25.asset using Guid(a1b21181d1fab3c4caa31dbda9ed468b) Importer(815301076,1909f56bfc062723c751e8b465ee728b) (PreviewImporter) -> (artifact id: '8cf76100ee2a79fd98662fe1e04a18b7') in 0.0143696 seconds
Number of updated asset objects reloaded before import = 0Number of asset objects unloaded after import = 3

========================================================================
Received Import Request.
  Time since last request: 0.000030 seconds.
  path: Assets/PF SET1/Scene/mainlevbuild_27.asset
  artifactKey: Guid(9d0f8e1a255c01e4cba338e1deb39416) Importer(815301076,1909f56bfc062723c751e8b465ee728b)
Start importing Assets/PF SET1/Scene/mainlevbuild_27.asset using Guid(9d0f8e1a255c01e4cba338e1deb39416) Importer(815301076,1909f56bfc062723c751e8b465ee728b) (PreviewImporter) -> (artifact id: 'b0ec3703fbf6abf954ccba8a99b368dc') in 0.0141346 seconds
Number of updated asset objects reloaded before import = 0Number of asset objects unloaded after import = 3

========================================================================
Received Import Request.
  Time since last request: 0.006220 seconds.
  path: Assets/PF SET1/Scene/mainlevbuild_28.asset
  artifactKey: Guid(ae8666d40312fa24f850896622bf5104) Importer(815301076,1909f56bfc062723c751e8b465ee728b)
Start importing Assets/PF SET1/Scene/mainlevbuild_28.asset using Guid(ae8666d40312fa24f850896622bf5104) Importer(815301076,1909f56bfc062723c751e8b465ee728b) (PreviewImporter) -> (artifact id: '9f2c0fe3eea51b1f721d4a0eff5bb7ce') in 0.0144541 seconds
Number of updated asset objects reloaded before import = 0Number of asset objects unloaded after import = 3

========================================================================
Received Import Request.
  Time since last request: 0.000028 seconds.
  path: Assets/PF SET1/Scene/mainlevbuild_32.asset
  artifactKey: Guid(b409c7088a0052846973dbf32cc8ed2b) Importer(815301076,1909f56bfc062723c751e8b465ee728b)
Start importing Assets/PF SET1/Scene/mainlevbuild_32.asset using Guid(b409c7088a0052846973dbf32cc8ed2b) Importer(815301076,1909f56bfc062723c751e8b465ee728b) (PreviewImporter) -> (artifact id: 'ec8f75a0b81d7eadfb10f419c1bcdce3') in 0.0333948 seconds
Number of updated asset objects reloaded before import = 0Number of asset objects unloaded after import = 3

========================================================================
Received Import Request.
  Time since last request: 0.000018 seconds.
  path: Assets/PF SET1/Scene/mainlevbuild_34.asset
  artifactKey: Guid(67c27106c18d51841a3402e685a0f29a) Importer(815301076,1909f56bfc062723c751e8b465ee728b)
Start importing Assets/PF SET1/Scene/mainlevbuild_34.asset using Guid(67c27106c18d51841a3402e685a0f29a) Importer(815301076,1909f56bfc062723c751e8b465ee728b) (PreviewImporter) -> (artifact id: 'ab3384a55b8218b94dcf93b0a87f35f9') in 0.0141619 seconds
Number of updated asset objects reloaded before import = 0Number of asset objects unloaded after import = 3

========================================================================
Received Import Request.
  Time since last request: 0.000032 seconds.
  path: Assets/PF SET1/Scene/mainlevbuild_36.asset
  artifactKey: Guid(7204b02d2b41f9d468cda8ba6b107a5c) Importer(815301076,1909f56bfc062723c751e8b465ee728b)
Start importing Assets/PF SET1/Scene/mainlevbuild_36.asset using Guid(7204b02d2b41f9d468cda8ba6b107a5c) Importer(815301076,1909f56bfc062723c751e8b465ee728b) (PreviewImporter) -> (artifact id: '74355eed2725900e4a375fb1a09eb1c8') in 0.0170316 seconds
Number of updated asset objects reloaded before import = 0Number of asset objects unloaded after import = 3

========================================================================
Received Import Request.
  Time since last request: 0.000019 seconds.
  path: Assets/PF SET1/Scene/mainlevbuild_38.asset
  artifactKey: Guid(52022902269027144bb9857420388d45) Importer(815301076,1909f56bfc062723c751e8b465ee728b)
Start importing Assets/PF SET1/Scene/mainlevbuild_38.asset using Guid(52022902269027144bb9857420388d45) Importer(815301076,1909f56bfc062723c751e8b465ee728b) (PreviewImporter) -> (artifact id: '6f617f5a7250861335cfdaa0619ee82e') in 0.0128672 seconds
Number of updated asset objects reloaded before import = 0Number of asset objects unloaded after import = 3

========================================================================
Received Import Request.
  Time since last request: 0.000015 seconds.
  path: Assets/PF SET1/Scene/mainlevbuild_40.asset
  artifactKey: Guid(b2eccbacd7b125f4e9394b341f4dd4b8) Importer(815301076,1909f56bfc062723c751e8b465ee728b)
Start importing Assets/PF SET1/Scene/mainlevbuild_40.asset using Guid(b2eccbacd7b125f4e9394b341f4dd4b8) Importer(815301076,1909f56bfc062723c751e8b465ee728b) (PreviewImporter) -> (artifact id: '8834f9686bf9deb653af73f7f10671e4') in 0.0123027 seconds
Number of updated asset objects reloaded before import = 0Number of asset objects unloaded after import = 3

========================================================================
Received Import Request.
  Time since last request: 0.000013 seconds.
  path: Assets/PF SET1/Scene/mainlevbuild_41.asset
  artifactKey: Guid(0ba64120578b8be4e912ba4a50ea47f3) Importer(815301076,1909f56bfc062723c751e8b465ee728b)
Start importing Assets/PF SET1/Scene/mainlevbuild_41.asset using Guid(0ba64120578b8be4e912ba4a50ea47f3) Importer(815301076,1909f56bfc062723c751e8b465ee728b) (PreviewImporter) -> (artifact id: 'ff7d826a92edc4ae77cea01b213fa6db') in 0.0142893 seconds
Number of updated asset objects reloaded before import = 0Number of asset objects unloaded after import = 3

========================================================================
Received Import Request.
  Time since last request: 0.143521 seconds.
  path: Assets/PF SET1/Scene/mainlevbuild_42.asset
  artifactKey: Guid(8e5875b71ae23a146a23529f5b253cad) Importer(815301076,1909f56bfc062723c751e8b465ee728b)
Start importing Assets/PF SET1/Scene/mainlevbuild_42.asset using Guid(8e5875b71ae23a146a23529f5b253cad) Importer(815301076,1909f56bfc062723c751e8b465ee728b) (PreviewImporter) -> (artifact id: '98d62ac7af10e03b2a10f1000e858310') in 0.0130029 seconds
Number of updated asset objects reloaded before import = 0Number of asset objects unloaded after import = 3

========================================================================
Received Import Request.
  Time since last request: 0.000015 seconds.
  path: Assets/PF SET1/Scene/mainlevbuild_45.asset
  artifactKey: Guid(11eab7d81ae7043428aa5a4e8f241608) Importer(815301076,1909f56bfc062723c751e8b465ee728b)
Start importing Assets/PF SET1/Scene/mainlevbuild_45.asset using Guid(11eab7d81ae7043428aa5a4e8f241608) Importer(815301076,1909f56bfc062723c751e8b465ee728b) (PreviewImporter) -> (artifact id: '347c8dde3e74d4bdc58ee91a62a93e57') in 0.0137543 seconds
Number of updated asset objects reloaded before import = 0Number of asset objects unloaded after import = 3

========================================================================
Received Import Request.
  Time since last request: 0.075919 seconds.
  path: Assets/PF SET1/Scene/mainlevbuild_46.asset
  artifactKey: Guid(cf2308f0d93602d48a7677d912e5c596) Importer(815301076,1909f56bfc062723c751e8b465ee728b)
Start importing Assets/PF SET1/Scene/mainlevbuild_46.asset using Guid(cf2308f0d93602d48a7677d912e5c596) Importer(815301076,1909f56bfc062723c751e8b465ee728b) (PreviewImporter) -> (artifact id: 'c8383be70fce3a0977c77dc834ba8f5b') in 0.0144115 seconds
Number of updated asset objects reloaded before import = 0Number of asset objects unloaded after import = 3

========================================================================
Received Import Request.
  Time since last request: 0.000018 seconds.
  path: Assets/PF SET1/Scene/mainlevbuild_48.asset
  artifactKey: Guid(bfbd87a26669ed64fbd577115c3d9eb8) Importer(815301076,1909f56bfc062723c751e8b465ee728b)
Start importing Assets/PF SET1/Scene/mainlevbuild_48.asset using Guid(bfbd87a26669ed64fbd577115c3d9eb8) Importer(815301076,1909f56bfc062723c751e8b465ee728b) (PreviewImporter) -> (artifact id: '3fa664325e230e7607d1dbc993e6a307') in 0.0132296 seconds
Number of updated asset objects reloaded before import = 0Number of asset objects unloaded after import = 3

========================================================================
Received Import Request.
  Time since last request: 0.000013 seconds.
  path: Assets/PF SET1/Scene/mainlevbuild_50.asset
  artifactKey: Guid(1a8f6cb7f26bbef4ba42323de1a7ce2c) Importer(815301076,1909f56bfc062723c751e8b465ee728b)
Start importing Assets/PF SET1/Scene/mainlevbuild_50.asset using Guid(1a8f6cb7f26bbef4ba42323de1a7ce2c) Importer(815301076,1909f56bfc062723c751e8b465ee728b) (PreviewImporter) -> (artifact id: 'd76711c7f45253ab0bbad5366cfc307c') in 0.0121181 seconds
Number of updated asset objects reloaded before import = 0Number of asset objects unloaded after import = 3

========================================================================
Received Import Request.
  Time since last request: 0.000026 seconds.
  path: Assets/PF SET1/Scene/mainlevbuild_52.asset
  artifactKey: Guid(9126ebd4b15289748b70d1597ab346a2) Importer(815301076,1909f56bfc062723c751e8b465ee728b)
Start importing Assets/PF SET1/Scene/mainlevbuild_52.asset using Guid(9126ebd4b15289748b70d1597ab346a2) Importer(815301076,1909f56bfc062723c751e8b465ee728b) (PreviewImporter) -> (artifact id: 'ef598d17145d22c88118c0485bd3bd5a') in 0.0132361 seconds
Number of updated asset objects reloaded before import = 0Number of asset objects unloaded after import = 3

========================================================================
Received Import Request.
  Time since last request: 0.000028 seconds.
  path: Assets/PF SET1/Scene/mainlevbuild_54.asset
  artifactKey: Guid(22d7df65034aa4449828702cbf7aba82) Importer(815301076,1909f56bfc062723c751e8b465ee728b)
Start importing Assets/PF SET1/Scene/mainlevbuild_54.asset using Guid(22d7df65034aa4449828702cbf7aba82) Importer(815301076,1909f56bfc062723c751e8b465ee728b) (PreviewImporter) -> (artifact id: '5d3fddf17ab3f251b5493bb69df96966') in 0.0140927 seconds
Number of updated asset objects reloaded before import = 0Number of asset objects unloaded after import = 3

========================================================================
Received Import Request.
  Time since last request: 0.000011 seconds.
  path: Assets/PF SET1/Scene/mainlevbuild_55.asset
  artifactKey: Guid(ec4b3809b85129144a0bb54a5fb0954f) Importer(815301076,1909f56bfc062723c751e8b465ee728b)
Start importing Assets/PF SET1/Scene/mainlevbuild_55.asset using Guid(ec4b3809b85129144a0bb54a5fb0954f) Importer(815301076,1909f56bfc062723c751e8b465ee728b) (PreviewImporter) -> (artifact id: '2d2ab7044a2210b8a18a013d0394723d') in 0.0150206 seconds
Number of updated asset objects reloaded before import = 0Number of asset objects unloaded after import = 3

========================================================================
Received Import Request.
  Time since last request: 0.000014 seconds.
  path: Assets/PF SET1/Scene/mainlevbuild_58.asset
  artifactKey: Guid(b0024f7c22eabf04e9118bae638ea383) Importer(815301076,1909f56bfc062723c751e8b465ee728b)
Start importing Assets/PF SET1/Scene/mainlevbuild_58.asset using Guid(b0024f7c22eabf04e9118bae638ea383) Importer(815301076,1909f56bfc062723c751e8b465ee728b) (PreviewImporter) -> (artifact id: '5a339622c956e3a6a9036cf501fbba5d') in 0.013085 seconds
Number of updated asset objects reloaded before import = 0Number of asset objects unloaded after import = 3

========================================================================
Received Import Request.
  Time since last request: 0.000012 seconds.
  path: Assets/PF SET1/Scene/mainlevbuild_60.asset
  artifactKey: Guid(779b875f43a65a142924103809bc014a) Importer(815301076,1909f56bfc062723c751e8b465ee728b)
Start importing Assets/PF SET1/Scene/mainlevbuild_60.asset using Guid(779b875f43a65a142924103809bc014a) Importer(815301076,1909f56bfc062723c751e8b465ee728b) (PreviewImporter) -> (artifact id: '9f57d27a400b8e03cac1e0387b2fe6bf') in 0.014049 seconds
Number of updated asset objects reloaded before import = 0Number of asset objects unloaded after import = 3

========================================================================
Received Import Request.
  Time since last request: 1.350030 seconds.
  path: Assets/PF SET1/Sliced/background_obj.png
  artifactKey: Guid(46019633fe4c3774b8dcb514cddf7796) Importer(815301076,1909f56bfc062723c751e8b465ee728b)
Start importing Assets/PF SET1/Sliced/background_obj.png using Guid(46019633fe4c3774b8dcb514cddf7796) Importer(815301076,1909f56bfc062723c751e8b465ee728b) (PreviewImporter) -> (artifact id: 'd843b1969c93878968b6f32ca893ae20') in 3.4106135 seconds
Number of updated asset objects reloaded before import = 0Number of asset objects unloaded after import = 2602

========================================================================
Received Import Request.
  Time since last request: 30.240204 seconds.
  path: Assets/PF SET1/Sliced/wood.prefab
  artifactKey: Guid(6dd752d1fc945bb42bded0a93b748271) Importer(2089858483,b0f066a214c2f5e87bad3c948f4d605d)
Start importing Assets/PF SET1/Sliced/wood.prefab using Guid(6dd752d1fc945bb42bded0a93b748271) Importer(2089858483,b0f066a214c2f5e87bad3c948f4d605d) (ScriptedImporter) -> (artifact id: '879a93a7a453cd5f47d950d76f6481b7') in 0.0255823 seconds
Number of updated asset objects reloaded before import = 0Number of asset objects unloaded after import = 10

========================================================================
Received Import Request.
  Time since last request: 10.056978 seconds.
  path: Assets/PF SET1/Sliced/decorative_obj_138.asset
  artifactKey: Guid(841788a230c4bac4485c15f35530f7ef) Importer(2089858483,b0f066a214c2f5e87bad3c948f4d605d)
Start importing Assets/PF SET1/Sliced/decorative_obj_138.asset using Guid(841788a230c4bac4485c15f35530f7ef) Importer(2089858483,b0f066a214c2f5e87bad3c948f4d605d) (ScriptedImporter) -> (artifact id: '9802a90b7c2a4147b3a91ae5b743360f') in 0.0340452 seconds
Number of updated asset objects reloaded before import = 0Number of asset objects unloaded after import = 2

========================================================================
Received Import Request.
  Time since last request: 0.000021 seconds.
  path: Assets/PF SET1/Sliced/decorative_obj_253.asset
  artifactKey: Guid(60764681825baa140aa14ca17f0ebef7) Importer(2089858483,b0f066a214c2f5e87bad3c948f4d605d)
Start importing Assets/PF SET1/Sliced/decorative_obj_253.asset using Guid(60764681825baa140aa14ca17f0ebef7) Importer(2089858483,b0f066a214c2f5e87bad3c948f4d605d) (ScriptedImporter) -> (artifact id: '34e438a1985bc4cb5262b066ac44ff0a') in 0.0124528 seconds
Number of updated asset objects reloaded before import = 0Number of asset objects unloaded after import = 2

========================================================================
Received Import Request.
  Time since last request: 0.000024 seconds.
  path: Assets/PF SET1/Sliced/decorative_obj_87.asset
  artifactKey: Guid(358dfd5d2fa82f041a78b4f8df44ed56) Importer(2089858483,b0f066a214c2f5e87bad3c948f4d605d)
Start importing Assets/PF SET1/Sliced/decorative_obj_87.asset using Guid(358dfd5d2fa82f041a78b4f8df44ed56) Importer(2089858483,b0f066a214c2f5e87bad3c948f4d605d) (ScriptedImporter) -> (artifact id: '0349e3c460a1e560ca8dde0d8d2c316a') in 0.0123202 seconds
Number of updated asset objects reloaded before import = 0Number of asset objects unloaded after import = 2

========================================================================
Received Import Request.
  Time since last request: 0.000013 seconds.
  path: Assets/PF SET1/Sliced/decorative_obj_112.asset
  artifactKey: Guid(e81fb4e8d834d3049a5462be8501de97) Importer(2089858483,b0f066a214c2f5e87bad3c948f4d605d)
Start importing Assets/PF SET1/Sliced/decorative_obj_112.asset using Guid(e81fb4e8d834d3049a5462be8501de97) Importer(2089858483,b0f066a214c2f5e87bad3c948f4d605d) (ScriptedImporter) -> (artifact id: '35bd27a48c2035412a621c39c9a230d5') in 0.0130895 seconds
Number of updated asset objects reloaded before import = 0Number of asset objects unloaded after import = 2

========================================================================
Received Import Request.
  Time since last request: 0.000027 seconds.
  path: Assets/PF SET1/Sliced/decorative_obj_675.asset
  artifactKey: Guid(30327611947e2b64a8e54b9e15238aab) Importer(2089858483,b0f066a214c2f5e87bad3c948f4d605d)
Start importing Assets/PF SET1/Sliced/decorative_obj_675.asset using Guid(30327611947e2b64a8e54b9e15238aab) Importer(2089858483,b0f066a214c2f5e87bad3c948f4d605d) (ScriptedImporter) -> (artifact id: 'b03b0915f0258282705ec2973ea6024e') in 0.013328 seconds
Number of updated asset objects reloaded before import = 0Number of asset objects unloaded after import = 2

========================================================================
Received Import Request.
  Time since last request: 0.000016 seconds.
  path: Assets/PF SET1/Sliced/decorative_obj_298.asset
  artifactKey: Guid(7513867a6183f4042a199376a96492bc) Importer(2089858483,b0f066a214c2f5e87bad3c948f4d605d)
Start importing Assets/PF SET1/Sliced/decorative_obj_298.asset using Guid(7513867a6183f4042a199376a96492bc) Importer(2089858483,b0f066a214c2f5e87bad3c948f4d605d) (ScriptedImporter) -> (artifact id: 'ee6d7562cdbeb2f7544012d90b20db6f') in 0.0115229 seconds
Number of updated asset objects reloaded before import = 0Number of asset objects unloaded after import = 2

========================================================================
Received Import Request.
  Time since last request: 0.000028 seconds.
  path: Assets/PF SET1/Sliced/decorative_obj_306.asset
  artifactKey: Guid(85ddc7a82a17fbc418e719fa658c67ab) Importer(2089858483,b0f066a214c2f5e87bad3c948f4d605d)
Start importing Assets/PF SET1/Sliced/decorative_obj_306.asset using Guid(85ddc7a82a17fbc418e719fa658c67ab) Importer(2089858483,b0f066a214c2f5e87bad3c948f4d605d) (ScriptedImporter) -> (artifact id: '8770bdc135facd17b21b4e5e547b5ce2') in 0.0130342 seconds
Number of updated asset objects reloaded before import = 0Number of asset objects unloaded after import = 2

========================================================================
Received Import Request.
  Time since last request: 0.000014 seconds.
  path: Assets/PF SET1/Sliced/decorative_obj_287.asset
  artifactKey: Guid(e3fef748e335dac4c809070fc4277900) Importer(2089858483,b0f066a214c2f5e87bad3c948f4d605d)
Start importing Assets/PF SET1/Sliced/decorative_obj_287.asset using Guid(e3fef748e335dac4c809070fc4277900) Importer(2089858483,b0f066a214c2f5e87bad3c948f4d605d) (ScriptedImporter) -> (artifact id: '0740005237c1296c9dd21c605c86b1be') in 0.0127892 seconds
Number of updated asset objects reloaded before import = 0Number of asset objects unloaded after import = 2

========================================================================
Received Import Request.
  Time since last request: 0.000010 seconds.
  path: Assets/PF SET1/Sliced/decorative_obj_902.asset
  artifactKey: Guid(efbdf958dbbd15646b974e0cda97c0be) Importer(2089858483,b0f066a214c2f5e87bad3c948f4d605d)
Start importing Assets/PF SET1/Sliced/decorative_obj_902.asset using Guid(efbdf958dbbd15646b974e0cda97c0be) Importer(2089858483,b0f066a214c2f5e87bad3c948f4d605d) (ScriptedImporter) -> (artifact id: 'bd44b898789446083997e3ac22b4182c') in 0.0119248 seconds
Number of updated asset objects reloaded before import = 0Number of asset objects unloaded after import = 2

========================================================================
Received Import Request.
  Time since last request: 0.000016 seconds.
  path: Assets/PF SET1/Sliced/decorative_obj_718.asset
  artifactKey: Guid(fb54b92d456623b4b97d87e137266a6f) Importer(2089858483,b0f066a214c2f5e87bad3c948f4d605d)
Start importing Assets/PF SET1/Sliced/decorative_obj_718.asset using Guid(fb54b92d456623b4b97d87e137266a6f) Importer(2089858483,b0f066a214c2f5e87bad3c948f4d605d) (ScriptedImporter) -> (artifact id: 'a93d48cae192684a2e37a56fbffbebea') in 0.0134872 seconds
Number of updated asset objects reloaded before import = 0Number of asset objects unloaded after import = 2

========================================================================
Received Import Request.
  Time since last request: 0.000019 seconds.
  path: Assets/PF SET1/Sliced/decorative_obj_828.asset
  artifactKey: Guid(59dde5d5b5b3a464a816e1d7d999ea62) Importer(2089858483,b0f066a214c2f5e87bad3c948f4d605d)
Start importing Assets/PF SET1/Sliced/decorative_obj_828.asset using Guid(59dde5d5b5b3a464a816e1d7d999ea62) Importer(2089858483,b0f066a214c2f5e87bad3c948f4d605d) (ScriptedImporter) -> (artifact id: '43f8b6cfb38767a3d0bff832c7e1b082') in 0.0122766 seconds
Number of updated asset objects reloaded before import = 0Number of asset objects unloaded after import = 2

========================================================================
Received Import Request.
  Time since last request: 0.000013 seconds.
  path: Assets/PF SET1/Sliced/decorative_obj_142.asset
  artifactKey: Guid(50cf5894aa405194ca94753c27784151) Importer(2089858483,b0f066a214c2f5e87bad3c948f4d605d)
Start importing Assets/PF SET1/Sliced/decorative_obj_142.asset using Guid(50cf5894aa405194ca94753c27784151) Importer(2089858483,b0f066a214c2f5e87bad3c948f4d605d) (ScriptedImporter) -> (artifact id: 'abee63d11d035617bca63f09fb839d5d') in 0.0128875 seconds
Number of updated asset objects reloaded before import = 0Number of asset objects unloaded after import = 2

========================================================================
Received Import Request.
  Time since last request: 0.000018 seconds.
  path: Assets/PF SET1/Sliced/decorative_obj_862.asset
  artifactKey: Guid(60619a4eddbeeda49a8b22b10ff68e02) Importer(2089858483,b0f066a214c2f5e87bad3c948f4d605d)
Start importing Assets/PF SET1/Sliced/decorative_obj_862.asset using Guid(60619a4eddbeeda49a8b22b10ff68e02) Importer(2089858483,b0f066a214c2f5e87bad3c948f4d605d) (ScriptedImporter) -> (artifact id: 'df6d61754f3a3e286e951718c9331878') in 0.0131225 seconds
Number of updated asset objects reloaded before import = 0Number of asset objects unloaded after import = 2

========================================================================
Received Import Request.
  Time since last request: 0.000025 seconds.
  path: Assets/PF SET1/Sliced/decorative_obj_666.asset
  artifactKey: Guid(e128494d86ef40c4a948b65d732595eb) Importer(2089858483,b0f066a214c2f5e87bad3c948f4d605d)
Start importing Assets/PF SET1/Sliced/decorative_obj_666.asset using Guid(e128494d86ef40c4a948b65d732595eb) Importer(2089858483,b0f066a214c2f5e87bad3c948f4d605d) (ScriptedImporter) -> (artifact id: '8019ca61572e97bd091b615f012ab8ee') in 0.012165 seconds
Number of updated asset objects reloaded before import = 0Number of asset objects unloaded after import = 2

========================================================================
Received Import Request.
  Time since last request: 0.000021 seconds.
  path: Assets/PF SET1/Sliced/decorative_obj_307.asset
  artifactKey: Guid(f13ec25d66e03344690ddd4f7b9fa3b2) Importer(2089858483,b0f066a214c2f5e87bad3c948f4d605d)
Start importing Assets/PF SET1/Sliced/decorative_obj_307.asset using Guid(f13ec25d66e03344690ddd4f7b9fa3b2) Importer(2089858483,b0f066a214c2f5e87bad3c948f4d605d) (ScriptedImporter) -> (artifact id: '9348d25224dace141a87c0244c202b10') in 0.0125631 seconds
Number of updated asset objects reloaded before import = 0Number of asset objects unloaded after import = 2

========================================================================
Received Import Request.
  Time since last request: 0.000028 seconds.
  path: Assets/PF SET1/Sliced/decorative_obj_141.asset
  artifactKey: Guid(7e814fde9e08475448786f6dd0a41dd4) Importer(2089858483,b0f066a214c2f5e87bad3c948f4d605d)
Start importing Assets/PF SET1/Sliced/decorative_obj_141.asset using Guid(7e814fde9e08475448786f6dd0a41dd4) Importer(2089858483,b0f066a214c2f5e87bad3c948f4d605d) (ScriptedImporter) -> (artifact id: 'e1a7a60b35089f0e6a6764aff68cecef') in 0.0119766 seconds
Number of updated asset objects reloaded before import = 0Number of asset objects unloaded after import = 2

========================================================================
Received Import Request.
  Time since last request: 0.000009 seconds.
  path: Assets/PF SET1/Sliced/decorative_obj_810.asset
  artifactKey: Guid(a23a1fd3b5f3c864490c8c707df8b6f9) Importer(2089858483,b0f066a214c2f5e87bad3c948f4d605d)
Start importing Assets/PF SET1/Sliced/decorative_obj_810.asset using Guid(a23a1fd3b5f3c864490c8c707df8b6f9) Importer(2089858483,b0f066a214c2f5e87bad3c948f4d605d) (ScriptedImporter) -> (artifact id: 'fe2ba21dd1811a5cc25d217ae7f67a26') in 0.0095278 seconds
Number of updated asset objects reloaded before import = 0Number of asset objects unloaded after import = 2

========================================================================
Received Import Request.
  Time since last request: 0.000013 seconds.
  path: Assets/PF SET1/Sliced/decorative_obj_944.asset
  artifactKey: Guid(97ea9708a1bd1f3468a50a5931ad1404) Importer(2089858483,b0f066a214c2f5e87bad3c948f4d605d)
Start importing Assets/PF SET1/Sliced/decorative_obj_944.asset using Guid(97ea9708a1bd1f3468a50a5931ad1404) Importer(2089858483,b0f066a214c2f5e87bad3c948f4d605d) (ScriptedImporter) -> (artifact id: 'af33cca5992ae9fc83ff9e0820b219d4') in 0.0112786 seconds
Number of updated asset objects reloaded before import = 0Number of asset objects unloaded after import = 2

========================================================================
Received Import Request.
  Time since last request: 0.000017 seconds.
  path: Assets/PF SET1/Sliced/decorative_obj_168.asset
  artifactKey: Guid(238ff2cd14f841a40b3263b77789b746) Importer(2089858483,b0f066a214c2f5e87bad3c948f4d605d)
Start importing Assets/PF SET1/Sliced/decorative_obj_168.asset using Guid(238ff2cd14f841a40b3263b77789b746) Importer(2089858483,b0f066a214c2f5e87bad3c948f4d605d) (ScriptedImporter) -> (artifact id: 'd6f1bc895f29d7cc907dd527cd064529') in 0.0118151 seconds
Number of updated asset objects reloaded before import = 0Number of asset objects unloaded after import = 2

========================================================================
Received Import Request.
  Time since last request: 0.000015 seconds.
  path: Assets/PF SET1/Sliced/decorative_obj_97.asset
  artifactKey: Guid(f574f338e25016b4fa97479f8cbd0025) Importer(2089858483,b0f066a214c2f5e87bad3c948f4d605d)
Start importing Assets/PF SET1/Sliced/decorative_obj_97.asset using Guid(f574f338e25016b4fa97479f8cbd0025) Importer(2089858483,b0f066a214c2f5e87bad3c948f4d605d) (ScriptedImporter) -> (artifact id: 'a2904d292137a708f72a5f389bcf79c1') in 0.0096126 seconds
Number of updated asset objects reloaded before import = 0Number of asset objects unloaded after import = 2

========================================================================
Received Import Request.
  Time since last request: 0.000013 seconds.
  path: Assets/PF SET1/Sliced/decorative_obj_343.asset
  artifactKey: Guid(cb906ae60b6c53140b6742618c266aad) Importer(2089858483,b0f066a214c2f5e87bad3c948f4d605d)
Start importing Assets/PF SET1/Sliced/decorative_obj_343.asset using Guid(cb906ae60b6c53140b6742618c266aad) Importer(2089858483,b0f066a214c2f5e87bad3c948f4d605d) (ScriptedImporter) -> (artifact id: '09a77419b5ec7e030bc53f779ac37e26') in 0.0099641 seconds
Number of updated asset objects reloaded before import = 0Number of asset objects unloaded after import = 2

========================================================================
Received Import Request.
  Time since last request: 0.000011 seconds.
  path: Assets/PF SET1/Sliced/decorative_obj_249.asset
  artifactKey: Guid(6b0e2f24c9484b647a80b88db18cc84e) Importer(2089858483,b0f066a214c2f5e87bad3c948f4d605d)
Start importing Assets/PF SET1/Sliced/decorative_obj_249.asset using Guid(6b0e2f24c9484b647a80b88db18cc84e) Importer(2089858483,b0f066a214c2f5e87bad3c948f4d605d) (ScriptedImporter) -> (artifact id: '1cd44e25ccc1399bac625dab476e0aca') in 0.0114327 seconds
Number of updated asset objects reloaded before import = 0Number of asset objects unloaded after import = 2

========================================================================
Received Import Request.
  Time since last request: 0.000023 seconds.
  path: Assets/PF SET1/Sliced/decorative_obj_520.asset
  artifactKey: Guid(44e02e41a1fc56145af92c9591199999) Importer(2089858483,b0f066a214c2f5e87bad3c948f4d605d)
Start importing Assets/PF SET1/Sliced/decorative_obj_520.asset using Guid(44e02e41a1fc56145af92c9591199999) Importer(2089858483,b0f066a214c2f5e87bad3c948f4d605d) (ScriptedImporter) -> (artifact id: '5dea72528c384af25d1aff8bfd618b12') in 0.0119223 seconds
Number of updated asset objects reloaded before import = 0Number of asset objects unloaded after import = 2

========================================================================
Received Import Request.
  Time since last request: 0.000010 seconds.
  path: Assets/PF SET1/Sliced/decorative_obj_848.asset
  artifactKey: Guid(e9aa96588de89234e955e0bbd84249de) Importer(2089858483,b0f066a214c2f5e87bad3c948f4d605d)
Start importing Assets/PF SET1/Sliced/decorative_obj_848.asset using Guid(e9aa96588de89234e955e0bbd84249de) Importer(2089858483,b0f066a214c2f5e87bad3c948f4d605d) (ScriptedImporter) -> (artifact id: '0d228daac6370626fc1751fd54d8870e') in 0.0123923 seconds
Number of updated asset objects reloaded before import = 0Number of asset objects unloaded after import = 2

========================================================================
Received Import Request.
  Time since last request: 0.000015 seconds.
  path: Assets/PF SET1/Sliced/decorative_obj_294.asset
  artifactKey: Guid(6aea4faf9eca9f14a85037ea3c3daa2e) Importer(2089858483,b0f066a214c2f5e87bad3c948f4d605d)
Start importing Assets/PF SET1/Sliced/decorative_obj_294.asset using Guid(6aea4faf9eca9f14a85037ea3c3daa2e) Importer(2089858483,b0f066a214c2f5e87bad3c948f4d605d) (ScriptedImporter) -> (artifact id: '01591fb8630bf46052f3c0dac0680a46') in 0.0116814 seconds
Number of updated asset objects reloaded before import = 0Number of asset objects unloaded after import = 2

========================================================================
Received Import Request.
  Time since last request: 0.000013 seconds.
  path: Assets/PF SET1/Sliced/decorative_obj_161.asset
  artifactKey: Guid(3e521ac0084d3a84cb8b9887cb99885b) Importer(2089858483,b0f066a214c2f5e87bad3c948f4d605d)
Start importing Assets/PF SET1/Sliced/decorative_obj_161.asset using Guid(3e521ac0084d3a84cb8b9887cb99885b) Importer(2089858483,b0f066a214c2f5e87bad3c948f4d605d) (ScriptedImporter) -> (artifact id: 'ee37d4f49e982c20886d62895c4e8a5a') in 0.0118373 seconds
Number of updated asset objects reloaded before import = 0Number of asset objects unloaded after import = 2

========================================================================
Received Import Request.
  Time since last request: 0.000025 seconds.
  path: Assets/PF SET1/Sliced/decorative_obj_908.asset
  artifactKey: Guid(9b75f7991f07ac848a9e7fe11931b2cc) Importer(2089858483,b0f066a214c2f5e87bad3c948f4d605d)
Start importing Assets/PF SET1/Sliced/decorative_obj_908.asset using Guid(9b75f7991f07ac848a9e7fe11931b2cc) Importer(2089858483,b0f066a214c2f5e87bad3c948f4d605d) (ScriptedImporter) -> (artifact id: 'a873d91e0b32b5b177f6beaeabd02b0d') in 0.0112036 seconds
Number of updated asset objects reloaded before import = 0Number of asset objects unloaded after import = 2

========================================================================
Received Import Request.
  Time since last request: 0.000029 seconds.
  path: Assets/PF SET1/Sliced/decorative_obj_733.asset
  artifactKey: Guid(8ddfef8a6d8285f459c30698d8793711) Importer(2089858483,b0f066a214c2f5e87bad3c948f4d605d)
Start importing Assets/PF SET1/Sliced/decorative_obj_733.asset using Guid(8ddfef8a6d8285f459c30698d8793711) Importer(2089858483,b0f066a214c2f5e87bad3c948f4d605d) (ScriptedImporter) -> (artifact id: 'f48e0255c76421d2143b9ac0aed41d34') in 0.0125505 seconds
Number of updated asset objects reloaded before import = 0Number of asset objects unloaded after import = 2

========================================================================
Received Import Request.
  Time since last request: 0.000011 seconds.
  path: Assets/PF SET1/Sliced/decorative_obj_290.asset
  artifactKey: Guid(caaa269caa8f5034e9afb74158ad18c2) Importer(2089858483,b0f066a214c2f5e87bad3c948f4d605d)
Start importing Assets/PF SET1/Sliced/decorative_obj_290.asset using Guid(caaa269caa8f5034e9afb74158ad18c2) Importer(2089858483,b0f066a214c2f5e87bad3c948f4d605d) (ScriptedImporter) -> (artifact id: '623d27288381bfebc3aa1be6b9d40826') in 0.1086481 seconds
Number of updated asset objects reloaded before import = 0Number of asset objects unloaded after import = 2

========================================================================
Received Import Request.
  Time since last request: 0.000013 seconds.
  path: Assets/PF SET1/Sliced/decorative_obj_381.asset
  artifactKey: Guid(f97b65dfeb657184991574b608fb0afd) Importer(2089858483,b0f066a214c2f5e87bad3c948f4d605d)
Start importing Assets/PF SET1/Sliced/decorative_obj_381.asset using Guid(f97b65dfeb657184991574b608fb0afd) Importer(2089858483,b0f066a214c2f5e87bad3c948f4d605d) (ScriptedImporter) -> (artifact id: 'a356736083517bdd5def6c34ba2e2485') in 0.0093031 seconds
Number of updated asset objects reloaded before import = 0Number of asset objects unloaded after import = 2

========================================================================
Received Import Request.
  Time since last request: 0.000035 seconds.
  path: Assets/PF SET1/Sliced/decorative_obj_312.asset
  artifactKey: Guid(6fffa3caae6ff4e4b81bd13f556b667a) Importer(2089858483,b0f066a214c2f5e87bad3c948f4d605d)
Start importing Assets/PF SET1/Sliced/decorative_obj_312.asset using Guid(6fffa3caae6ff4e4b81bd13f556b667a) Importer(2089858483,b0f066a214c2f5e87bad3c948f4d605d) (ScriptedImporter) -> (artifact id: 'd66a14b661eab2e5229e8c90c518fe75') in 0.0096307 seconds
Number of updated asset objects reloaded before import = 0Number of asset objects unloaded after import = 2

========================================================================
Received Import Request.
  Time since last request: 0.000023 seconds.
  path: Assets/PF SET1/Sliced/decorative_obj_794.asset
  artifactKey: Guid(578ddd909f664a94db6d6cdbe2946d6a) Importer(2089858483,b0f066a214c2f5e87bad3c948f4d605d)
Start importing Assets/PF SET1/Sliced/decorative_obj_794.asset using Guid(578ddd909f664a94db6d6cdbe2946d6a) Importer(2089858483,b0f066a214c2f5e87bad3c948f4d605d) (ScriptedImporter) -> (artifact id: 'c658e91af95653875a15169836fb9c1e') in 0.0192867 seconds
Number of updated asset objects reloaded before import = 0Number of asset objects unloaded after import = 2

========================================================================
Received Import Request.
  Time since last request: 0.000013 seconds.
  path: Assets/PF SET1/Sliced/decorative_obj_98.asset
  artifactKey: Guid(337e106fc1b0d8d4181cf349a55aac50) Importer(2089858483,b0f066a214c2f5e87bad3c948f4d605d)
Start importing Assets/PF SET1/Sliced/decorative_obj_98.asset using Guid(337e106fc1b0d8d4181cf349a55aac50) Importer(2089858483,b0f066a214c2f5e87bad3c948f4d605d) (ScriptedImporter) -> (artifact id: 'edec73a6ab11bbe3b0f79ae4844f1ec4') in 0.0096016 seconds
Number of updated asset objects reloaded before import = 0Number of asset objects unloaded after import = 2

========================================================================
Received Import Request.
  Time since last request: 0.000017 seconds.
  path: Assets/PF SET1/Sliced/decorative_obj_726.asset
  artifactKey: Guid(480c645f11e17874981b612f6f6f7d6f) Importer(2089858483,b0f066a214c2f5e87bad3c948f4d605d)
Start importing Assets/PF SET1/Sliced/decorative_obj_726.asset using Guid(480c645f11e17874981b612f6f6f7d6f) Importer(2089858483,b0f066a214c2f5e87bad3c948f4d605d) (ScriptedImporter) -> (artifact id: 'aac45d429d1b4b050c712480b265f5e2') in 0.0119431 seconds
Number of updated asset objects reloaded before import = 0Number of asset objects unloaded after import = 2

========================================================================
Received Import Request.
  Time since last request: 0.000022 seconds.
  path: Assets/PF SET1/Sliced/decorative_obj_833.asset
  artifactKey: Guid(f6c6a3acda5113b44b3776c447bde859) Importer(2089858483,b0f066a214c2f5e87bad3c948f4d605d)
Start importing Assets/PF SET1/Sliced/decorative_obj_833.asset using Guid(f6c6a3acda5113b44b3776c447bde859) Importer(2089858483,b0f066a214c2f5e87bad3c948f4d605d) (ScriptedImporter) -> (artifact id: 'ce6de52e6e79ec123c390ff98c50296f') in 0.0695758 seconds
Number of updated asset objects reloaded before import = 0Number of asset objects unloaded after import = 2

========================================================================
Received Import Request.
  Time since last request: 0.000016 seconds.
  path: Assets/PF SET1/Sliced/decorative_obj_603.asset
  artifactKey: Guid(5f8b9495419290348870702a20222103) Importer(2089858483,b0f066a214c2f5e87bad3c948f4d605d)
Start importing Assets/PF SET1/Sliced/decorative_obj_603.asset using Guid(5f8b9495419290348870702a20222103) Importer(2089858483,b0f066a214c2f5e87bad3c948f4d605d) (ScriptedImporter) -> (artifact id: 'ea5e5a7bf83705185fdd733c10a2cddf') in 0.0129482 seconds
Number of updated asset objects reloaded before import = 0Number of asset objects unloaded after import = 2

========================================================================
Received Import Request.
  Time since last request: 0.000028 seconds.
  path: Assets/PF SET1/Sliced/decorative_obj_357.asset
  artifactKey: Guid(a14c8fd563765d1448fb344d16521897) Importer(2089858483,b0f066a214c2f5e87bad3c948f4d605d)
Start importing Assets/PF SET1/Sliced/decorative_obj_357.asset using Guid(a14c8fd563765d1448fb344d16521897) Importer(2089858483,b0f066a214c2f5e87bad3c948f4d605d) (ScriptedImporter) -> (artifact id: 'dd5c70819f0ecff27ccd73b3b17b9ab5') in 0.0096958 seconds
Number of updated asset objects reloaded before import = 0Number of asset objects unloaded after import = 2

========================================================================
Received Import Request.
  Time since last request: 0.000019 seconds.
  path: Assets/PF SET1/Sliced/decorative_obj_392.asset
  artifactKey: Guid(0f051701427168241af0ec91447a61db) Importer(2089858483,b0f066a214c2f5e87bad3c948f4d605d)
Start importing Assets/PF SET1/Sliced/decorative_obj_392.asset using Guid(0f051701427168241af0ec91447a61db) Importer(2089858483,b0f066a214c2f5e87bad3c948f4d605d) (ScriptedImporter) -> (artifact id: '322bf13f64f2ae6952b5b86efbbd965d') in 0.0141811 seconds
Number of updated asset objects reloaded before import = 0Number of asset objects unloaded after import = 2

========================================================================
Received Import Request.
  Time since last request: 0.000010 seconds.
  path: Assets/PF SET1/Sliced/decorative_obj_44.asset
  artifactKey: Guid(d6ece14b90e17854cb53e57b4a3facbc) Importer(2089858483,b0f066a214c2f5e87bad3c948f4d605d)
Start importing Assets/PF SET1/Sliced/decorative_obj_44.asset using Guid(d6ece14b90e17854cb53e57b4a3facbc) Importer(2089858483,b0f066a214c2f5e87bad3c948f4d605d) (ScriptedImporter) -> (artifact id: '8729c6c2899f70f8b176f8037b2bf8b1') in 0.0112387 seconds
Number of updated asset objects reloaded before import = 0Number of asset objects unloaded after import = 2

========================================================================
Received Import Request.
  Time since last request: 0.000016 seconds.
  path: Assets/PF SET1/Sliced/decorative_obj_565.asset
  artifactKey: Guid(c60a74be15e101741b8e94ee37a4d254) Importer(2089858483,b0f066a214c2f5e87bad3c948f4d605d)
Start importing Assets/PF SET1/Sliced/decorative_obj_565.asset using Guid(c60a74be15e101741b8e94ee37a4d254) Importer(2089858483,b0f066a214c2f5e87bad3c948f4d605d) (ScriptedImporter) -> (artifact id: 'b05e1cd4b05e122a83daff388849cf9a') in 0.0108979 seconds
Number of updated asset objects reloaded before import = 0Number of asset objects unloaded after import = 2

========================================================================
Received Import Request.
  Time since last request: 0.000016 seconds.
  path: Assets/PF SET1/Sliced/decorative_obj_935.asset
  artifactKey: Guid(88f1fe68c85198845830f7318cb5e372) Importer(2089858483,b0f066a214c2f5e87bad3c948f4d605d)
Start importing Assets/PF SET1/Sliced/decorative_obj_935.asset using Guid(88f1fe68c85198845830f7318cb5e372) Importer(2089858483,b0f066a214c2f5e87bad3c948f4d605d) (ScriptedImporter) -> (artifact id: 'c787b694b234fcdcd37380d2423f940d') in 0.0120747 seconds
Number of updated asset objects reloaded before import = 0Number of asset objects unloaded after import = 2

========================================================================
Received Import Request.
  Time since last request: 0.000039 seconds.
  path: Assets/PF SET1/Sliced/decorative_obj_173.asset
  artifactKey: Guid(0a556bc1eea266d4eb18590ad41cec4a) Importer(2089858483,b0f066a214c2f5e87bad3c948f4d605d)
Start importing Assets/PF SET1/Sliced/decorative_obj_173.asset using Guid(0a556bc1eea266d4eb18590ad41cec4a) Importer(2089858483,b0f066a214c2f5e87bad3c948f4d605d) (ScriptedImporter) -> (artifact id: 'ddb7fa2edebd81743df059bbd902dc33') in 0.0160862 seconds
Number of updated asset objects reloaded before import = 0Number of asset objects unloaded after import = 2

========================================================================
Received Import Request.
  Time since last request: 0.000019 seconds.
  path: Assets/PF SET1/Sliced/decorative_obj_738.asset
  artifactKey: Guid(c0e7953fbddb94948a3fbe52b040d8cd) Importer(2089858483,b0f066a214c2f5e87bad3c948f4d605d)
Start importing Assets/PF SET1/Sliced/decorative_obj_738.asset using Guid(c0e7953fbddb94948a3fbe52b040d8cd) Importer(2089858483,b0f066a214c2f5e87bad3c948f4d605d) (ScriptedImporter) -> (artifact id: '674f8817d0e4771bdfff8159e163c0dd') in 0.0133472 seconds
Number of updated asset objects reloaded before import = 0Number of asset objects unloaded after import = 2

========================================================================
Received Import Request.
  Time since last request: 0.000015 seconds.
  path: Assets/PF SET1/Sliced/decorative_obj_912.asset
  artifactKey: Guid(400a3aee159f295488533b9667593350) Importer(2089858483,b0f066a214c2f5e87bad3c948f4d605d)
Start importing Assets/PF SET1/Sliced/decorative_obj_912.asset using Guid(400a3aee159f295488533b9667593350) Importer(2089858483,b0f066a214c2f5e87bad3c948f4d605d) (ScriptedImporter) -> (artifact id: 'b6c55c4997b1e2861ea3908be7e46710') in 0.0131264 seconds
Number of updated asset objects reloaded before import = 0Number of asset objects unloaded after import = 2

========================================================================
Received Import Request.
  Time since last request: 0.000016 seconds.
  path: Assets/PF SET1/Sliced/decorative_obj_219.asset
  artifactKey: Guid(524e389f959a8f3479af1785901c5534) Importer(2089858483,b0f066a214c2f5e87bad3c948f4d605d)
Start importing Assets/PF SET1/Sliced/decorative_obj_219.asset using Guid(524e389f959a8f3479af1785901c5534) Importer(2089858483,b0f066a214c2f5e87bad3c948f4d605d) (ScriptedImporter) -> (artifact id: 'e6d2616a6bbda8ce1a12ea3852c0ac00') in 0.0181681 seconds
Number of updated asset objects reloaded before import = 0Number of asset objects unloaded after import = 2

========================================================================
Received Import Request.
  Time since last request: 0.000026 seconds.
  path: Assets/PF SET1/Sliced/decorative_obj_340.asset
  artifactKey: Guid(9e7eabffd40a8bd439edcf2d994c9b0a) Importer(2089858483,b0f066a214c2f5e87bad3c948f4d605d)
Start importing Assets/PF SET1/Sliced/decorative_obj_340.asset using Guid(9e7eabffd40a8bd439edcf2d994c9b0a) Importer(2089858483,b0f066a214c2f5e87bad3c948f4d605d) (ScriptedImporter) -> (artifact id: '94e168e249f09fd8ea475347033e3dc8') in 0.0110391 seconds
Number of updated asset objects reloaded before import = 0Number of asset objects unloaded after import = 2

========================================================================
Received Import Request.
  Time since last request: 0.000010 seconds.
  path: Assets/PF SET1/Sliced/decorative_obj_358.asset
  artifactKey: Guid(e1d4cd7008e64644aab50a461dfc9783) Importer(2089858483,b0f066a214c2f5e87bad3c948f4d605d)
Start importing Assets/PF SET1/Sliced/decorative_obj_358.asset using Guid(e1d4cd7008e64644aab50a461dfc9783) Importer(2089858483,b0f066a214c2f5e87bad3c948f4d605d) (ScriptedImporter) -> (artifact id: '803a2a98cb900993cbfcc588c6d01758') in 0.0109405 seconds
Number of updated asset objects reloaded before import = 0Number of asset objects unloaded after import = 2

========================================================================
Received Import Request.
  Time since last request: 0.000022 seconds.
  path: Assets/PF SET1/Sliced/decorative_obj_484.asset
  artifactKey: Guid(6e5b7a426d24fa740ac3ea8eba3ef757) Importer(2089858483,b0f066a214c2f5e87bad3c948f4d605d)
Start importing Assets/PF SET1/Sliced/decorative_obj_484.asset using Guid(6e5b7a426d24fa740ac3ea8eba3ef757) Importer(2089858483,b0f066a214c2f5e87bad3c948f4d605d) (ScriptedImporter) -> (artifact id: 'b5dc40e052e0d1ccc6a7518bc64e17f9') in 0.0123386 seconds
Number of updated asset objects reloaded before import = 0Number of asset objects unloaded after import = 2

========================================================================
Received Import Request.
  Time since last request: 0.000013 seconds.
  path: Assets/PF SET1/Sliced/decorative_obj_419.asset
  artifactKey: Guid(53594cf7941da8745b8d4ca0eef1d345) Importer(2089858483,b0f066a214c2f5e87bad3c948f4d605d)
Start importing Assets/PF SET1/Sliced/decorative_obj_419.asset using Guid(53594cf7941da8745b8d4ca0eef1d345) Importer(2089858483,b0f066a214c2f5e87bad3c948f4d605d) (ScriptedImporter) -> (artifact id: '27224365e2722108c7ac9bb521196d95') in 0.013053 seconds
Number of updated asset objects reloaded before import = 0Number of asset objects unloaded after import = 2

========================================================================
Received Import Request.
  Time since last request: 0.000017 seconds.
  path: Assets/PF SET1/Sliced/decorative_obj_67.asset
  artifactKey: Guid(93ffdcfbfec993346983a920fde7f328) Importer(2089858483,b0f066a214c2f5e87bad3c948f4d605d)
Start importing Assets/PF SET1/Sliced/decorative_obj_67.asset using Guid(93ffdcfbfec993346983a920fde7f328) Importer(2089858483,b0f066a214c2f5e87bad3c948f4d605d) (ScriptedImporter) -> (artifact id: 'c0cabfab0eb818ed16f8b6e89e5d6e17') in 0.0374393 seconds
Number of updated asset objects reloaded before import = 0Number of asset objects unloaded after import = 2

========================================================================
Received Import Request.
  Time since last request: 0.000014 seconds.
  path: Assets/PF SET1/Sliced/decorative_obj_337.asset
  artifactKey: Guid(a8c5b2f51cfbb154292d10dc4f1eb8de) Importer(2089858483,b0f066a214c2f5e87bad3c948f4d605d)
Start importing Assets/PF SET1/Sliced/decorative_obj_337.asset using Guid(a8c5b2f51cfbb154292d10dc4f1eb8de) Importer(2089858483,b0f066a214c2f5e87bad3c948f4d605d) (ScriptedImporter) -> (artifact id: '959866124530f2f2acaf18a5d3f9cf2b') in 0.0108401 seconds
Number of updated asset objects reloaded before import = 0Number of asset objects unloaded after import = 2

========================================================================
Received Import Request.
  Time since last request: 0.000016 seconds.
  path: Assets/PF SET1/Sliced/decorative_obj_18.asset
  artifactKey: Guid(0b48a97cdfd4b474e89bae3e75be5c43) Importer(2089858483,b0f066a214c2f5e87bad3c948f4d605d)
Start importing Assets/PF SET1/Sliced/decorative_obj_18.asset using Guid(0b48a97cdfd4b474e89bae3e75be5c43) Importer(2089858483,b0f066a214c2f5e87bad3c948f4d605d) (ScriptedImporter) -> (artifact id: '22f2183af05aa89a1f807f3690426de6') in 0.0169548 seconds
Number of updated asset objects reloaded before import = 0Number of asset objects unloaded after import = 2

========================================================================
Received Import Request.
  Time since last request: 0.000026 seconds.
  path: Assets/PF SET1/Sliced/decorative_obj_577.asset
  artifactKey: Guid(4d79e30e499cc354582f0f85ebce08ad) Importer(2089858483,b0f066a214c2f5e87bad3c948f4d605d)
Start importing Assets/PF SET1/Sliced/decorative_obj_577.asset using Guid(4d79e30e499cc354582f0f85ebce08ad) Importer(2089858483,b0f066a214c2f5e87bad3c948f4d605d) (ScriptedImporter) -> (artifact id: '30f31676ab4d7eeea5d3ccea704fa710') in 0.0090443 seconds
Number of updated asset objects reloaded before import = 0Number of asset objects unloaded after import = 2

========================================================================
Received Import Request.
  Time since last request: 0.000020 seconds.
  path: Assets/PF SET1/Sliced/decorative_obj_37.asset
  artifactKey: Guid(959d31ea7314e56409af076870db5d41) Importer(2089858483,b0f066a214c2f5e87bad3c948f4d605d)
Start importing Assets/PF SET1/Sliced/decorative_obj_37.asset using Guid(959d31ea7314e56409af076870db5d41) Importer(2089858483,b0f066a214c2f5e87bad3c948f4d605d) (ScriptedImporter) -> (artifact id: '69b04ec7fef0fd3c6434caeb419cecde') in 0.0201164 seconds
Number of updated asset objects reloaded before import = 0Number of asset objects unloaded after import = 2

========================================================================
Received Import Request.
  Time since last request: 0.000020 seconds.
  path: Assets/PF SET1/Sliced/decorative_obj_468.asset
  artifactKey: Guid(3f36dd0246015bc40938c40cb7965a94) Importer(2089858483,b0f066a214c2f5e87bad3c948f4d605d)
Start importing Assets/PF SET1/Sliced/decorative_obj_468.asset using Guid(3f36dd0246015bc40938c40cb7965a94) Importer(2089858483,b0f066a214c2f5e87bad3c948f4d605d) (ScriptedImporter) -> (artifact id: 'd45dc7643b445ca784b8929a22c4d777') in 0.013449 seconds
Number of updated asset objects reloaded before import = 0Number of asset objects unloaded after import = 2

========================================================================
Received Import Request.
  Time since last request: 0.000011 seconds.
  path: Assets/PF SET1/Sliced/decorative_obj_273.asset
  artifactKey: Guid(95eb1d52b47fea741ba4f21714476cba) Importer(2089858483,b0f066a214c2f5e87bad3c948f4d605d)
Start importing Assets/PF SET1/Sliced/decorative_obj_273.asset using Guid(95eb1d52b47fea741ba4f21714476cba) Importer(2089858483,b0f066a214c2f5e87bad3c948f4d605d) (ScriptedImporter) -> (artifact id: 'a97bd45793c0d47f72f455f70435caa6') in 0.0134311 seconds
Number of updated asset objects reloaded before import = 0Number of asset objects unloaded after import = 2

========================================================================
Received Import Request.
  Time since last request: 0.000029 seconds.
  path: Assets/PF SET1/Sliced/decorative_obj_499.asset
  artifactKey: Guid(ea17f1ad582771a428a2169f7405e0a3) Importer(2089858483,b0f066a214c2f5e87bad3c948f4d605d)
Start importing Assets/PF SET1/Sliced/decorative_obj_499.asset using Guid(ea17f1ad582771a428a2169f7405e0a3) Importer(2089858483,b0f066a214c2f5e87bad3c948f4d605d) (ScriptedImporter) -> (artifact id: '067bb96cfca9ccf5b19aafc9fb96b812') in 0.0144063 seconds
Number of updated asset objects reloaded before import = 0Number of asset objects unloaded after import = 2

========================================================================
Received Import Request.
  Time since last request: 0.000023 seconds.
  path: Assets/PF SET1/Sliced/decorative_obj_160.asset
  artifactKey: Guid(477aefced36e7b54fa35672000922c01) Importer(2089858483,b0f066a214c2f5e87bad3c948f4d605d)
Start importing Assets/PF SET1/Sliced/decorative_obj_160.asset using Guid(477aefced36e7b54fa35672000922c01) Importer(2089858483,b0f066a214c2f5e87bad3c948f4d605d) (ScriptedImporter) -> (artifact id: '3a2d3af8b5756949401a98780f195583') in 0.0117998 seconds
Number of updated asset objects reloaded before import = 0Number of asset objects unloaded after import = 2

========================================================================
Received Import Request.
  Time since last request: 0.000020 seconds.
  path: Assets/PF SET1/Sliced/decorative_obj_258.asset
  artifactKey: Guid(64db33b7824d66a479d4ff2469985c8a) Importer(2089858483,b0f066a214c2f5e87bad3c948f4d605d)
Start importing Assets/PF SET1/Sliced/decorative_obj_258.asset using Guid(64db33b7824d66a479d4ff2469985c8a) Importer(2089858483,b0f066a214c2f5e87bad3c948f4d605d) (ScriptedImporter) -> (artifact id: '8cd26f1f8de2795ab3e9d0cfad198f30') in 0.0241129 seconds
Number of updated asset objects reloaded before import = 0Number of asset objects unloaded after import = 2

========================================================================
Received Import Request.
  Time since last request: 0.000011 seconds.
  path: Assets/PF SET1/Sliced/decorative_obj_395.asset
  artifactKey: Guid(f8bec0b0082807f4889a4ccd12f38062) Importer(2089858483,b0f066a214c2f5e87bad3c948f4d605d)
Start importing Assets/PF SET1/Sliced/decorative_obj_395.asset using Guid(f8bec0b0082807f4889a4ccd12f38062) Importer(2089858483,b0f066a214c2f5e87bad3c948f4d605d) (ScriptedImporter) -> (artifact id: '677721b0354b99314bf7ad5aff6ff680') in 0.0129719 seconds
Number of updated asset objects reloaded before import = 0Number of asset objects unloaded after import = 2

========================================================================
Received Import Request.
  Time since last request: 0.000018 seconds.
  path: Assets/PF SET1/Sliced/decorative_obj_715.asset
  artifactKey: Guid(aa6b99411d3ef2d4ba9a1e41bb5af74a) Importer(2089858483,b0f066a214c2f5e87bad3c948f4d605d)
Start importing Assets/PF SET1/Sliced/decorative_obj_715.asset using Guid(aa6b99411d3ef2d4ba9a1e41bb5af74a) Importer(2089858483,b0f066a214c2f5e87bad3c948f4d605d) (ScriptedImporter) -> (artifact id: 'edbdc549257a48d84ef963de0b7cdd73') in 0.0114332 seconds
Number of updated asset objects reloaded before import = 0Number of asset objects unloaded after import = 2

========================================================================
Received Import Request.
  Time since last request: 0.000027 seconds.
  path: Assets/PF SET1/Sliced/decorative_obj_663.asset
  artifactKey: Guid(dba76f5949b8fe748a84f830131ba65d) Importer(2089858483,b0f066a214c2f5e87bad3c948f4d605d)
Start importing Assets/PF SET1/Sliced/decorative_obj_663.asset using Guid(dba76f5949b8fe748a84f830131ba65d) Importer(2089858483,b0f066a214c2f5e87bad3c948f4d605d) (ScriptedImporter) -> (artifact id: 'ed9e345fc891093ff7bf87d2b20ec254') in 0.0113583 seconds
Number of updated asset objects reloaded before import = 0Number of asset objects unloaded after import = 2

========================================================================
Received Import Request.
  Time since last request: 0.000016 seconds.
  path: Assets/PF SET1/Sliced/decorative_obj_396.asset
  artifactKey: Guid(cb8cfcf56fb50c84c9e055cf022ade97) Importer(2089858483,b0f066a214c2f5e87bad3c948f4d605d)
Start importing Assets/PF SET1/Sliced/decorative_obj_396.asset using Guid(cb8cfcf56fb50c84c9e055cf022ade97) Importer(2089858483,b0f066a214c2f5e87bad3c948f4d605d) (ScriptedImporter) -> (artifact id: '6a4104b8d4d41a61feb974686f857643') in 0.0114653 seconds
Number of updated asset objects reloaded before import = 0Number of asset objects unloaded after import = 2

========================================================================
Received Import Request.
  Time since last request: 0.000013 seconds.
  path: Assets/PF SET1/Sliced/decorative_obj_905.asset
  artifactKey: Guid(33aebfd7c99f0a6429b27866255a9d01) Importer(2089858483,b0f066a214c2f5e87bad3c948f4d605d)
Start importing Assets/PF SET1/Sliced/decorative_obj_905.asset using Guid(33aebfd7c99f0a6429b27866255a9d01) Importer(2089858483,b0f066a214c2f5e87bad3c948f4d605d) (ScriptedImporter) -> (artifact id: 'ca6b12b263df855b1728bfb533ef858e') in 0.0129924 seconds
Number of updated asset objects reloaded before import = 0Number of asset objects unloaded after import = 2

========================================================================
Received Import Request.
  Time since last request: 0.000012 seconds.
  path: Assets/PF SET1/Sliced/decorative_obj_627.asset
  artifactKey: Guid(ae3fb834d4bdf074f94f5feb65917d83) Importer(2089858483,b0f066a214c2f5e87bad3c948f4d605d)
Start importing Assets/PF SET1/Sliced/decorative_obj_627.asset using Guid(ae3fb834d4bdf074f94f5feb65917d83) Importer(2089858483,b0f066a214c2f5e87bad3c948f4d605d) (ScriptedImporter) -> (artifact id: '13ef143e4325303d4f7039d3bdc2b464') in 0.0108265 seconds
Number of updated asset objects reloaded before import = 0Number of asset objects unloaded after import = 2

========================================================================
Received Import Request.
  Time since last request: 0.000018 seconds.
  path: Assets/PF SET1/Sliced/decorative_obj_301.asset
  artifactKey: Guid(287132ea5ba08ca45b8a951e0d3081be) Importer(2089858483,b0f066a214c2f5e87bad3c948f4d605d)
Start importing Assets/PF SET1/Sliced/decorative_obj_301.asset using Guid(287132ea5ba08ca45b8a951e0d3081be) Importer(2089858483,b0f066a214c2f5e87bad3c948f4d605d) (ScriptedImporter) -> (artifact id: 'cbc00772e37908b2f9e160752a2e5786') in 0.0122722 seconds
Number of updated asset objects reloaded before import = 0Number of asset objects unloaded after import = 2

========================================================================
Received Import Request.
  Time since last request: 0.000011 seconds.
  path: Assets/PF SET1/Sliced/decorative_obj_473.asset
  artifactKey: Guid(0ae23c7f6acbd5947971df311bec956f) Importer(2089858483,b0f066a214c2f5e87bad3c948f4d605d)
Start importing Assets/PF SET1/Sliced/decorative_obj_473.asset using Guid(0ae23c7f6acbd5947971df311bec956f) Importer(2089858483,b0f066a214c2f5e87bad3c948f4d605d) (ScriptedImporter) -> (artifact id: '92d4cb6e607795bde3ce67c589cdbfb2') in 0.0141764 seconds
Number of updated asset objects reloaded before import = 0Number of asset objects unloaded after import = 2

========================================================================
Received Import Request.
  Time since last request: 0.000013 seconds.
  path: Assets/PF SET1/Sliced/decorative_obj_88.asset
  artifactKey: Guid(0df09401009521a48af5c4763f67ab19) Importer(2089858483,b0f066a214c2f5e87bad3c948f4d605d)
Start importing Assets/PF SET1/Sliced/decorative_obj_88.asset using Guid(0df09401009521a48af5c4763f67ab19) Importer(2089858483,b0f066a214c2f5e87bad3c948f4d605d) (ScriptedImporter) -> (artifact id: 'aee485719569daa96f4cd9efe60dc939') in 0.0121964 seconds
Number of updated asset objects reloaded before import = 0Number of asset objects unloaded after import = 2

========================================================================
Received Import Request.
  Time since last request: 0.000016 seconds.
  path: Assets/PF SET1/Sliced/decorative_obj_537.asset
  artifactKey: Guid(17397added28ce34184869f20c914511) Importer(2089858483,b0f066a214c2f5e87bad3c948f4d605d)
Start importing Assets/PF SET1/Sliced/decorative_obj_537.asset using Guid(17397added28ce34184869f20c914511) Importer(2089858483,b0f066a214c2f5e87bad3c948f4d605d) (ScriptedImporter) -> (artifact id: 'b8eff53bced0ad060593f41ebb8ab106') in 0.0109039 seconds
Number of updated asset objects reloaded before import = 0Number of asset objects unloaded after import = 2

========================================================================
Received Import Request.
  Time since last request: 0.000018 seconds.
  path: Assets/PF SET1/Sliced/decorative_obj_28.asset
  artifactKey: Guid(a98b53d6a41ac4149849605729cb1874) Importer(2089858483,b0f066a214c2f5e87bad3c948f4d605d)
Start importing Assets/PF SET1/Sliced/decorative_obj_28.asset using Guid(a98b53d6a41ac4149849605729cb1874) Importer(2089858483,b0f066a214c2f5e87bad3c948f4d605d) (ScriptedImporter) -> (artifact id: '806a4c4810fb7a989a364c2982d661df') in 0.0132867 seconds
Number of updated asset objects reloaded before import = 0Number of asset objects unloaded after import = 2

========================================================================
Received Import Request.
  Time since last request: 0.000015 seconds.
  path: Assets/PF SET1/Sliced/decorative_obj_639.asset
  artifactKey: Guid(b289e09bafecf0d468a48b5cb900954b) Importer(2089858483,b0f066a214c2f5e87bad3c948f4d605d)
Start importing Assets/PF SET1/Sliced/decorative_obj_639.asset using Guid(b289e09bafecf0d468a48b5cb900954b) Importer(2089858483,b0f066a214c2f5e87bad3c948f4d605d) (ScriptedImporter) -> (artifact id: 'd24c228725580dd175a56f93f82ece37') in 0.0119046 seconds
Number of updated asset objects reloaded before import = 0Number of asset objects unloaded after import = 2

========================================================================
Received Import Request.
  Time since last request: 0.000014 seconds.
  path: Assets/PF SET1/Sliced/decorative_obj_131.asset
  artifactKey: Guid(31dc7a612f7f1514aa68e6d448500f0d) Importer(2089858483,b0f066a214c2f5e87bad3c948f4d605d)
Start importing Assets/PF SET1/Sliced/decorative_obj_131.asset using Guid(31dc7a612f7f1514aa68e6d448500f0d) Importer(2089858483,b0f066a214c2f5e87bad3c948f4d605d) (ScriptedImporter) -> (artifact id: '8e3cd0e9d386030c8c4d83d61530f1f4') in 0.0112996 seconds
Number of updated asset objects reloaded before import = 0Number of asset objects unloaded after import = 2

========================================================================
Received Import Request.
  Time since last request: 0.000019 seconds.
  path: Assets/PF SET1/Sliced/decorative_obj_81.asset
  artifactKey: Guid(fe5b925575a2e4a419f1cfe0c317d45f) Importer(2089858483,b0f066a214c2f5e87bad3c948f4d605d)
Start importing Assets/PF SET1/Sliced/decorative_obj_81.asset using Guid(fe5b925575a2e4a419f1cfe0c317d45f) Importer(2089858483,b0f066a214c2f5e87bad3c948f4d605d) (ScriptedImporter) -> (artifact id: '1eefe1f81b9558fa98fceeb9d7ccd2ce') in 0.0107321 seconds
Number of updated asset objects reloaded before import = 0Number of asset objects unloaded after import = 2

========================================================================
Received Import Request.
  Time since last request: 0.000018 seconds.
  path: Assets/PF SET1/Sliced/decorative_obj_410.asset
  artifactKey: Guid(70e7ffb120ff9fd4891e3526cb47526c) Importer(2089858483,b0f066a214c2f5e87bad3c948f4d605d)
Start importing Assets/PF SET1/Sliced/decorative_obj_410.asset using Guid(70e7ffb120ff9fd4891e3526cb47526c) Importer(2089858483,b0f066a214c2f5e87bad3c948f4d605d) (ScriptedImporter) -> (artifact id: '9d316b63c25380515b7457013a790c46') in 0.0122188 seconds
Number of updated asset objects reloaded before import = 0Number of asset objects unloaded after import = 2

========================================================================
Received Import Request.
  Time since last request: 0.000013 seconds.
  path: Assets/PF SET1/Sliced/decorative_obj_227.asset
  artifactKey: Guid(aa991b9793439a54a985ea526fedbec2) Importer(2089858483,b0f066a214c2f5e87bad3c948f4d605d)
Start importing Assets/PF SET1/Sliced/decorative_obj_227.asset using Guid(aa991b9793439a54a985ea526fedbec2) Importer(2089858483,b0f066a214c2f5e87bad3c948f4d605d) (ScriptedImporter) -> (artifact id: 'e7a5ba1bb3b816054b576d0b92a8f718') in 0.012527 seconds
Number of updated asset objects reloaded before import = 0Number of asset objects unloaded after import = 2

========================================================================
Received Import Request.
  Time since last request: 0.000013 seconds.
  path: Assets/PF SET1/Sliced/decorative_obj_19.asset
  artifactKey: Guid(f3148179c63840b42840e34563510c9e) Importer(2089858483,b0f066a214c2f5e87bad3c948f4d605d)
Start importing Assets/PF SET1/Sliced/decorative_obj_19.asset using Guid(f3148179c63840b42840e34563510c9e) Importer(2089858483,b0f066a214c2f5e87bad3c948f4d605d) (ScriptedImporter) -> (artifact id: '8c996c30e9540ea4a260e239bc8fe0ee') in 0.0131277 seconds
Number of updated asset objects reloaded before import = 0Number of asset objects unloaded after import = 2

========================================================================
Received Import Request.
  Time since last request: 0.000013 seconds.
  path: Assets/PF SET1/Sliced/decorative_obj_6.asset
  artifactKey: Guid(f3e8e437ee7ed9d48a3c80cdf434fcd2) Importer(2089858483,b0f066a214c2f5e87bad3c948f4d605d)
Start importing Assets/PF SET1/Sliced/decorative_obj_6.asset using Guid(f3e8e437ee7ed9d48a3c80cdf434fcd2) Importer(2089858483,b0f066a214c2f5e87bad3c948f4d605d) (ScriptedImporter) -> (artifact id: '88a1e883314fc7bae5a234e6ed465dd4') in 0.0128368 seconds
Number of updated asset objects reloaded before import = 0Number of asset objects unloaded after import = 2

========================================================================
Received Import Request.
  Time since last request: 0.000027 seconds.
  path: Assets/PF SET1/Sliced/decorative_obj_943.asset
  artifactKey: Guid(f884b29046bad3e4e9bd5c7698fd0dac) Importer(2089858483,b0f066a214c2f5e87bad3c948f4d605d)
Start importing Assets/PF SET1/Sliced/decorative_obj_943.asset using Guid(f884b29046bad3e4e9bd5c7698fd0dac) Importer(2089858483,b0f066a214c2f5e87bad3c948f4d605d) (ScriptedImporter) -> (artifact id: '4fb4d718cfe1d8ff8f19cf9b5403db8a') in 0.0149146 seconds
Number of updated asset objects reloaded before import = 0Number of asset objects unloaded after import = 2

========================================================================
Received Import Request.
  Time since last request: 0.000012 seconds.
  path: Assets/PF SET1/Sliced/decorative_obj_120.asset
  artifactKey: Guid(1a27dcc371e9b3f478c0323bfab7ce04) Importer(2089858483,b0f066a214c2f5e87bad3c948f4d605d)
Start importing Assets/PF SET1/Sliced/decorative_obj_120.asset using Guid(1a27dcc371e9b3f478c0323bfab7ce04) Importer(2089858483,b0f066a214c2f5e87bad3c948f4d605d) (ScriptedImporter) -> (artifact id: '5265994878a7da2c6b45bf5ff2aed941') in 0.0139696 seconds
Number of updated asset objects reloaded before import = 0Number of asset objects unloaded after import = 2

========================================================================
Received Import Request.
  Time since last request: 0.000016 seconds.
  path: Assets/PF SET1/Sliced/decorative_obj_11.asset
  artifactKey: Guid(c19f0e88a343a484a9e29408f6f0d5f8) Importer(2089858483,b0f066a214c2f5e87bad3c948f4d605d)
Start importing Assets/PF SET1/Sliced/decorative_obj_11.asset using Guid(c19f0e88a343a484a9e29408f6f0d5f8) Importer(2089858483,b0f066a214c2f5e87bad3c948f4d605d) (ScriptedImporter) -> (artifact id: '730e2ca942a02470a8dd9fda78c3bd97') in 0.0120662 seconds
Number of updated asset objects reloaded before import = 0Number of asset objects unloaded after import = 2

========================================================================
Received Import Request.
  Time since last request: 0.000014 seconds.
  path: Assets/PF SET1/Sliced/decorative_obj_465.asset
  artifactKey: Guid(69a66afc164bce545b36e0b80bab917d) Importer(2089858483,b0f066a214c2f5e87bad3c948f4d605d)
Start importing Assets/PF SET1/Sliced/decorative_obj_465.asset using Guid(69a66afc164bce545b36e0b80bab917d) Importer(2089858483,b0f066a214c2f5e87bad3c948f4d605d) (ScriptedImporter) -> (artifact id: '4b7fbb8ec7a5bc727252dc16d28aee95') in 0.0125523 seconds
Number of updated asset objects reloaded before import = 0Number of asset objects unloaded after import = 2

========================================================================
Received Import Request.
  Time since last request: 0.000018 seconds.
  path: Assets/PF SET1/Sliced/decorative_obj_586.asset
  artifactKey: Guid(c6198fc2e8cabe64187418abc5e0a022) Importer(2089858483,b0f066a214c2f5e87bad3c948f4d605d)
Start importing Assets/PF SET1/Sliced/decorative_obj_586.asset using Guid(c6198fc2e8cabe64187418abc5e0a022) Importer(2089858483,b0f066a214c2f5e87bad3c948f4d605d) (ScriptedImporter) -> (artifact id: '65449db9280a4e50f20a4d5375a0349d') in 0.0139657 seconds
Number of updated asset objects reloaded before import = 0Number of asset objects unloaded after import = 2

========================================================================
Received Import Request.
  Time since last request: 0.000011 seconds.
  path: Assets/PF SET1/Sliced/decorative_obj_685.asset
  artifactKey: Guid(5874388763a5ac14badf66ad62e689de) Importer(2089858483,b0f066a214c2f5e87bad3c948f4d605d)
Start importing Assets/PF SET1/Sliced/decorative_obj_685.asset using Guid(5874388763a5ac14badf66ad62e689de) Importer(2089858483,b0f066a214c2f5e87bad3c948f4d605d) (ScriptedImporter) -> (artifact id: 'ca080adf796fe01a71cddbbe8331c7fc') in 0.0101573 seconds
Number of updated asset objects reloaded before import = 0Number of asset objects unloaded after import = 2

========================================================================
Received Import Request.
  Time since last request: 0.000014 seconds.
  path: Assets/PF SET1/Sliced/decorative_obj_789.asset
  artifactKey: Guid(24da780838170324e885270fa0bc6f27) Importer(2089858483,b0f066a214c2f5e87bad3c948f4d605d)
Start importing Assets/PF SET1/Sliced/decorative_obj_789.asset using Guid(24da780838170324e885270fa0bc6f27) Importer(2089858483,b0f066a214c2f5e87bad3c948f4d605d) (ScriptedImporter) -> (artifact id: 'c6e5ec5c5e595142d69d2db78ad626de') in 0.0130011 seconds
Number of updated asset objects reloaded before import = 0Number of asset objects unloaded after import = 2

========================================================================
Received Import Request.
  Time since last request: 0.000020 seconds.
  path: Assets/PF SET1/Sliced/decorative_obj_814.asset
  artifactKey: Guid(c4580d352cb8e504f97f0ef99c12c8dd) Importer(2089858483,b0f066a214c2f5e87bad3c948f4d605d)
Start importing Assets/PF SET1/Sliced/decorative_obj_814.asset using Guid(c4580d352cb8e504f97f0ef99c12c8dd) Importer(2089858483,b0f066a214c2f5e87bad3c948f4d605d) (ScriptedImporter) -> (artifact id: '0ac30b00faac4bd24556d7ebdd56f4e9') in 0.012264 seconds
Number of updated asset objects reloaded before import = 0Number of asset objects unloaded after import = 2

========================================================================
Received Import Request.
  Time since last request: 0.000023 seconds.
  path: Assets/PF SET1/Sliced/decorative_obj_661.asset
  artifactKey: Guid(42fff76d4370b2747b6d8ce98d1d6762) Importer(2089858483,b0f066a214c2f5e87bad3c948f4d605d)
Start importing Assets/PF SET1/Sliced/decorative_obj_661.asset using Guid(42fff76d4370b2747b6d8ce98d1d6762) Importer(2089858483,b0f066a214c2f5e87bad3c948f4d605d) (ScriptedImporter) -> (artifact id: '3a2709370b97a4b0a953f6c0d93fa6b7') in 0.0131551 seconds
Number of updated asset objects reloaded before import = 0Number of asset objects unloaded after import = 2

========================================================================
Received Import Request.
  Time since last request: 0.000014 seconds.
  path: Assets/PF SET1/Sliced/decorative_obj_135.asset
  artifactKey: Guid(a7acee0bffa7825448a9dbc51479b049) Importer(2089858483,b0f066a214c2f5e87bad3c948f4d605d)
Start importing Assets/PF SET1/Sliced/decorative_obj_135.asset using Guid(a7acee0bffa7825448a9dbc51479b049) Importer(2089858483,b0f066a214c2f5e87bad3c948f4d605d) (ScriptedImporter) -> (artifact id: '685fa47001873adf66dd15f5585d4f91') in 0.0115883 seconds
Number of updated asset objects reloaded before import = 0Number of asset objects unloaded after import = 2

========================================================================
Received Import Request.
  Time since last request: 0.000015 seconds.
  path: Assets/PF SET1/Sliced/decorative_obj_604.asset
  artifactKey: Guid(f7f5be1a4ee0eaa46ba9a2d27b29e71a) Importer(2089858483,b0f066a214c2f5e87bad3c948f4d605d)
Start importing Assets/PF SET1/Sliced/decorative_obj_604.asset using Guid(f7f5be1a4ee0eaa46ba9a2d27b29e71a) Importer(2089858483,b0f066a214c2f5e87bad3c948f4d605d) (ScriptedImporter) -> (artifact id: '6990cde1edf997985e495741c190e213') in 0.0118056 seconds
Number of updated asset objects reloaded before import = 0Number of asset objects unloaded after import = 2

========================================================================
Received Import Request.
  Time since last request: 0.000013 seconds.
  path: Assets/PF SET1/Sliced/decorative_obj_224.asset
  artifactKey: Guid(fd07e72a7e304ff41aedd6fd13d993cf) Importer(2089858483,b0f066a214c2f5e87bad3c948f4d605d)
Start importing Assets/PF SET1/Sliced/decorative_obj_224.asset using Guid(fd07e72a7e304ff41aedd6fd13d993cf) Importer(2089858483,b0f066a214c2f5e87bad3c948f4d605d) (ScriptedImporter) -> (artifact id: 'cb81d36d991aaffe401734c8d27fa5ad') in 0.0131091 seconds
Number of updated asset objects reloaded before import = 0Number of asset objects unloaded after import = 2

========================================================================
Received Import Request.
  Time since last request: 0.000021 seconds.
  path: Assets/PF SET1/Sliced/decorative_obj_362.asset
  artifactKey: Guid(7570c1a6656e8fd469e8bf3b204a77a5) Importer(2089858483,b0f066a214c2f5e87bad3c948f4d605d)
Start importing Assets/PF SET1/Sliced/decorative_obj_362.asset using Guid(7570c1a6656e8fd469e8bf3b204a77a5) Importer(2089858483,b0f066a214c2f5e87bad3c948f4d605d) (ScriptedImporter) -> (artifact id: 'f5ffdcfa5085a8e09bdd656987828753') in 0.0132033 seconds
Number of updated asset objects reloaded before import = 0Number of asset objects unloaded after import = 2

========================================================================
Received Import Request.
  Time since last request: 0.000018 seconds.
  path: Assets/PF SET1/Sliced/decorative_obj_909.asset
  artifactKey: Guid(2114b767b599475429f9cfb7f436d12a) Importer(2089858483,b0f066a214c2f5e87bad3c948f4d605d)
Start importing Assets/PF SET1/Sliced/decorative_obj_909.asset using Guid(2114b767b599475429f9cfb7f436d12a) Importer(2089858483,b0f066a214c2f5e87bad3c948f4d605d) (ScriptedImporter) -> (artifact id: 'cae3aeb13c092760344973a351c9ad99') in 0.0156259 seconds
Number of updated asset objects reloaded before import = 0Number of asset objects unloaded after import = 2

========================================================================
Received Import Request.
  Time since last request: 0.000021 seconds.
  path: Assets/PF SET1/Sliced/decorative_obj_786.asset
  artifactKey: Guid(65f6764d925a99e41be4bd363d938c60) Importer(2089858483,b0f066a214c2f5e87bad3c948f4d605d)
Start importing Assets/PF SET1/Sliced/decorative_obj_786.asset using Guid(65f6764d925a99e41be4bd363d938c60) Importer(2089858483,b0f066a214c2f5e87bad3c948f4d605d) (ScriptedImporter) -> (artifact id: '885e0897563d9f1cb10ce543fb504fa3') in 0.0149699 seconds
Number of updated asset objects reloaded before import = 0Number of asset objects unloaded after import = 2

========================================================================
Received Import Request.
  Time since last request: 0.000020 seconds.
  path: Assets/PF SET1/Sliced/decorative_obj_412.asset
  artifactKey: Guid(b13662dcbbf9d71468dc1633f4fbba59) Importer(2089858483,b0f066a214c2f5e87bad3c948f4d605d)
Start importing Assets/PF SET1/Sliced/decorative_obj_412.asset using Guid(b13662dcbbf9d71468dc1633f4fbba59) Importer(2089858483,b0f066a214c2f5e87bad3c948f4d605d) (ScriptedImporter) -> (artifact id: '7318ab623ddb8abdcf0b5106135cc11f') in 0.0106824 seconds
Number of updated asset objects reloaded before import = 0Number of asset objects unloaded after import = 2

========================================================================
Received Import Request.
  Time since last request: 0.000018 seconds.
  path: Assets/PF SET1/Sliced/decorative_obj_543.asset
  artifactKey: Guid(a5bb502770b9b5f4a9831d4333fb1e96) Importer(2089858483,b0f066a214c2f5e87bad3c948f4d605d)
Start importing Assets/PF SET1/Sliced/decorative_obj_543.asset using Guid(a5bb502770b9b5f4a9831d4333fb1e96) Importer(2089858483,b0f066a214c2f5e87bad3c948f4d605d) (ScriptedImporter) -> (artifact id: '0fe78a0af420f509de5af29cc6ae4bf9') in 0.0095069 seconds
Number of updated asset objects reloaded before import = 0Number of asset objects unloaded after import = 2

========================================================================
Received Import Request.
  Time since last request: 0.000013 seconds.
  path: Assets/PF SET1/Sliced/decorative_obj_867.asset
  artifactKey: Guid(d5c3be2e9569b364592da1141572a20a) Importer(2089858483,b0f066a214c2f5e87bad3c948f4d605d)
Start importing Assets/PF SET1/Sliced/decorative_obj_867.asset using Guid(d5c3be2e9569b364592da1141572a20a) Importer(2089858483,b0f066a214c2f5e87bad3c948f4d605d) (ScriptedImporter) -> (artifact id: '0a9efece7df88e51d7aa9c925a8e23db') in 0.011357 seconds
Number of updated asset objects reloaded before import = 0Number of asset objects unloaded after import = 2

========================================================================
Received Import Request.
  Time since last request: 0.000016 seconds.
  path: Assets/PF SET1/Sliced/decorative_obj_915.asset
  artifactKey: Guid(ff5106cfa4911e9418fcac6d54268d2c) Importer(2089858483,b0f066a214c2f5e87bad3c948f4d605d)
Start importing Assets/PF SET1/Sliced/decorative_obj_915.asset using Guid(ff5106cfa4911e9418fcac6d54268d2c) Importer(2089858483,b0f066a214c2f5e87bad3c948f4d605d) (ScriptedImporter) -> (artifact id: '31e847f2dd47fa5d60ec475aaf4a1418') in 0.0110455 seconds
Number of updated asset objects reloaded before import = 0Number of asset objects unloaded after import = 2

========================================================================
Received Import Request.
  Time since last request: 0.000016 seconds.
  path: Assets/PF SET1/Sliced/decorative_obj_523.asset
  artifactKey: Guid(9e2639abe5050ee4da2f0d30560d46a4) Importer(2089858483,b0f066a214c2f5e87bad3c948f4d605d)
Start importing Assets/PF SET1/Sliced/decorative_obj_523.asset using Guid(9e2639abe5050ee4da2f0d30560d46a4) Importer(2089858483,b0f066a214c2f5e87bad3c948f4d605d) (ScriptedImporter) -> (artifact id: '5a7b2aa132b57d64002d061ea17c4bd8') in 0.0100005 seconds
Number of updated asset objects reloaded before import = 0Number of asset objects unloaded after import = 2

========================================================================
Received Import Request.
  Time since last request: 0.000018 seconds.
  path: Assets/PF SET1/Sliced/decorative_obj_1.asset
  artifactKey: Guid(31d498408d8085e4a95ef34a8adb8397) Importer(2089858483,b0f066a214c2f5e87bad3c948f4d605d)
Start importing Assets/PF SET1/Sliced/decorative_obj_1.asset using Guid(31d498408d8085e4a95ef34a8adb8397) Importer(2089858483,b0f066a214c2f5e87bad3c948f4d605d) (ScriptedImporter) -> (artifact id: '63715d2ff18ca101b5f08cc48984d793') in 0.01056 seconds
Number of updated asset objects reloaded before import = 0Number of asset objects unloaded after import = 2

========================================================================
Received Import Request.
  Time since last request: 0.000013 seconds.
  path: Assets/PF SET1/Sliced/decorative_obj_267.asset
  artifactKey: Guid(5be07f98d954f5549a9028eb1140ee44) Importer(2089858483,b0f066a214c2f5e87bad3c948f4d605d)
Start importing Assets/PF SET1/Sliced/decorative_obj_267.asset using Guid(5be07f98d954f5549a9028eb1140ee44) Importer(2089858483,b0f066a214c2f5e87bad3c948f4d605d) (ScriptedImporter) -> (artifact id: '9236de2e2b3b71e3f48c46d7e29fb8d5') in 0.0107733 seconds
Number of updated asset objects reloaded before import = 0Number of asset objects unloaded after import = 2

========================================================================
Received Import Request.
  Time since last request: 0.000014 seconds.
  path: Assets/PF SET1/Sliced/decorative_obj_574.asset
  artifactKey: Guid(8f110b805280bb04fa0c0ff4d00194db) Importer(2089858483,b0f066a214c2f5e87bad3c948f4d605d)
Start importing Assets/PF SET1/Sliced/decorative_obj_574.asset using Guid(8f110b805280bb04fa0c0ff4d00194db) Importer(2089858483,b0f066a214c2f5e87bad3c948f4d605d) (ScriptedImporter) -> (artifact id: '6092b588a56860d15f634788f8feda73') in 0.0121942 seconds
Number of updated asset objects reloaded before import = 0Number of asset objects unloaded after import = 2

========================================================================
Received Import Request.
  Time since last request: 0.000012 seconds.
  path: Assets/PF SET1/Sliced/decorative_obj_546.asset
  artifactKey: Guid(868ee62332b5f14418a879d758eecf21) Importer(2089858483,b0f066a214c2f5e87bad3c948f4d605d)
Start importing Assets/PF SET1/Sliced/decorative_obj_546.asset using Guid(868ee62332b5f14418a879d758eecf21) Importer(2089858483,b0f066a214c2f5e87bad3c948f4d605d) (ScriptedImporter) -> (artifact id: '8f43d9cd993c7dfde8d0ceabd9d65123') in 0.0093798 seconds
Number of updated asset objects reloaded before import = 0Number of asset objects unloaded after import = 2

========================================================================
Received Import Request.
  Time since last request: 0.000024 seconds.
  path: Assets/PF SET1/Sliced/decorative_obj_406.asset
  artifactKey: Guid(ed52f9429fc181f4b95cd768832b55be) Importer(2089858483,b0f066a214c2f5e87bad3c948f4d605d)
Start importing Assets/PF SET1/Sliced/decorative_obj_406.asset using Guid(ed52f9429fc181f4b95cd768832b55be) Importer(2089858483,b0f066a214c2f5e87bad3c948f4d605d) (ScriptedImporter) -> (artifact id: '3f4714ed0221d48a49bda137d0575f74') in 0.0109483 seconds
Number of updated asset objects reloaded before import = 0Number of asset objects unloaded after import = 2

========================================================================
Received Import Request.
  Time since last request: 0.000014 seconds.
  path: Assets/PF SET1/Sliced/decorative_obj_339.asset
  artifactKey: Guid(be6177ff537ef434c85e949633bd9eed) Importer(2089858483,b0f066a214c2f5e87bad3c948f4d605d)
Start importing Assets/PF SET1/Sliced/decorative_obj_339.asset using Guid(be6177ff537ef434c85e949633bd9eed) Importer(2089858483,b0f066a214c2f5e87bad3c948f4d605d) (ScriptedImporter) -> (artifact id: '5bddd89bea995ec6d5bfd0cb1ca709ca') in 0.0109315 seconds
Number of updated asset objects reloaded before import = 0Number of asset objects unloaded after import = 2

========================================================================
Received Import Request.
  Time since last request: 0.000015 seconds.
  path: Assets/PF SET1/Sliced/decorative_obj_318.asset
  artifactKey: Guid(18a8da8f4122b504a96682dcf7b49d7f) Importer(2089858483,b0f066a214c2f5e87bad3c948f4d605d)
Start importing Assets/PF SET1/Sliced/decorative_obj_318.asset using Guid(18a8da8f4122b504a96682dcf7b49d7f) Importer(2089858483,b0f066a214c2f5e87bad3c948f4d605d) (ScriptedImporter) -> (artifact id: 'c345baab835a01370e4437c759c539fc') in 0.0186448 seconds
Number of updated asset objects reloaded before import = 0Number of asset objects unloaded after import = 2

========================================================================
Received Import Request.
  Time since last request: 0.000019 seconds.
  path: Assets/PF SET1/Sliced/decorative_obj_274.asset
  artifactKey: Guid(0aef6c43ecde22e40b1fd1c9023e20e0) Importer(2089858483,b0f066a214c2f5e87bad3c948f4d605d)
Start importing Assets/PF SET1/Sliced/decorative_obj_274.asset using Guid(0aef6c43ecde22e40b1fd1c9023e20e0) Importer(2089858483,b0f066a214c2f5e87bad3c948f4d605d) (ScriptedImporter) -> (artifact id: '7ac041f1bd1f865452ff2a2e819b55ef') in 0.0124603 seconds
Number of updated asset objects reloaded before import = 0Number of asset objects unloaded after import = 2

========================================================================
Received Import Request.
  Time since last request: 0.000023 seconds.
  path: Assets/PF SET1/Sliced/decorative_obj_149.asset
  artifactKey: Guid(a717f7fc067d59645b988a61c9f30a57) Importer(2089858483,b0f066a214c2f5e87bad3c948f4d605d)
Start importing Assets/PF SET1/Sliced/decorative_obj_149.asset using Guid(a717f7fc067d59645b988a61c9f30a57) Importer(2089858483,b0f066a214c2f5e87bad3c948f4d605d) (ScriptedImporter) -> (artifact id: 'b5a01e3aaa529897cfea4fe0bc081d19') in 0.0121841 seconds
Number of updated asset objects reloaded before import = 0Number of asset objects unloaded after import = 2

========================================================================
Received Import Request.
  Time since last request: 0.000011 seconds.
  path: Assets/PF SET1/Sliced/decorative_obj_593.asset
  artifactKey: Guid(813b80b3bf2ac6f498b48cb13eea88c9) Importer(2089858483,b0f066a214c2f5e87bad3c948f4d605d)
Start importing Assets/PF SET1/Sliced/decorative_obj_593.asset using Guid(813b80b3bf2ac6f498b48cb13eea88c9) Importer(2089858483,b0f066a214c2f5e87bad3c948f4d605d) (ScriptedImporter) -> (artifact id: 'b71be734690b56048061cfc2e4d9eefd') in 0.0223563 seconds
Number of updated asset objects reloaded before import = 0Number of asset objects unloaded after import = 2

========================================================================
Received Import Request.
  Time since last request: 0.000017 seconds.
  path: Assets/PF SET1/Sliced/decorative_obj_582.asset
  artifactKey: Guid(6fa057c3e36f15d4697950753e19ce8d) Importer(2089858483,b0f066a214c2f5e87bad3c948f4d605d)
Start importing Assets/PF SET1/Sliced/decorative_obj_582.asset using Guid(6fa057c3e36f15d4697950753e19ce8d) Importer(2089858483,b0f066a214c2f5e87bad3c948f4d605d) (ScriptedImporter) -> (artifact id: '6e54b86dea984b01361836c50b90819c') in 0.0113603 seconds
Number of updated asset objects reloaded before import = 0Number of asset objects unloaded after import = 2

========================================================================
Received Import Request.
  Time since last request: 0.000012 seconds.
  path: Assets/PF SET1/Sliced/decorative_obj_526.asset
  artifactKey: Guid(cb9bc87181ecef044ab01c0be71947e1) Importer(2089858483,b0f066a214c2f5e87bad3c948f4d605d)
Start importing Assets/PF SET1/Sliced/decorative_obj_526.asset using Guid(cb9bc87181ecef044ab01c0be71947e1) Importer(2089858483,b0f066a214c2f5e87bad3c948f4d605d) (ScriptedImporter) -> (artifact id: 'a0f34db36fb149cfcdce9888e822ce99') in 0.0136895 seconds
Number of updated asset objects reloaded before import = 0Number of asset objects unloaded after import = 2

========================================================================
Received Import Request.
  Time since last request: 0.000024 seconds.
  path: Assets/PF SET1/Sliced/decorative_obj_280.asset
  artifactKey: Guid(7e46bdccc88a61a4992db65b77087a0e) Importer(2089858483,b0f066a214c2f5e87bad3c948f4d605d)
Start importing Assets/PF SET1/Sliced/decorative_obj_280.asset using Guid(7e46bdccc88a61a4992db65b77087a0e) Importer(2089858483,b0f066a214c2f5e87bad3c948f4d605d) (ScriptedImporter) -> (artifact id: 'c8b6ee41ef5026307566744b61048784') in 0.0106522 seconds
Number of updated asset objects reloaded before import = 0Number of asset objects unloaded after import = 2

========================================================================
Received Import Request.
  Time since last request: 0.000009 seconds.
  path: Assets/PF SET1/Sliced/decorative_obj_842.asset
  artifactKey: Guid(01539add818822749b98d3517a797d13) Importer(2089858483,b0f066a214c2f5e87bad3c948f4d605d)
Start importing Assets/PF SET1/Sliced/decorative_obj_842.asset using Guid(01539add818822749b98d3517a797d13) Importer(2089858483,b0f066a214c2f5e87bad3c948f4d605d) (ScriptedImporter) -> (artifact id: '893abbb88c098afcbe372739d6d80d2c') in 0.0150258 seconds
Number of updated asset objects reloaded before import = 0Number of asset objects unloaded after import = 2

========================================================================
Received Import Request.
  Time since last request: 0.000011 seconds.
  path: Assets/PF SET1/Sliced/decorative_obj_761.asset
  artifactKey: Guid(47d5eff091fa1c04da4f627caaa5fcc6) Importer(2089858483,b0f066a214c2f5e87bad3c948f4d605d)
Start importing Assets/PF SET1/Sliced/decorative_obj_761.asset using Guid(47d5eff091fa1c04da4f627caaa5fcc6) Importer(2089858483,b0f066a214c2f5e87bad3c948f4d605d) (ScriptedImporter) -> (artifact id: '721b26228928379a3c81f86c34798457') in 0.0091705 seconds
Number of updated asset objects reloaded before import = 0Number of asset objects unloaded after import = 2

========================================================================
Received Import Request.
  Time since last request: 0.000024 seconds.
  path: Assets/PF SET1/Sliced/decorative_obj_886.asset
  artifactKey: Guid(ab0a7a305b5012e43b77d159a51515cc) Importer(2089858483,b0f066a214c2f5e87bad3c948f4d605d)
Start importing Assets/PF SET1/Sliced/decorative_obj_886.asset using Guid(ab0a7a305b5012e43b77d159a51515cc) Importer(2089858483,b0f066a214c2f5e87bad3c948f4d605d) (ScriptedImporter) -> (artifact id: '2b3b91d4b6a249b1ef1920999a8a9e28') in 0.0204407 seconds
Number of updated asset objects reloaded before import = 0Number of asset objects unloaded after import = 2

========================================================================
Received Import Request.
  Time since last request: 0.000022 seconds.
  path: Assets/PF SET1/Sliced/decorative_obj_605.asset
  artifactKey: Guid(9aa1fcf3a6ee66e4e84a7cab9986c0f3) Importer(2089858483,b0f066a214c2f5e87bad3c948f4d605d)
Start importing Assets/PF SET1/Sliced/decorative_obj_605.asset using Guid(9aa1fcf3a6ee66e4e84a7cab9986c0f3) Importer(2089858483,b0f066a214c2f5e87bad3c948f4d605d) (ScriptedImporter) -> (artifact id: '7a2ca545c56705b41ed24a56887e2f49') in 0.0123195 seconds
Number of updated asset objects reloaded before import = 0Number of asset objects unloaded after import = 2

========================================================================
Received Import Request.
  Time since last request: 0.000014 seconds.
  path: Assets/PF SET1/Sliced/decorative_obj_16.asset
  artifactKey: Guid(e837c948604bdfa4a9c3c14c1f40937c) Importer(2089858483,b0f066a214c2f5e87bad3c948f4d605d)
Start importing Assets/PF SET1/Sliced/decorative_obj_16.asset using Guid(e837c948604bdfa4a9c3c14c1f40937c) Importer(2089858483,b0f066a214c2f5e87bad3c948f4d605d) (ScriptedImporter) -> (artifact id: '6a436a0bb0d5cfb683c14e90ca2fe1b5') in 0.0199496 seconds
Number of updated asset objects reloaded before import = 0Number of asset objects unloaded after import = 2

========================================================================
Received Import Request.
  Time since last request: 0.000011 seconds.
  path: Assets/PF SET1/Sliced/decorative_obj_185.asset
  artifactKey: Guid(d3eca6e87a7a26c4e98accd561a252a5) Importer(2089858483,b0f066a214c2f5e87bad3c948f4d605d)
Start importing Assets/PF SET1/Sliced/decorative_obj_185.asset using Guid(d3eca6e87a7a26c4e98accd561a252a5) Importer(2089858483,b0f066a214c2f5e87bad3c948f4d605d) (ScriptedImporter) -> (artifact id: 'c76a8b1c2385250453760285f5f9092e') in 0.0202209 seconds
Number of updated asset objects reloaded before import = 0Number of asset objects unloaded after import = 2

========================================================================
Received Import Request.
  Time since last request: 0.000025 seconds.
  path: Assets/PF SET1/Sliced/decorative_obj_844.asset
  artifactKey: Guid(4a6a3f3e21c3d6d40adfed9144409204) Importer(2089858483,b0f066a214c2f5e87bad3c948f4d605d)
Start importing Assets/PF SET1/Sliced/decorative_obj_844.asset using Guid(4a6a3f3e21c3d6d40adfed9144409204) Importer(2089858483,b0f066a214c2f5e87bad3c948f4d605d) (ScriptedImporter) -> (artifact id: '5c7d20628018933071e5e1bf877c55a9') in 0.0118146 seconds
Number of updated asset objects reloaded before import = 0Number of asset objects unloaded after import = 2

========================================================================
Received Import Request.
  Time since last request: 0.000062 seconds.
  path: Assets/PF SET1/Sliced/decorative_obj_779.asset
  artifactKey: Guid(6e734d2856e0f114f965a75d4c2946fa) Importer(2089858483,b0f066a214c2f5e87bad3c948f4d605d)
Start importing Assets/PF SET1/Sliced/decorative_obj_779.asset using Guid(6e734d2856e0f114f965a75d4c2946fa) Importer(2089858483,b0f066a214c2f5e87bad3c948f4d605d) (ScriptedImporter) -> (artifact id: 'bc9d6d96ef57668e86c550d09ac90740') in 0.0121149 seconds
Number of updated asset objects reloaded before import = 0Number of asset objects unloaded after import = 2

========================================================================
Received Import Request.
  Time since last request: 0.000014 seconds.
  path: Assets/PF SET1/Sliced/decorative_obj_792.asset
  artifactKey: Guid(be64bd6a1a1c52f4d9edf28642de1b8f) Importer(2089858483,b0f066a214c2f5e87bad3c948f4d605d)
Start importing Assets/PF SET1/Sliced/decorative_obj_792.asset using Guid(be64bd6a1a1c52f4d9edf28642de1b8f) Importer(2089858483,b0f066a214c2f5e87bad3c948f4d605d) (ScriptedImporter) -> (artifact id: 'd5fda01621583407b85b997e7841a3e4') in 0.0132821 seconds
Number of updated asset objects reloaded before import = 0Number of asset objects unloaded after import = 2

========================================================================
Received Import Request.
  Time since last request: 0.000010 seconds.
  path: Assets/PF SET1/Sliced/decorative_obj_637.asset
  artifactKey: Guid(a00e0a5feb5287343aa1a80e515abe8b) Importer(2089858483,b0f066a214c2f5e87bad3c948f4d605d)
Start importing Assets/PF SET1/Sliced/decorative_obj_637.asset using Guid(a00e0a5feb5287343aa1a80e515abe8b) Importer(2089858483,b0f066a214c2f5e87bad3c948f4d605d) (ScriptedImporter) -> (artifact id: '5d65408d81bbe288e03e9356543ba775') in 0.0112261 seconds
Number of updated asset objects reloaded before import = 0Number of asset objects unloaded after import = 2

========================================================================
Received Import Request.
  Time since last request: 0.000029 seconds.
  path: Assets/PF SET1/Sliced/decorative_obj_849.asset
  artifactKey: Guid(23063e9de4d13264b95912760801f3b3) Importer(2089858483,b0f066a214c2f5e87bad3c948f4d605d)
Start importing Assets/PF SET1/Sliced/decorative_obj_849.asset using Guid(23063e9de4d13264b95912760801f3b3) Importer(2089858483,b0f066a214c2f5e87bad3c948f4d605d) (ScriptedImporter) -> (artifact id: '9c8b5985d3e133ad58ad9598bf6de595') in 0.0118766 seconds
Number of updated asset objects reloaded before import = 0Number of asset objects unloaded after import = 2

========================================================================
Received Import Request.
  Time since last request: 0.000019 seconds.
  path: Assets/PF SET1/Sliced/decorative_obj_527.asset
  artifactKey: Guid(3e45b8a3718a19f4498c4039faae1e2c) Importer(2089858483,b0f066a214c2f5e87bad3c948f4d605d)
Start importing Assets/PF SET1/Sliced/decorative_obj_527.asset using Guid(3e45b8a3718a19f4498c4039faae1e2c) Importer(2089858483,b0f066a214c2f5e87bad3c948f4d605d) (ScriptedImporter) -> (artifact id: '5bfe3810834acf6570a64399f3992874') in 0.0120437 seconds
Number of updated asset objects reloaded before import = 0Number of asset objects unloaded after import = 2

========================================================================
Received Import Request.
  Time since last request: 0.000019 seconds.
  path: Assets/PF SET1/Sliced/decorative_obj_212.asset
  artifactKey: Guid(7564b433a549cff42898b14c0a88715e) Importer(2089858483,b0f066a214c2f5e87bad3c948f4d605d)
Start importing Assets/PF SET1/Sliced/decorative_obj_212.asset using Guid(7564b433a549cff42898b14c0a88715e) Importer(2089858483,b0f066a214c2f5e87bad3c948f4d605d) (ScriptedImporter) -> (artifact id: 'ef2f5d04aaa23357d2a1f983c1654b42') in 0.0134043 seconds
Number of updated asset objects reloaded before import = 0Number of asset objects unloaded after import = 2

========================================================================
Received Import Request.
  Time since last request: 0.000013 seconds.
  path: Assets/PF SET1/Sliced/decorative_obj_698.asset
  artifactKey: Guid(99361094c347b714c855de507288895e) Importer(2089858483,b0f066a214c2f5e87bad3c948f4d605d)
Start importing Assets/PF SET1/Sliced/decorative_obj_698.asset using Guid(99361094c347b714c855de507288895e) Importer(2089858483,b0f066a214c2f5e87bad3c948f4d605d) (ScriptedImporter) -> (artifact id: '91931b4d3dcfac599813270de8d8dcaa') in 0.0222367 seconds
Number of updated asset objects reloaded before import = 0Number of asset objects unloaded after import = 2

========================================================================
Received Import Request.
  Time since last request: 0.000022 seconds.
  path: Assets/PF SET1/Sliced/decorative_obj_700.asset
  artifactKey: Guid(853043f1112a51a4794425fff89f71dc) Importer(2089858483,b0f066a214c2f5e87bad3c948f4d605d)
Start importing Assets/PF SET1/Sliced/decorative_obj_700.asset using Guid(853043f1112a51a4794425fff89f71dc) Importer(2089858483,b0f066a214c2f5e87bad3c948f4d605d) (ScriptedImporter) -> (artifact id: '22aed2f55821b664932ca9cdade3e8ce') in 0.0123332 seconds
Number of updated asset objects reloaded before import = 0Number of asset objects unloaded after import = 2

========================================================================
Received Import Request.
  Time since last request: 0.000017 seconds.
  path: Assets/PF SET1/Sliced/decorative_obj_199.asset
  artifactKey: Guid(e6fd39094cbf7724f84207162466637c) Importer(2089858483,b0f066a214c2f5e87bad3c948f4d605d)
Start importing Assets/PF SET1/Sliced/decorative_obj_199.asset using Guid(e6fd39094cbf7724f84207162466637c) Importer(2089858483,b0f066a214c2f5e87bad3c948f4d605d) (ScriptedImporter) -> (artifact id: '93713627cfbe688594d10f6e5c5e9b23') in 0.0138109 seconds
Number of updated asset objects reloaded before import = 0Number of asset objects unloaded after import = 2

========================================================================
Received Import Request.
  Time since last request: 0.000019 seconds.
  path: Assets/PF SET1/Sliced/decorative_obj_116.asset
  artifactKey: Guid(c0fb8e1814e906447ac96473bb001365) Importer(2089858483,b0f066a214c2f5e87bad3c948f4d605d)
Start importing Assets/PF SET1/Sliced/decorative_obj_116.asset using Guid(c0fb8e1814e906447ac96473bb001365) Importer(2089858483,b0f066a214c2f5e87bad3c948f4d605d) (ScriptedImporter) -> (artifact id: 'b69b76e939ce8f0bb5b67d14e1e1fa80') in 0.0108468 seconds
Number of updated asset objects reloaded before import = 0Number of asset objects unloaded after import = 2

========================================================================
Received Import Request.
  Time since last request: 0.000010 seconds.
  path: Assets/PF SET1/Sliced/decorative_obj_616.asset
  artifactKey: Guid(9dbc0721786acfd47a2e0e869c55dfd0) Importer(2089858483,b0f066a214c2f5e87bad3c948f4d605d)
Start importing Assets/PF SET1/Sliced/decorative_obj_616.asset using Guid(9dbc0721786acfd47a2e0e869c55dfd0) Importer(2089858483,b0f066a214c2f5e87bad3c948f4d605d) (ScriptedImporter) -> (artifact id: '48eeaff884b39dc81ddfda0d67acbb46') in 0.012238 seconds
Number of updated asset objects reloaded before import = 0Number of asset objects unloaded after import = 2

========================================================================
Received Import Request.
  Time since last request: 0.000019 seconds.
  path: Assets/PF SET1/Sliced/decorative_obj_285.asset
  artifactKey: Guid(d777e429bb5656043b609e869ec67eb8) Importer(2089858483,b0f066a214c2f5e87bad3c948f4d605d)
Start importing Assets/PF SET1/Sliced/decorative_obj_285.asset using Guid(d777e429bb5656043b609e869ec67eb8) Importer(2089858483,b0f066a214c2f5e87bad3c948f4d605d) (ScriptedImporter) -> (artifact id: '74a03acdebd96054c0cb0287fe3d01b4') in 0.0115832 seconds
Number of updated asset objects reloaded before import = 0Number of asset objects unloaded after import = 2

========================================================================
Received Import Request.
  Time since last request: 0.000018 seconds.
  path: Assets/PF SET1/Sliced/decorative_obj_727.asset
  artifactKey: Guid(c8afbc6bb03b84f438e715caa3c00ff2) Importer(2089858483,b0f066a214c2f5e87bad3c948f4d605d)
Start importing Assets/PF SET1/Sliced/decorative_obj_727.asset using Guid(c8afbc6bb03b84f438e715caa3c00ff2) Importer(2089858483,b0f066a214c2f5e87bad3c948f4d605d) (ScriptedImporter) -> (artifact id: '739f4778c4a8c36bbdb4b4b23da74cf5') in 0.0115106 seconds
Number of updated asset objects reloaded before import = 0Number of asset objects unloaded after import = 2

========================================================================
Received Import Request.
  Time since last request: 0.000015 seconds.
  path: Assets/PF SET1/Sliced/decorative_obj_310.asset
  artifactKey: Guid(f7a5a1e250f64de4bb3f9f3876e09056) Importer(2089858483,b0f066a214c2f5e87bad3c948f4d605d)
Start importing Assets/PF SET1/Sliced/decorative_obj_310.asset using Guid(f7a5a1e250f64de4bb3f9f3876e09056) Importer(2089858483,b0f066a214c2f5e87bad3c948f4d605d) (ScriptedImporter) -> (artifact id: 'ba2d44e5f1cfff3efe2e0257682131f5') in 0.0186782 seconds
Number of updated asset objects reloaded before import = 0Number of asset objects unloaded after import = 2

========================================================================
Received Import Request.
  Time since last request: 0.000015 seconds.
  path: Assets/PF SET1/Sliced/decorative_obj_375.asset
  artifactKey: Guid(9868e63325d53b246955b544855fcbf7) Importer(2089858483,b0f066a214c2f5e87bad3c948f4d605d)
Start importing Assets/PF SET1/Sliced/decorative_obj_375.asset using Guid(9868e63325d53b246955b544855fcbf7) Importer(2089858483,b0f066a214c2f5e87bad3c948f4d605d) (ScriptedImporter) -> (artifact id: 'c6a0430f9e49602c0a818c40156a1801') in 0.0128805 seconds
Number of updated asset objects reloaded before import = 0Number of asset objects unloaded after import = 2

========================================================================
Received Import Request.
  Time since last request: 0.000011 seconds.
  path: Assets/PF SET1/Sliced/decorative_obj_450.asset
  artifactKey: Guid(897ebfc0253e6624eae0f74872b24d83) Importer(2089858483,b0f066a214c2f5e87bad3c948f4d605d)
Start importing Assets/PF SET1/Sliced/decorative_obj_450.asset using Guid(897ebfc0253e6624eae0f74872b24d83) Importer(2089858483,b0f066a214c2f5e87bad3c948f4d605d) (ScriptedImporter) -> (artifact id: 'eab71c63d1bb5aeb2220f8a812306bf8') in 0.0106314 seconds
Number of updated asset objects reloaded before import = 0Number of asset objects unloaded after import = 2

========================================================================
Received Import Request.
  Time since last request: 0.000019 seconds.
  path: Assets/PF SET1/Sliced/decorative_obj_780.asset
  artifactKey: Guid(026386c9a3ee12049ad4cebe560bbefe) Importer(2089858483,b0f066a214c2f5e87bad3c948f4d605d)
Start importing Assets/PF SET1/Sliced/decorative_obj_780.asset using Guid(026386c9a3ee12049ad4cebe560bbefe) Importer(2089858483,b0f066a214c2f5e87bad3c948f4d605d) (ScriptedImporter) -> (artifact id: '16d226403b552f42e4153f8ceb30df98') in 0.0129561 seconds
Number of updated asset objects reloaded before import = 0Number of asset objects unloaded after import = 2

========================================================================
Received Import Request.
  Time since last request: 0.000020 seconds.
  path: Assets/PF SET1/Sliced/decorative_obj_633.asset
  artifactKey: Guid(cc580412b22f31c4e9e724531146cdc8) Importer(2089858483,b0f066a214c2f5e87bad3c948f4d605d)
Start importing Assets/PF SET1/Sliced/decorative_obj_633.asset using Guid(cc580412b22f31c4e9e724531146cdc8) Importer(2089858483,b0f066a214c2f5e87bad3c948f4d605d) (ScriptedImporter) -> (artifact id: '3b1ae227f1ba5fbabf365bd54a23409f') in 0.010255 seconds
Number of updated asset objects reloaded before import = 0Number of asset objects unloaded after import = 2

========================================================================
Received Import Request.
  Time since last request: 0.000010 seconds.
  path: Assets/PF SET1/Sliced/decorative_obj_341.asset
  artifactKey: Guid(88684f74229604d41a71bed7c23b0f62) Importer(2089858483,b0f066a214c2f5e87bad3c948f4d605d)
Start importing Assets/PF SET1/Sliced/decorative_obj_341.asset using Guid(88684f74229604d41a71bed7c23b0f62) Importer(2089858483,b0f066a214c2f5e87bad3c948f4d605d) (ScriptedImporter) -> (artifact id: 'fab7cbf5867e131bc1f7e7890520b6f3') in 0.0109188 seconds
Number of updated asset objects reloaded before import = 0Number of asset objects unloaded after import = 2

========================================================================
Received Import Request.
  Time since last request: 0.000010 seconds.
  path: Assets/PF SET1/Sliced/decorative_obj_589.asset
  artifactKey: Guid(1552e69cc49ef11449f00205ad4a875b) Importer(2089858483,b0f066a214c2f5e87bad3c948f4d605d)
Start importing Assets/PF SET1/Sliced/decorative_obj_589.asset using Guid(1552e69cc49ef11449f00205ad4a875b) Importer(2089858483,b0f066a214c2f5e87bad3c948f4d605d) (ScriptedImporter) -> (artifact id: 'd08dad9db640ca03a67f077c2bce2920') in 0.0105289 seconds
Number of updated asset objects reloaded before import = 0Number of asset objects unloaded after import = 2

========================================================================
Received Import Request.
  Time since last request: 0.000019 seconds.
  path: Assets/PF SET1/Sliced/decorative_obj_407.asset
  artifactKey: Guid(fa9ad36a1626ef1469ee591d441a9b72) Importer(2089858483,b0f066a214c2f5e87bad3c948f4d605d)
Start importing Assets/PF SET1/Sliced/decorative_obj_407.asset using Guid(fa9ad36a1626ef1469ee591d441a9b72) Importer(2089858483,b0f066a214c2f5e87bad3c948f4d605d) (ScriptedImporter) -> (artifact id: '07928bf7e2eb3545b232d897693f3d17') in 0.0089666 seconds
Number of updated asset objects reloaded before import = 0Number of asset objects unloaded after import = 2

========================================================================
Received Import Request.
  Time since last request: 0.000027 seconds.
  path: Assets/PF SET1/Sliced/decorative_obj_864.asset
  artifactKey: Guid(6ec82f9e5b3a67f478b77e0ec10d96f0) Importer(2089858483,b0f066a214c2f5e87bad3c948f4d605d)
Start importing Assets/PF SET1/Sliced/decorative_obj_864.asset using Guid(6ec82f9e5b3a67f478b77e0ec10d96f0) Importer(2089858483,b0f066a214c2f5e87bad3c948f4d605d) (ScriptedImporter) -> (artifact id: '0a92a6f598e763593bee9d1296e6613e') in 0.0108383 seconds
Number of updated asset objects reloaded before import = 0Number of asset objects unloaded after import = 2

========================================================================
Received Import Request.
  Time since last request: 0.000013 seconds.
  path: Assets/PF SET1/Sliced/decorative_obj_717.asset
  artifactKey: Guid(431394579a0a0be419160236da3ae417) Importer(2089858483,b0f066a214c2f5e87bad3c948f4d605d)
Start importing Assets/PF SET1/Sliced/decorative_obj_717.asset using Guid(431394579a0a0be419160236da3ae417) Importer(2089858483,b0f066a214c2f5e87bad3c948f4d605d) (ScriptedImporter) -> (artifact id: 'c0b9939670ee57f3493a820523a85788') in 0.0118004 seconds
Number of updated asset objects reloaded before import = 0Number of asset objects unloaded after import = 2

========================================================================
Received Import Request.
  Time since last request: 0.000013 seconds.
  path: Assets/PF SET1/Sliced/decorative_obj_714.asset
  artifactKey: Guid(5830ee514f2d03846a6420e88e7f3d35) Importer(2089858483,b0f066a214c2f5e87bad3c948f4d605d)
Start importing Assets/PF SET1/Sliced/decorative_obj_714.asset using Guid(5830ee514f2d03846a6420e88e7f3d35) Importer(2089858483,b0f066a214c2f5e87bad3c948f4d605d) (ScriptedImporter) -> (artifact id: 'f88a319f966c83df0df4f8f4a44dd438') in 0.0207898 seconds
Number of updated asset objects reloaded before import = 0Number of asset objects unloaded after import = 2

========================================================================
Received Import Request.
  Time since last request: 0.000017 seconds.
  path: Assets/PF SET1/Sliced/decorative_obj_289.asset
  artifactKey: Guid(259d23ffea217f64eb8b70e3def9cbd0) Importer(2089858483,b0f066a214c2f5e87bad3c948f4d605d)
Start importing Assets/PF SET1/Sliced/decorative_obj_289.asset using Guid(259d23ffea217f64eb8b70e3def9cbd0) Importer(2089858483,b0f066a214c2f5e87bad3c948f4d605d) (ScriptedImporter) -> (artifact id: '387d0b328640dc38be4f10a9c16d514b') in 0.0120752 seconds
Number of updated asset objects reloaded before import = 0Number of asset objects unloaded after import = 2

========================================================================
Received Import Request.
  Time since last request: 0.000022 seconds.
  path: Assets/PF SET1/Sliced/decorative_obj_127.asset
  artifactKey: Guid(6464e781caaa1964cbfcb5e7ee27d89b) Importer(2089858483,b0f066a214c2f5e87bad3c948f4d605d)
Start importing Assets/PF SET1/Sliced/decorative_obj_127.asset using Guid(6464e781caaa1964cbfcb5e7ee27d89b) Importer(2089858483,b0f066a214c2f5e87bad3c948f4d605d) (ScriptedImporter) -> (artifact id: '8c3db9f534fb0247f4f9582b8a68515f') in 0.012816 seconds
Number of updated asset objects reloaded before import = 0Number of asset objects unloaded after import = 2

========================================================================
Received Import Request.
  Time since last request: 0.000010 seconds.
  path: Assets/PF SET1/Sliced/decorative_obj_85.asset
  artifactKey: Guid(272934ac9b22e3e4baf745f805e57d3b) Importer(2089858483,b0f066a214c2f5e87bad3c948f4d605d)
Start importing Assets/PF SET1/Sliced/decorative_obj_85.asset using Guid(272934ac9b22e3e4baf745f805e57d3b) Importer(2089858483,b0f066a214c2f5e87bad3c948f4d605d) (ScriptedImporter) -> (artifact id: '4cdafbcc0b7385698fad61682e0f51c6') in 0.0130754 seconds
Number of updated asset objects reloaded before import = 0Number of asset objects unloaded after import = 2

========================================================================
Received Import Request.
  Time since last request: 0.000013 seconds.
  path: Assets/PF SET1/Sliced/decorative_obj_270.asset
  artifactKey: Guid(7729b9094c65c5245a1174ba2a88fa32) Importer(2089858483,b0f066a214c2f5e87bad3c948f4d605d)
Start importing Assets/PF SET1/Sliced/decorative_obj_270.asset using Guid(7729b9094c65c5245a1174ba2a88fa32) Importer(2089858483,b0f066a214c2f5e87bad3c948f4d605d) (ScriptedImporter) -> (artifact id: 'b943339f54c6cab994ee9216b60ce4a1') in 0.0124373 seconds
Number of updated asset objects reloaded before import = 0Number of asset objects unloaded after import = 2

========================================================================
Received Import Request.
  Time since last request: 0.000018 seconds.
  path: Assets/PF SET1/Sliced/decorative_obj_629.asset
  artifactKey: Guid(ee75eabfd4cab974a932f47348b62fcd) Importer(2089858483,b0f066a214c2f5e87bad3c948f4d605d)
Start importing Assets/PF SET1/Sliced/decorative_obj_629.asset using Guid(ee75eabfd4cab974a932f47348b62fcd) Importer(2089858483,b0f066a214c2f5e87bad3c948f4d605d) (ScriptedImporter) -> (artifact id: 'fe7759be6d9e3ab9b128b2066870d9f8') in 0.0119593 seconds
Number of updated asset objects reloaded before import = 0Number of asset objects unloaded after import = 2

========================================================================
Received Import Request.
  Time since last request: 0.000023 seconds.
  path: Assets/PF SET1/Sliced/decorative_obj_801.asset
  artifactKey: Guid(0f6ecd1f8fb12154dbef12bb18f2fa76) Importer(2089858483,b0f066a214c2f5e87bad3c948f4d605d)
Start importing Assets/PF SET1/Sliced/decorative_obj_801.asset using Guid(0f6ecd1f8fb12154dbef12bb18f2fa76) Importer(2089858483,b0f066a214c2f5e87bad3c948f4d605d) (ScriptedImporter) -> (artifact id: '85eaa45bfec70398b6dcf4456cd79ac0') in 0.0185577 seconds
Number of updated asset objects reloaded before import = 0Number of asset objects unloaded after import = 2

========================================================================
Received Import Request.
  Time since last request: 0.000012 seconds.
  path: Assets/PF SET1/Sliced/decorative_obj_911.asset
  artifactKey: Guid(a6f650fcfbf429e489ed9ba8708274ae) Importer(2089858483,b0f066a214c2f5e87bad3c948f4d605d)
Start importing Assets/PF SET1/Sliced/decorative_obj_911.asset using Guid(a6f650fcfbf429e489ed9ba8708274ae) Importer(2089858483,b0f066a214c2f5e87bad3c948f4d605d) (ScriptedImporter) -> (artifact id: 'c2896bd56b61d87ffec919b2aef4b003') in 0.0120945 seconds
Number of updated asset objects reloaded before import = 0Number of asset objects unloaded after import = 2

========================================================================
Received Import Request.
  Time since last request: 0.000015 seconds.
  path: Assets/PF SET1/Sliced/decorative_obj_320.asset
  artifactKey: Guid(bfc817a1b264d09458effa59b20db3a9) Importer(2089858483,b0f066a214c2f5e87bad3c948f4d605d)
Start importing Assets/PF SET1/Sliced/decorative_obj_320.asset using Guid(bfc817a1b264d09458effa59b20db3a9) Importer(2089858483,b0f066a214c2f5e87bad3c948f4d605d) (ScriptedImporter) -> (artifact id: 'a8de9f8b9ed2b188f3be369f2b74d8ee') in 0.0129057 seconds
Number of updated asset objects reloaded before import = 0Number of asset objects unloaded after import = 2

========================================================================
Received Import Request.
  Time since last request: 0.000019 seconds.
  path: Assets/PF SET1/Sliced/decorative_obj_163.asset
  artifactKey: Guid(1648570e5de639e45bcd8ccbf7bfbb8e) Importer(2089858483,b0f066a214c2f5e87bad3c948f4d605d)
Start importing Assets/PF SET1/Sliced/decorative_obj_163.asset using Guid(1648570e5de639e45bcd8ccbf7bfbb8e) Importer(2089858483,b0f066a214c2f5e87bad3c948f4d605d) (ScriptedImporter) -> (artifact id: 'b5ec2d232127d89b5b0b79ebe747c0ec') in 0.010964 seconds
Number of updated asset objects reloaded before import = 0Number of asset objects unloaded after import = 2

========================================================================
Received Import Request.
  Time since last request: 0.000017 seconds.
  path: Assets/PF SET1/Sliced/decorative_obj_917.asset
  artifactKey: Guid(a3612789b2a55f44b9b749b74fcb6730) Importer(2089858483,b0f066a214c2f5e87bad3c948f4d605d)
Start importing Assets/PF SET1/Sliced/decorative_obj_917.asset using Guid(a3612789b2a55f44b9b749b74fcb6730) Importer(2089858483,b0f066a214c2f5e87bad3c948f4d605d) (ScriptedImporter) -> (artifact id: '2cf29936cc2c8da3537317e24c842b37') in 0.0101521 seconds
Number of updated asset objects reloaded before import = 0Number of asset objects unloaded after import = 2

========================================================================
Received Import Request.
  Time since last request: 0.000012 seconds.
  path: Assets/PF SET1/Sliced/decorative_obj_503.asset
  artifactKey: Guid(50cdd655cad2ba648904c8383ef953ef) Importer(2089858483,b0f066a214c2f5e87bad3c948f4d605d)
Start importing Assets/PF SET1/Sliced/decorative_obj_503.asset using Guid(50cdd655cad2ba648904c8383ef953ef) Importer(2089858483,b0f066a214c2f5e87bad3c948f4d605d) (ScriptedImporter) -> (artifact id: 'ab122e5e1b29114fead80e20794642d2') in 0.0219418 seconds
Number of updated asset objects reloaded before import = 0Number of asset objects unloaded after import = 2

========================================================================
Received Import Request.
  Time since last request: 0.000019 seconds.
  path: Assets/PF SET1/Sliced/decorative_obj_950.asset
  artifactKey: Guid(94180523bb4dbc94ab3140cb637588ce) Importer(2089858483,b0f066a214c2f5e87bad3c948f4d605d)
Start importing Assets/PF SET1/Sliced/decorative_obj_950.asset using Guid(94180523bb4dbc94ab3140cb637588ce) Importer(2089858483,b0f066a214c2f5e87bad3c948f4d605d) (ScriptedImporter) -> (artifact id: '260f04c505b801b5c0237b8937f8ef76') in 0.0192414 seconds
Number of updated asset objects reloaded before import = 0Number of asset objects unloaded after import = 2

========================================================================
Received Import Request.
  Time since last request: 0.000023 seconds.
  path: Assets/PF SET1/Sliced/decorative_obj_798.asset
  artifactKey: Guid(0e4af08dcb84a1142902857229ef9dce) Importer(2089858483,b0f066a214c2f5e87bad3c948f4d605d)
Start importing Assets/PF SET1/Sliced/decorative_obj_798.asset using Guid(0e4af08dcb84a1142902857229ef9dce) Importer(2089858483,b0f066a214c2f5e87bad3c948f4d605d) (ScriptedImporter) -> (artifact id: 'ac9a35e0f0cf60ddefe3ce1ded15a6d5') in 0.0125663 seconds
Number of updated asset objects reloaded before import = 0Number of asset objects unloaded after import = 2

========================================================================
Received Import Request.
  Time since last request: 0.000029 seconds.
  path: Assets/PF SET1/Sliced/decorative_obj_673.asset
  artifactKey: Guid(c522c400ff851ad4b83ddd77cb1fba7c) Importer(2089858483,b0f066a214c2f5e87bad3c948f4d605d)
Start importing Assets/PF SET1/Sliced/decorative_obj_673.asset using Guid(c522c400ff851ad4b83ddd77cb1fba7c) Importer(2089858483,b0f066a214c2f5e87bad3c948f4d605d) (ScriptedImporter) -> (artifact id: 'fe28d2c9de8d85e2400a482c3f56402d') in 0.0102449 seconds
Number of updated asset objects reloaded before import = 0Number of asset objects unloaded after import = 2

========================================================================
Received Import Request.
  Time since last request: 0.000012 seconds.
  path: Assets/PF SET1/Sliced/decorative_obj_872.asset
  artifactKey: Guid(8fbfdfead34d2d54cbe7ef2ad4a6d9c9) Importer(2089858483,b0f066a214c2f5e87bad3c948f4d605d)
Start importing Assets/PF SET1/Sliced/decorative_obj_872.asset using Guid(8fbfdfead34d2d54cbe7ef2ad4a6d9c9) Importer(2089858483,b0f066a214c2f5e87bad3c948f4d605d) (ScriptedImporter) -> (artifact id: '0266d5c13f6e8fb6949f933455a78645') in 0.0107811 seconds
Number of updated asset objects reloaded before import = 0Number of asset objects unloaded after import = 2

========================================================================
Received Import Request.
  Time since last request: 0.000013 seconds.
  path: Assets/PF SET1/Sliced/decorative_obj_660.asset
  artifactKey: Guid(cce6b01172648ea4fac8fb4a480158b3) Importer(2089858483,b0f066a214c2f5e87bad3c948f4d605d)
Start importing Assets/PF SET1/Sliced/decorative_obj_660.asset using Guid(cce6b01172648ea4fac8fb4a480158b3) Importer(2089858483,b0f066a214c2f5e87bad3c948f4d605d) (ScriptedImporter) -> (artifact id: '5636887d2faf8d66e42702c01d5f46cb') in 0.0113582 seconds
Number of updated asset objects reloaded before import = 0Number of asset objects unloaded after import = 2

========================================================================
Received Import Request.
  Time since last request: 0.000014 seconds.
  path: Assets/PF SET1/Sliced/decorative_obj_378.asset
  artifactKey: Guid(7c5f1e5784c7cb04681dd8c901fa2aa3) Importer(2089858483,b0f066a214c2f5e87bad3c948f4d605d)
Start importing Assets/PF SET1/Sliced/decorative_obj_378.asset using Guid(7c5f1e5784c7cb04681dd8c901fa2aa3) Importer(2089858483,b0f066a214c2f5e87bad3c948f4d605d) (ScriptedImporter) -> (artifact id: '62db5f49c1af41d3ba9b39dc126cb2a0') in 0.0196215 seconds
Number of updated asset objects reloaded before import = 0Number of asset objects unloaded after import = 2

========================================================================
Received Import Request.
  Time since last request: 0.000021 seconds.
  path: Assets/PF SET1/Sliced/decorative_obj_641.asset
  artifactKey: Guid(9dd5e2a352b44d24faa7a416499b3fe9) Importer(2089858483,b0f066a214c2f5e87bad3c948f4d605d)
Start importing Assets/PF SET1/Sliced/decorative_obj_641.asset using Guid(9dd5e2a352b44d24faa7a416499b3fe9) Importer(2089858483,b0f066a214c2f5e87bad3c948f4d605d) (ScriptedImporter) -> (artifact id: '40653e24b73703c8d244fe84bd11758d') in 0.0106414 seconds
Number of updated asset objects reloaded before import = 0Number of asset objects unloaded after import = 2

========================================================================
Received Import Request.
  Time since last request: 14.294639 seconds.
  path: Assets/PF SET1/Sliced/decorative_obj_0.asset
  artifactKey: Guid(3938e24f380a2b743b6ac52bf4f25547) Importer(815301076,1909f56bfc062723c751e8b465ee728b)
Start importing Assets/PF SET1/Sliced/decorative_obj_0.asset using Guid(3938e24f380a2b743b6ac52bf4f25547) Importer(815301076,1909f56bfc062723c751e8b465ee728b) (PreviewImporter) -> (artifact id: 'e1dcbff4844be44cbe34541fcf7210bd') in 0.0146935 seconds
Number of updated asset objects reloaded before import = 0Number of asset objects unloaded after import = 3

========================================================================
Received Import Request.
  Time since last request: 0.000015 seconds.
  path: Assets/PF SET1/Sliced/decorative_obj_14.asset
  artifactKey: Guid(a98f1f03f3cb4554e9b44a5a59a23791) Importer(815301076,1909f56bfc062723c751e8b465ee728b)
Start importing Assets/PF SET1/Sliced/decorative_obj_14.asset using Guid(a98f1f03f3cb4554e9b44a5a59a23791) Importer(815301076,1909f56bfc062723c751e8b465ee728b) (PreviewImporter) -> (artifact id: '63b027c37a18b9754635636ec8524ac1') in 0.0143547 seconds
Number of updated asset objects reloaded before import = 0Number of asset objects unloaded after import = 3

========================================================================
Received Import Request.
  Time since last request: 0.000017 seconds.
  path: Assets/PF SET1/Sliced/decorative_obj_15.asset
  artifactKey: Guid(1d9101f33a5151c45ae118d296190199) Importer(815301076,1909f56bfc062723c751e8b465ee728b)
Start importing Assets/PF SET1/Sliced/decorative_obj_15.asset using Guid(1d9101f33a5151c45ae118d296190199) Importer(815301076,1909f56bfc062723c751e8b465ee728b) (PreviewImporter) -> (artifact id: '969f7887ebb3109144e042f049ead0b0') in 0.0125008 seconds
Number of updated asset objects reloaded before import = 0Number of asset objects unloaded after import = 3

========================================================================
Received Import Request.
  Time since last request: 0.000021 seconds.
  path: Assets/PF SET1/Sliced/decorative_obj_20.asset
  artifactKey: Guid(f9500ef73c470e8438b55ff8b1e1c6a2) Importer(815301076,1909f56bfc062723c751e8b465ee728b)
Start importing Assets/PF SET1/Sliced/decorative_obj_20.asset using Guid(f9500ef73c470e8438b55ff8b1e1c6a2) Importer(815301076,1909f56bfc062723c751e8b465ee728b) (PreviewImporter) -> (artifact id: '76208518dee3a39a36c3058dde591ba4') in 0.0117394 seconds
Number of updated asset objects reloaded before import = 0Number of asset objects unloaded after import = 3

========================================================================
Received Import Request.
  Time since last request: 8.718552 seconds.
  path: Assets/PF SET1/Sliced/decorative_obj_23.asset
  artifactKey: Guid(f2251a815b1044f459b1da320d392d57) Importer(815301076,1909f56bfc062723c751e8b465ee728b)
Start importing Assets/PF SET1/Sliced/decorative_obj_23.asset using Guid(f2251a815b1044f459b1da320d392d57) Importer(815301076,1909f56bfc062723c751e8b465ee728b) (PreviewImporter) -> (artifact id: '55f98d9fd8ed995004f6ee6d8b91bdc2') in 0.0129407 seconds
Number of updated asset objects reloaded before import = 0Number of asset objects unloaded after import = 3

========================================================================
Received Import Request.
  Time since last request: 0.000012 seconds.
  path: Assets/PF SET1/Sliced/decorative_obj_27.asset
  artifactKey: Guid(553f16b663be4b3408261369c703116a) Importer(815301076,1909f56bfc062723c751e8b465ee728b)
Start importing Assets/PF SET1/Sliced/decorative_obj_27.asset using Guid(553f16b663be4b3408261369c703116a) Importer(815301076,1909f56bfc062723c751e8b465ee728b) (PreviewImporter) -> (artifact id: 'ad03c565fc8618f44d8c608384dac8ca') in 0.0122698 seconds
Number of updated asset objects reloaded before import = 0Number of asset objects unloaded after import = 3

========================================================================
Received Import Request.
  Time since last request: 0.099808 seconds.
  path: Assets/PF SET1/Sliced/decorative_obj_31.asset
  artifactKey: Guid(edbfc5abdc1a69e4e8794400bca36f98) Importer(815301076,1909f56bfc062723c751e8b465ee728b)
Start importing Assets/PF SET1/Sliced/decorative_obj_31.asset using Guid(edbfc5abdc1a69e4e8794400bca36f98) Importer(815301076,1909f56bfc062723c751e8b465ee728b) (PreviewImporter) -> (artifact id: '2e217c399648b18f42fc8b87c269e5c6') in 0.0107753 seconds
Number of updated asset objects reloaded before import = 0Number of asset objects unloaded after import = 3

========================================================================
Received Import Request.
  Time since last request: 0.000019 seconds.
  path: Assets/PF SET1/Sliced/decorative_obj_35.asset
  artifactKey: Guid(0ec78e11fdae8e8448831c815a82e8b7) Importer(815301076,1909f56bfc062723c751e8b465ee728b)
Start importing Assets/PF SET1/Sliced/decorative_obj_35.asset using Guid(0ec78e11fdae8e8448831c815a82e8b7) Importer(815301076,1909f56bfc062723c751e8b465ee728b) (PreviewImporter) -> (artifact id: 'b076f625d5f7d19ff208ee4eb43393f1') in 0.0158626 seconds
Number of updated asset objects reloaded before import = 0Number of asset objects unloaded after import = 3

========================================================================
Received Import Request.
  Time since last request: 0.394125 seconds.
  path: Assets/PF SET1/Sliced/decorative_obj_41.asset
  artifactKey: Guid(c8f3856b8097bd843a560d8b5011fb7a) Importer(815301076,1909f56bfc062723c751e8b465ee728b)
Start importing Assets/PF SET1/Sliced/decorative_obj_41.asset using Guid(c8f3856b8097bd843a560d8b5011fb7a) Importer(815301076,1909f56bfc062723c751e8b465ee728b) (PreviewImporter) -> (artifact id: 'd3cc1f3dec23fa28687dc6bb6248e7a5') in 0.0112136 seconds
Number of updated asset objects reloaded before import = 0Number of asset objects unloaded after import = 3

========================================================================
Received Import Request.
  Time since last request: 0.000012 seconds.
  path: Assets/PF SET1/Sliced/decorative_obj_45.asset
  artifactKey: Guid(ba264f5f14700c1438c0362f04676e17) Importer(815301076,1909f56bfc062723c751e8b465ee728b)
Start importing Assets/PF SET1/Sliced/decorative_obj_45.asset using Guid(ba264f5f14700c1438c0362f04676e17) Importer(815301076,1909f56bfc062723c751e8b465ee728b) (PreviewImporter) -> (artifact id: '3fd35208bd6b7fce238f4ed460bf87fe') in 0.0116943 seconds
Number of updated asset objects reloaded before import = 0Number of asset objects unloaded after import = 3

========================================================================
Received Import Request.
  Time since last request: 0.000026 seconds.
  path: Assets/PF SET1/Sliced/decorative_obj_55.asset
  artifactKey: Guid(3d7c1941a2c760740917f32fc33787a6) Importer(815301076,1909f56bfc062723c751e8b465ee728b)
Start importing Assets/PF SET1/Sliced/decorative_obj_55.asset using Guid(3d7c1941a2c760740917f32fc33787a6) Importer(815301076,1909f56bfc062723c751e8b465ee728b) (PreviewImporter) -> (artifact id: 'b9a9d4a27c78fab197170d26f405988e') in 0.0109206 seconds
Number of updated asset objects reloaded before import = 0Number of asset objects unloaded after import = 3

========================================================================
Received Import Request.
  Time since last request: 0.000012 seconds.
  path: Assets/PF SET1/Sliced/decorative_obj_88.asset
  artifactKey: Guid(0df09401009521a48af5c4763f67ab19) Importer(815301076,1909f56bfc062723c751e8b465ee728b)
Start importing Assets/PF SET1/Sliced/decorative_obj_88.asset using Guid(0df09401009521a48af5c4763f67ab19) Importer(815301076,1909f56bfc062723c751e8b465ee728b) (PreviewImporter) -> (artifact id: '4eaa4fb81310603034c0c191c3306efb') in 0.0120396 seconds
Number of updated asset objects reloaded before import = 0Number of asset objects unloaded after import = 3

========================================================================
Received Import Request.
  Time since last request: 0.000015 seconds.
  path: Assets/PF SET1/Sliced/decorative_obj_111.asset
  artifactKey: Guid(de815511fad03674190e031b224352f0) Importer(815301076,1909f56bfc062723c751e8b465ee728b)
Start importing Assets/PF SET1/Sliced/decorative_obj_111.asset using Guid(de815511fad03674190e031b224352f0) Importer(815301076,1909f56bfc062723c751e8b465ee728b) (PreviewImporter) -> (artifact id: 'f556f3959f1480bc3c5720baeca1e00a') in 0.01096 seconds
Number of updated asset objects reloaded before import = 0Number of asset objects unloaded after import = 3

========================================================================
Received Import Request.
  Time since last request: 0.000020 seconds.
  path: Assets/PF SET1/Sliced/decorative_obj_139.asset
  artifactKey: Guid(33939df91fd01d84e9dec696eac76755) Importer(815301076,1909f56bfc062723c751e8b465ee728b)
Start importing Assets/PF SET1/Sliced/decorative_obj_139.asset using Guid(33939df91fd01d84e9dec696eac76755) Importer(815301076,1909f56bfc062723c751e8b465ee728b) (PreviewImporter) -> (artifact id: 'bd143b3c6448adad35fb2ec360468fee') in 0.0122651 seconds
Number of updated asset objects reloaded before import = 0Number of asset objects unloaded after import = 3

========================================================================
Received Import Request.
  Time since last request: 0.000026 seconds.
  path: Assets/PF SET1/Sliced/decorative_obj_160.asset
  artifactKey: Guid(477aefced36e7b54fa35672000922c01) Importer(815301076,1909f56bfc062723c751e8b465ee728b)
Start importing Assets/PF SET1/Sliced/decorative_obj_160.asset using Guid(477aefced36e7b54fa35672000922c01) Importer(815301076,1909f56bfc062723c751e8b465ee728b) (PreviewImporter) -> (artifact id: 'c23b52fa2707f2f6869739d8911db123') in 0.0141863 seconds
Number of updated asset objects reloaded before import = 0Number of asset objects unloaded after import = 3

========================================================================
Received Import Request.
  Time since last request: 0.000015 seconds.
  path: Assets/PF SET1/Sliced/decorative_obj_92.asset
  artifactKey: Guid(fe70862d7151b994abadb411acebc0ad) Importer(815301076,1909f56bfc062723c751e8b465ee728b)
Start importing Assets/PF SET1/Sliced/decorative_obj_92.asset using Guid(fe70862d7151b994abadb411acebc0ad) Importer(815301076,1909f56bfc062723c751e8b465ee728b) (PreviewImporter) -> (artifact id: 'ec97fcec5abd9c3c011a09c2df1d093e') in 0.0134961 seconds
Number of updated asset objects reloaded before import = 0Number of asset objects unloaded after import = 3

========================================================================
Received Import Request.
  Time since last request: 0.000013 seconds.
  path: Assets/PF SET1/Sliced/decorative_obj_192.asset
  artifactKey: Guid(ff7bd6097d7b2944d883da6b6874b1d4) Importer(815301076,1909f56bfc062723c751e8b465ee728b)
Start importing Assets/PF SET1/Sliced/decorative_obj_192.asset using Guid(ff7bd6097d7b2944d883da6b6874b1d4) Importer(815301076,1909f56bfc062723c751e8b465ee728b) (PreviewImporter) -> (artifact id: '5cbb3bad21df0153d7b9dcea7055bbc8') in 0.0134392 seconds
Number of updated asset objects reloaded before import = 0Number of asset objects unloaded after import = 3

========================================================================
Received Import Request.
  Time since last request: 0.000018 seconds.
  path: Assets/PF SET1/Sliced/decorative_obj_199.asset
  artifactKey: Guid(e6fd39094cbf7724f84207162466637c) Importer(815301076,1909f56bfc062723c751e8b465ee728b)
Start importing Assets/PF SET1/Sliced/decorative_obj_199.asset using Guid(e6fd39094cbf7724f84207162466637c) Importer(815301076,1909f56bfc062723c751e8b465ee728b) (PreviewImporter) -> (artifact id: 'df459eab6cd0da6469fefb6b049b870e') in 0.01189 seconds
Number of updated asset objects reloaded before import = 0Number of asset objects unloaded after import = 3

========================================================================
Received Import Request.
  Time since last request: 0.000030 seconds.
  path: Assets/PF SET1/Sliced/decorative_obj_91.asset
  artifactKey: Guid(4c072202d5e37704dbb0ef9b3102a563) Importer(815301076,1909f56bfc062723c751e8b465ee728b)
Start importing Assets/PF SET1/Sliced/decorative_obj_91.asset using Guid(4c072202d5e37704dbb0ef9b3102a563) Importer(815301076,1909f56bfc062723c751e8b465ee728b) (PreviewImporter) -> (artifact id: '98c6a1e2ed8256be31ffd1e597f20e4a') in 0.0124087 seconds
Number of updated asset objects reloaded before import = 0Number of asset objects unloaded after import = 3

========================================================================
Received Import Request.
  Time since last request: 0.000024 seconds.
  path: Assets/PF SET1/Sliced/decorative_obj_223.asset
  artifactKey: Guid(3adcca6905a83a243b05a58de9894c0c) Importer(815301076,1909f56bfc062723c751e8b465ee728b)
Start importing Assets/PF SET1/Sliced/decorative_obj_223.asset using Guid(3adcca6905a83a243b05a58de9894c0c) Importer(815301076,1909f56bfc062723c751e8b465ee728b) (PreviewImporter) -> (artifact id: '5c106a0bfba40dbc88e120b4238f8be6') in 0.0146588 seconds
Number of updated asset objects reloaded before import = 0Number of asset objects unloaded after import = 3

========================================================================
Received Import Request.
  Time since last request: 0.000018 seconds.
  path: Assets/PF SET1/Sliced/decorative_obj_250.asset
  artifactKey: Guid(957f9236343bca74c87ff7869fcdcc20) Importer(815301076,1909f56bfc062723c751e8b465ee728b)
Start importing Assets/PF SET1/Sliced/decorative_obj_250.asset using Guid(957f9236343bca74c87ff7869fcdcc20) Importer(815301076,1909f56bfc062723c751e8b465ee728b) (PreviewImporter) -> (artifact id: '1c6528eac26d6fab59c91910197510f7') in 0.0120014 seconds
Number of updated asset objects reloaded before import = 0Number of asset objects unloaded after import = 3

========================================================================
Received Import Request.
  Time since last request: 0.000020 seconds.
  path: Assets/PF SET1/Sliced/decorative_obj_71.asset
  artifactKey: Guid(e2bd81c0130df214caf7a1f8e51b5241) Importer(815301076,1909f56bfc062723c751e8b465ee728b)
Start importing Assets/PF SET1/Sliced/decorative_obj_71.asset using Guid(e2bd81c0130df214caf7a1f8e51b5241) Importer(815301076,1909f56bfc062723c751e8b465ee728b) (PreviewImporter) -> (artifact id: '2b908ead4bdc1924951e3f966e6758b4') in 0.0127478 seconds
Number of updated asset objects reloaded before import = 0Number of asset objects unloaded after import = 3

========================================================================
Received Import Request.
  Time since last request: 0.000023 seconds.
  path: Assets/PF SET1/Sliced/decorative_obj_258.asset
  artifactKey: Guid(64db33b7824d66a479d4ff2469985c8a) Importer(815301076,1909f56bfc062723c751e8b465ee728b)
Start importing Assets/PF SET1/Sliced/decorative_obj_258.asset using Guid(64db33b7824d66a479d4ff2469985c8a) Importer(815301076,1909f56bfc062723c751e8b465ee728b) (PreviewImporter) -> (artifact id: '1ede75782f9255ee6772b4fe244c6443') in 0.0105925 seconds
Number of updated asset objects reloaded before import = 0Number of asset objects unloaded after import = 3

========================================================================
Received Import Request.
  Time since last request: 0.000013 seconds.
  path: Assets/PF SET1/Sliced/decorative_obj_90.asset
  artifactKey: Guid(c8a7e247694bd9747b380a7180a465c5) Importer(815301076,1909f56bfc062723c751e8b465ee728b)
Start importing Assets/PF SET1/Sliced/decorative_obj_90.asset using Guid(c8a7e247694bd9747b380a7180a465c5) Importer(815301076,1909f56bfc062723c751e8b465ee728b) (PreviewImporter) -> (artifact id: 'c39a306d015b7c664f6db044021c8e35') in 0.0120712 seconds
Number of updated asset objects reloaded before import = 0Number of asset objects unloaded after import = 3

========================================================================
Received Import Request.
  Time since last request: 0.000021 seconds.
  path: Assets/PF SET1/Sliced/decorative_obj_297.asset
  artifactKey: Guid(9fcfabcd890f86b408373a563092f8e3) Importer(815301076,1909f56bfc062723c751e8b465ee728b)
Start importing Assets/PF SET1/Sliced/decorative_obj_297.asset using Guid(9fcfabcd890f86b408373a563092f8e3) Importer(815301076,1909f56bfc062723c751e8b465ee728b) (PreviewImporter) -> (artifact id: 'cfeff50ae0ca1a4da9cc0e3b6f06f259') in 0.0116279 seconds
Number of updated asset objects reloaded before import = 0Number of asset objects unloaded after import = 3

========================================================================
Received Import Request.
  Time since last request: 0.000016 seconds.
  path: Assets/PF SET1/Sliced/decorative_obj_329.asset
  artifactKey: Guid(6b3d6a26dea60ee4995eee3d42e083d2) Importer(815301076,1909f56bfc062723c751e8b465ee728b)
Start importing Assets/PF SET1/Sliced/decorative_obj_329.asset using Guid(6b3d6a26dea60ee4995eee3d42e083d2) Importer(815301076,1909f56bfc062723c751e8b465ee728b) (PreviewImporter) -> (artifact id: 'ab3367093a3d15e53ca7f5a93db0fad7') in 0.0130854 seconds
Number of updated asset objects reloaded before import = 0Number of asset objects unloaded after import = 3

========================================================================
Received Import Request.
  Time since last request: 0.000021 seconds.
  path: Assets/PF SET1/Sliced/decorative_obj_340.asset
  artifactKey: Guid(9e7eabffd40a8bd439edcf2d994c9b0a) Importer(815301076,1909f56bfc062723c751e8b465ee728b)
Start importing Assets/PF SET1/Sliced/decorative_obj_340.asset using Guid(9e7eabffd40a8bd439edcf2d994c9b0a) Importer(815301076,1909f56bfc062723c751e8b465ee728b) (PreviewImporter) -> (artifact id: '5db28dd265937d393c421d4b3344bdb0') in 0.0120841 seconds
Number of updated asset objects reloaded before import = 0Number of asset objects unloaded after import = 3

========================================================================
Received Import Request.
  Time since last request: 0.000015 seconds.
  path: Assets/PF SET1/Sliced/decorative_obj_375.asset
  artifactKey: Guid(9868e63325d53b246955b544855fcbf7) Importer(815301076,1909f56bfc062723c751e8b465ee728b)
Start importing Assets/PF SET1/Sliced/decorative_obj_375.asset using Guid(9868e63325d53b246955b544855fcbf7) Importer(815301076,1909f56bfc062723c751e8b465ee728b) (PreviewImporter) -> (artifact id: '4221bd93800cfca9308ccfd87e60139d') in 0.0135674 seconds
Number of updated asset objects reloaded before import = 0Number of asset objects unloaded after import = 3

========================================================================
Received Import Request.
  Time since last request: 0.000012 seconds.
  path: Assets/PF SET1/Sliced/decorative_obj_401.asset
  artifactKey: Guid(05dcc72be1f58f047942f28f329c844a) Importer(815301076,1909f56bfc062723c751e8b465ee728b)
Start importing Assets/PF SET1/Sliced/decorative_obj_401.asset using Guid(05dcc72be1f58f047942f28f329c844a) Importer(815301076,1909f56bfc062723c751e8b465ee728b) (PreviewImporter) -> (artifact id: '4865e223c28da49898f754c0ae39207e') in 0.0147071 seconds
Number of updated asset objects reloaded before import = 0Number of asset objects unloaded after import = 3

========================================================================
Received Import Request.
  Time since last request: 0.000015 seconds.
  path: Assets/PF SET1/Sliced/decorative_obj_374.asset
  artifactKey: Guid(eca12c9540e638847a8968a296502a51) Importer(815301076,1909f56bfc062723c751e8b465ee728b)
Start importing Assets/PF SET1/Sliced/decorative_obj_374.asset using Guid(eca12c9540e638847a8968a296502a51) Importer(815301076,1909f56bfc062723c751e8b465ee728b) (PreviewImporter) -> (artifact id: 'd5d91fb1e00036c6124638c1e66d7263') in 0.0124042 seconds
Number of updated asset objects reloaded before import = 0Number of asset objects unloaded after import = 3

========================================================================
Received Import Request.
  Time since last request: 0.000025 seconds.
  path: Assets/PF SET1/Sliced/decorative_obj_54.asset
  artifactKey: Guid(74161147f48ec72479cb060955ce067d) Importer(815301076,1909f56bfc062723c751e8b465ee728b)
Start importing Assets/PF SET1/Sliced/decorative_obj_54.asset using Guid(74161147f48ec72479cb060955ce067d) Importer(815301076,1909f56bfc062723c751e8b465ee728b) (PreviewImporter) -> (artifact id: 'ba57c6bcafa66275b1bc91fa7397eeba') in 0.0166214 seconds
Number of updated asset objects reloaded before import = 0Number of asset objects unloaded after import = 3

========================================================================
Received Import Request.
  Time since last request: 0.000013 seconds.
  path: Assets/PF SET1/Sliced/decorative_obj_239.asset
  artifactKey: Guid(43f9e25105deaf942b15c4320a9463c6) Importer(815301076,1909f56bfc062723c751e8b465ee728b)
Start importing Assets/PF SET1/Sliced/decorative_obj_239.asset using Guid(43f9e25105deaf942b15c4320a9463c6) Importer(815301076,1909f56bfc062723c751e8b465ee728b) (PreviewImporter) -> (artifact id: 'eeae2933c8b0fe1cc39a9b9ee0878a0c') in 0.0129299 seconds
Number of updated asset objects reloaded before import = 0Number of asset objects unloaded after import = 3

========================================================================
Received Import Request.
  Time since last request: 0.000034 seconds.
  path: Assets/PF SET1/Sliced/decorative_obj_463.asset
  artifactKey: Guid(8756256a8e91ebe439b59c17ea00d7fc) Importer(815301076,1909f56bfc062723c751e8b465ee728b)
Start importing Assets/PF SET1/Sliced/decorative_obj_463.asset using Guid(8756256a8e91ebe439b59c17ea00d7fc) Importer(815301076,1909f56bfc062723c751e8b465ee728b) (PreviewImporter) -> (artifact id: '6ffc4246c7981bb26c0c98d7c374691a') in 0.013219 seconds
Number of updated asset objects reloaded before import = 0Number of asset objects unloaded after import = 3

========================================================================
Received Import Request.
  Time since last request: 0.000015 seconds.
  path: Assets/PF SET1/Sliced/decorative_obj_104.asset
  artifactKey: Guid(8733e0f9ae29c864c96e0c56489ca802) Importer(815301076,1909f56bfc062723c751e8b465ee728b)
Start importing Assets/PF SET1/Sliced/decorative_obj_104.asset using Guid(8733e0f9ae29c864c96e0c56489ca802) Importer(815301076,1909f56bfc062723c751e8b465ee728b) (PreviewImporter) -> (artifact id: '920f544e4d60a871fc8c19946aaec4a9') in 0.0136435 seconds
Number of updated asset objects reloaded before import = 0Number of asset objects unloaded after import = 3

========================================================================
Received Import Request.
  Time since last request: 0.000017 seconds.
  path: Assets/PF SET1/Sliced/decorative_obj_191.asset
  artifactKey: Guid(e628a294be0da89498a174e11db74a64) Importer(815301076,1909f56bfc062723c751e8b465ee728b)
Start importing Assets/PF SET1/Sliced/decorative_obj_191.asset using Guid(e628a294be0da89498a174e11db74a64) Importer(815301076,1909f56bfc062723c751e8b465ee728b) (PreviewImporter) -> (artifact id: 'f131ab42c94ff20b9162e3c389a2633a') in 0.013173 seconds
Number of updated asset objects reloaded before import = 0Number of asset objects unloaded after import = 3

========================================================================
Received Import Request.
  Time since last request: 0.000018 seconds.
  path: Assets/PF SET1/Sliced/decorative_obj_358.asset
  artifactKey: Guid(e1d4cd7008e64644aab50a461dfc9783) Importer(815301076,1909f56bfc062723c751e8b465ee728b)
Start importing Assets/PF SET1/Sliced/decorative_obj_358.asset using Guid(e1d4cd7008e64644aab50a461dfc9783) Importer(815301076,1909f56bfc062723c751e8b465ee728b) (PreviewImporter) -> (artifact id: '35e65aa034eb93d4794585d08468f025') in 0.0156108 seconds
Number of updated asset objects reloaded before import = 0Number of asset objects unloaded after import = 3

========================================================================
Received Import Request.
  Time since last request: 0.000012 seconds.
  path: Assets/PF SET1/Sliced/decorative_obj_260.asset
  artifactKey: Guid(942e23fcdeec31849b2fbc9e1747ee83) Importer(815301076,1909f56bfc062723c751e8b465ee728b)
Start importing Assets/PF SET1/Sliced/decorative_obj_260.asset using Guid(942e23fcdeec31849b2fbc9e1747ee83) Importer(815301076,1909f56bfc062723c751e8b465ee728b) (PreviewImporter) -> (artifact id: '7aba5b39a088a84a804b8bf28b378a7a') in 0.0109897 seconds
Number of updated asset objects reloaded before import = 0Number of asset objects unloaded after import = 3

========================================================================
Received Import Request.
  Time since last request: 0.000012 seconds.
  path: Assets/PF SET1/Sliced/decorative_obj_130.asset
  artifactKey: Guid(0ac7152fe691024418f9ddc476c97297) Importer(815301076,1909f56bfc062723c751e8b465ee728b)
Start importing Assets/PF SET1/Sliced/decorative_obj_130.asset using Guid(0ac7152fe691024418f9ddc476c97297) Importer(815301076,1909f56bfc062723c751e8b465ee728b) (PreviewImporter) -> (artifact id: 'faff94210f4f8cad2108630ea4a8679b') in 0.0109292 seconds
Number of updated asset objects reloaded before import = 0Number of asset objects unloaded after import = 3

========================================================================
Received Import Request.
  Time since last request: 0.000018 seconds.
  path: Assets/PF SET1/Sliced/decorative_obj_318.asset
  artifactKey: Guid(18a8da8f4122b504a96682dcf7b49d7f) Importer(815301076,1909f56bfc062723c751e8b465ee728b)
Start importing Assets/PF SET1/Sliced/decorative_obj_318.asset using Guid(18a8da8f4122b504a96682dcf7b49d7f) Importer(815301076,1909f56bfc062723c751e8b465ee728b) (PreviewImporter) -> (artifact id: '6e1e974f1faffb5f6dd7b46015a24088') in 0.0156887 seconds
Number of updated asset objects reloaded before import = 0Number of asset objects unloaded after import = 3

========================================================================
Received Import Request.
  Time since last request: 0.000017 seconds.
  path: Assets/PF SET1/Sliced/decorative_obj_462.asset
  artifactKey: Guid(21c6bbb5540d19d438b5a2f07f494920) Importer(815301076,1909f56bfc062723c751e8b465ee728b)
Start importing Assets/PF SET1/Sliced/decorative_obj_462.asset using Guid(21c6bbb5540d19d438b5a2f07f494920) Importer(815301076,1909f56bfc062723c751e8b465ee728b) (PreviewImporter) -> (artifact id: '4d698baa70cc34d0cc7d6719b0415756') in 0.0117652 seconds
Number of updated asset objects reloaded before import = 0Number of asset objects unloaded after import = 3

========================================================================
Received Import Request.
  Time since last request: 0.000013 seconds.
  path: Assets/PF SET1/Sliced/decorative_obj_157.asset
  artifactKey: Guid(680468add23ef4c40a876cf49253b217) Importer(815301076,1909f56bfc062723c751e8b465ee728b)
Start importing Assets/PF SET1/Sliced/decorative_obj_157.asset using Guid(680468add23ef4c40a876cf49253b217) Importer(815301076,1909f56bfc062723c751e8b465ee728b) (PreviewImporter) -> (artifact id: '27ba20b59e224be21b60379c8a768bbd') in 0.0135838 seconds
Number of updated asset objects reloaded before import = 0Number of asset objects unloaded after import = 3

========================================================================
Received Import Request.
  Time since last request: 0.000017 seconds.
  path: Assets/PF SET1/Sliced/decorative_obj_126.asset
  artifactKey: Guid(f4c03da6cbaf4614697d294355394b3e) Importer(815301076,1909f56bfc062723c751e8b465ee728b)
Start importing Assets/PF SET1/Sliced/decorative_obj_126.asset using Guid(f4c03da6cbaf4614697d294355394b3e) Importer(815301076,1909f56bfc062723c751e8b465ee728b) (PreviewImporter) -> (artifact id: 'bcee1fe6368b25412be30c9bc0a9139a') in 0.0122732 seconds
Number of updated asset objects reloaded before import = 0Number of asset objects unloaded after import = 3

========================================================================
Received Import Request.
  Time since last request: 0.000023 seconds.
  path: Assets/PF SET1/Sliced/decorative_obj_165.asset
  artifactKey: Guid(822566e5fe298144b99990c70314d6d5) Importer(815301076,1909f56bfc062723c751e8b465ee728b)
Start importing Assets/PF SET1/Sliced/decorative_obj_165.asset using Guid(822566e5fe298144b99990c70314d6d5) Importer(815301076,1909f56bfc062723c751e8b465ee728b) (PreviewImporter) -> (artifact id: 'eafc350cee42c8017494243450a95cc7') in 0.0144962 seconds
Number of updated asset objects reloaded before import = 0Number of asset objects unloaded after import = 3

========================================================================
Received Import Request.
  Time since last request: 0.000015 seconds.
  path: Assets/PF SET1/Sliced/decorative_obj_214.asset
  artifactKey: Guid(3c323f54b29bf5d439bccea4bee81acc) Importer(815301076,1909f56bfc062723c751e8b465ee728b)
Start importing Assets/PF SET1/Sliced/decorative_obj_214.asset using Guid(3c323f54b29bf5d439bccea4bee81acc) Importer(815301076,1909f56bfc062723c751e8b465ee728b) (PreviewImporter) -> (artifact id: '35a4b96ffdd0535213bde46ae26d1142') in 0.0122845 seconds
Number of updated asset objects reloaded before import = 0Number of asset objects unloaded after import = 3

========================================================================
Received Import Request.
  Time since last request: 0.000017 seconds.
  path: Assets/PF SET1/Sliced/decorative_obj_241.asset
  artifactKey: Guid(82041da4083e8b147a405ef0d0b4e123) Importer(815301076,1909f56bfc062723c751e8b465ee728b)
Start importing Assets/PF SET1/Sliced/decorative_obj_241.asset using Guid(82041da4083e8b147a405ef0d0b4e123) Importer(815301076,1909f56bfc062723c751e8b465ee728b) (PreviewImporter) -> (artifact id: '84eea09ddace6b692197787cec9e8ca5') in 0.0142242 seconds
Number of updated asset objects reloaded before import = 0Number of asset objects unloaded after import = 3

========================================================================
Received Import Request.
  Time since last request: 0.000022 seconds.
  path: Assets/PF SET1/Sliced/decorative_obj_184.asset
  artifactKey: Guid(f124ef93c97906541b77e17d5a5285a1) Importer(815301076,1909f56bfc062723c751e8b465ee728b)
Start importing Assets/PF SET1/Sliced/decorative_obj_184.asset using Guid(f124ef93c97906541b77e17d5a5285a1) Importer(815301076,1909f56bfc062723c751e8b465ee728b) (PreviewImporter) -> (artifact id: '5dc208ac3d4a89f9d96344fcf51d4b20') in 0.0117897 seconds
Number of updated asset objects reloaded before import = 0Number of asset objects unloaded after import = 3

========================================================================
Received Import Request.
  Time since last request: 0.000025 seconds.
  path: Assets/PF SET1/Sliced/decorative_obj_59.asset
  artifactKey: Guid(88bc3b41ea1776a4e9ef1f6f55119fe2) Importer(815301076,1909f56bfc062723c751e8b465ee728b)
Start importing Assets/PF SET1/Sliced/decorative_obj_59.asset using Guid(88bc3b41ea1776a4e9ef1f6f55119fe2) Importer(815301076,1909f56bfc062723c751e8b465ee728b) (PreviewImporter) -> (artifact id: '7bf8ebcc0bd43a7b0296046b9298d3d6') in 0.0133857 seconds
Number of updated asset objects reloaded before import = 0Number of asset objects unloaded after import = 3

========================================================================
Received Import Request.
  Time since last request: 0.000015 seconds.
  path: Assets/PF SET1/Sliced/decorative_obj_372.asset
  artifactKey: Guid(bebf88e72fb861242b0fc505b926c5ab) Importer(815301076,1909f56bfc062723c751e8b465ee728b)
Start importing Assets/PF SET1/Sliced/decorative_obj_372.asset using Guid(bebf88e72fb861242b0fc505b926c5ab) Importer(815301076,1909f56bfc062723c751e8b465ee728b) (PreviewImporter) -> (artifact id: 'f067c44c2d83d96e7ecf5cfa2a746e6c') in 0.0119112 seconds
Number of updated asset objects reloaded before import = 0Number of asset objects unloaded after import = 3

========================================================================
Received Import Request.
  Time since last request: 0.000015 seconds.
  path: Assets/PF SET1/Sliced/decorative_obj_181.asset
  artifactKey: Guid(b8f7700e455fae64ab5d6d0c4e4aedd2) Importer(815301076,1909f56bfc062723c751e8b465ee728b)
Start importing Assets/PF SET1/Sliced/decorative_obj_181.asset using Guid(b8f7700e455fae64ab5d6d0c4e4aedd2) Importer(815301076,1909f56bfc062723c751e8b465ee728b) (PreviewImporter) -> (artifact id: '40597355766de663c8d2f6dec3d5fe36') in 0.0155515 seconds
Number of updated asset objects reloaded before import = 0Number of asset objects unloaded after import = 3

========================================================================
Received Import Request.
  Time since last request: 0.000020 seconds.
  path: Assets/PF SET1/Sliced/decorative_obj_421.asset
  artifactKey: Guid(b51410bd7827cb441a6691a31f3d1d9b) Importer(815301076,1909f56bfc062723c751e8b465ee728b)
Start importing Assets/PF SET1/Sliced/decorative_obj_421.asset using Guid(b51410bd7827cb441a6691a31f3d1d9b) Importer(815301076,1909f56bfc062723c751e8b465ee728b) (PreviewImporter) -> (artifact id: '26cf0703f1ff23ed1f363c94aeb4868f') in 0.0125727 seconds
Number of updated asset objects reloaded before import = 0Number of asset objects unloaded after import = 3

========================================================================
Received Import Request.
  Time since last request: 0.000021 seconds.
  path: Assets/PF SET1/Sliced/decorative_obj_261.asset
  artifactKey: Guid(752618b56fe65724da99746eb83e472b) Importer(815301076,1909f56bfc062723c751e8b465ee728b)
Start importing Assets/PF SET1/Sliced/decorative_obj_261.asset using Guid(752618b56fe65724da99746eb83e472b) Importer(815301076,1909f56bfc062723c751e8b465ee728b) (PreviewImporter) -> (artifact id: 'd80747a2c6825933fcffeb1a1ebe6805') in 0.0137313 seconds
Number of updated asset objects reloaded before import = 0Number of asset objects unloaded after import = 3

========================================================================
Received Import Request.
  Time since last request: 0.000015 seconds.
  path: Assets/PF SET1/Sliced/decorative_obj_299.asset
  artifactKey: Guid(2a570334474f95649b4ce1521954fe2d) Importer(815301076,1909f56bfc062723c751e8b465ee728b)
Start importing Assets/PF SET1/Sliced/decorative_obj_299.asset using Guid(2a570334474f95649b4ce1521954fe2d) Importer(815301076,1909f56bfc062723c751e8b465ee728b) (PreviewImporter) -> (artifact id: '670b32ad9978a3ef2b4d130dd607ee97') in 0.0109739 seconds
Number of updated asset objects reloaded before import = 0Number of asset objects unloaded after import = 3

========================================================================
Received Import Request.
  Time since last request: 0.000021 seconds.
  path: Assets/PF SET1/Sliced/decorative_obj_426.asset
  artifactKey: Guid(7db96e58cfcac5b46a6984c37508e7fd) Importer(815301076,1909f56bfc062723c751e8b465ee728b)
Start importing Assets/PF SET1/Sliced/decorative_obj_426.asset using Guid(7db96e58cfcac5b46a6984c37508e7fd) Importer(815301076,1909f56bfc062723c751e8b465ee728b) (PreviewImporter) -> (artifact id: 'c4c740f16eec40da34c547b3aa414e8d') in 0.0135996 seconds
Number of updated asset objects reloaded before import = 0Number of asset objects unloaded after import = 3

========================================================================
Received Import Request.
  Time since last request: 0.000025 seconds.
  path: Assets/PF SET1/Sliced/decorative_obj_389.asset
  artifactKey: Guid(2bd2a8a02ef96db4bacf2e0938849d05) Importer(815301076,1909f56bfc062723c751e8b465ee728b)
Start importing Assets/PF SET1/Sliced/decorative_obj_389.asset using Guid(2bd2a8a02ef96db4bacf2e0938849d05) Importer(815301076,1909f56bfc062723c751e8b465ee728b) (PreviewImporter) -> (artifact id: '5443a955f22067f5bdee402a4df0ba0f') in 0.0160961 seconds
Number of updated asset objects reloaded before import = 0Number of asset objects unloaded after import = 3

========================================================================
Received Import Request.
  Time since last request: 0.000048 seconds.
  path: Assets/PF SET1/Sliced/decorative_obj_458.asset
  artifactKey: Guid(72c79533963b4b043bfe6bf14b824f3c) Importer(815301076,1909f56bfc062723c751e8b465ee728b)
Start importing Assets/PF SET1/Sliced/decorative_obj_458.asset using Guid(72c79533963b4b043bfe6bf14b824f3c) Importer(815301076,1909f56bfc062723c751e8b465ee728b) (PreviewImporter) -> (artifact id: 'e4d411becb5db23c7b84fbdafed64ea3') in 0.0124619 seconds
Number of updated asset objects reloaded before import = 0Number of asset objects unloaded after import = 3

========================================================================
Received Import Request.
  Time since last request: 0.000015 seconds.
  path: Assets/PF SET1/Sliced/decorative_obj_317.asset
  artifactKey: Guid(5475ed40b66b11044a631db42b0bd3fa) Importer(815301076,1909f56bfc062723c751e8b465ee728b)
Start importing Assets/PF SET1/Sliced/decorative_obj_317.asset using Guid(5475ed40b66b11044a631db42b0bd3fa) Importer(815301076,1909f56bfc062723c751e8b465ee728b) (PreviewImporter) -> (artifact id: 'dd3c23207f0222c86b79aa53cba52da6') in 0.0138615 seconds
Number of updated asset objects reloaded before import = 0Number of asset objects unloaded after import = 3

========================================================================
Received Import Request.
  Time since last request: 0.000012 seconds.
  path: Assets/PF SET1/Sliced/decorative_obj_161.asset
  artifactKey: Guid(3e521ac0084d3a84cb8b9887cb99885b) Importer(815301076,1909f56bfc062723c751e8b465ee728b)
Start importing Assets/PF SET1/Sliced/decorative_obj_161.asset using Guid(3e521ac0084d3a84cb8b9887cb99885b) Importer(815301076,1909f56bfc062723c751e8b465ee728b) (PreviewImporter) -> (artifact id: '82a2a86917ba97fb01d874e692185ad0') in 0.0125219 seconds
Number of updated asset objects reloaded before import = 0Number of asset objects unloaded after import = 3

========================================================================
Received Import Request.
  Time since last request: 0.000018 seconds.
  path: Assets/PF SET1/Sliced/decorative_obj_396.asset
  artifactKey: Guid(cb8cfcf56fb50c84c9e055cf022ade97) Importer(815301076,1909f56bfc062723c751e8b465ee728b)
Start importing Assets/PF SET1/Sliced/decorative_obj_396.asset using Guid(cb8cfcf56fb50c84c9e055cf022ade97) Importer(815301076,1909f56bfc062723c751e8b465ee728b) (PreviewImporter) -> (artifact id: '09cdf3c260a5b8e76b2b629b2a832d90') in 0.0126755 seconds
Number of updated asset objects reloaded before import = 0Number of asset objects unloaded after import = 3

========================================================================
Received Import Request.
  Time since last request: 0.000037 seconds.
  path: Assets/PF SET1/Sliced/decorative_obj_412.asset
  artifactKey: Guid(b13662dcbbf9d71468dc1633f4fbba59) Importer(815301076,1909f56bfc062723c751e8b465ee728b)
Start importing Assets/PF SET1/Sliced/decorative_obj_412.asset using Guid(b13662dcbbf9d71468dc1633f4fbba59) Importer(815301076,1909f56bfc062723c751e8b465ee728b) (PreviewImporter) -> (artifact id: '527db97767140f5d3d1449fafb5748cb') in 0.0136569 seconds
Number of updated asset objects reloaded before import = 0Number of asset objects unloaded after import = 3

========================================================================
Received Import Request.
  Time since last request: 0.000016 seconds.
  path: Assets/PF SET1/Sliced/decorative_obj_152.asset
  artifactKey: Guid(d6d3f252b10816b4d96849a52212eaab) Importer(815301076,1909f56bfc062723c751e8b465ee728b)
Start importing Assets/PF SET1/Sliced/decorative_obj_152.asset using Guid(d6d3f252b10816b4d96849a52212eaab) Importer(815301076,1909f56bfc062723c751e8b465ee728b) (PreviewImporter) -> (artifact id: '2e5d6d4ebad5e0fad2466e96fd53a722') in 0.0149935 seconds
Number of updated asset objects reloaded before import = 0Number of asset objects unloaded after import = 3

========================================================================
Received Import Request.
  Time since last request: 0.000016 seconds.
  path: Assets/PF SET1/Sliced/decorative_obj_321.asset
  artifactKey: Guid(37145c30b43305842bbbf8a1b1acba4b) Importer(815301076,1909f56bfc062723c751e8b465ee728b)
Start importing Assets/PF SET1/Sliced/decorative_obj_321.asset using Guid(37145c30b43305842bbbf8a1b1acba4b) Importer(815301076,1909f56bfc062723c751e8b465ee728b) (PreviewImporter) -> (artifact id: '04ec84623509b06a96ce3f27e23d97f8') in 0.0124182 seconds
Number of updated asset objects reloaded before import = 0Number of asset objects unloaded after import = 3

========================================================================
Received Import Request.
  Time since last request: 0.000024 seconds.
  path: Assets/PF SET1/Sliced/decorative_obj_109.asset
  artifactKey: Guid(6419d427d4f407e48ade1a15d2526ee5) Importer(815301076,1909f56bfc062723c751e8b465ee728b)
Start importing Assets/PF SET1/Sliced/decorative_obj_109.asset using Guid(6419d427d4f407e48ade1a15d2526ee5) Importer(815301076,1909f56bfc062723c751e8b465ee728b) (PreviewImporter) -> (artifact id: 'c9bfc6a339ba26bb7063c684aef02659') in 0.0134788 seconds
Number of updated asset objects reloaded before import = 0Number of asset objects unloaded after import = 3

========================================================================
Received Import Request.
  Time since last request: 0.000035 seconds.
  path: Assets/PF SET1/Sliced/decorative_obj_123.asset
  artifactKey: Guid(af2f8cabc84c3f44aabd8547e70a7767) Importer(815301076,1909f56bfc062723c751e8b465ee728b)
Start importing Assets/PF SET1/Sliced/decorative_obj_123.asset using Guid(af2f8cabc84c3f44aabd8547e70a7767) Importer(815301076,1909f56bfc062723c751e8b465ee728b) (PreviewImporter) -> (artifact id: '165bcb7fcea53b20228bef4fd53c0668') in 0.0122662 seconds
Number of updated asset objects reloaded before import = 0Number of asset objects unloaded after import = 3

========================================================================
Received Import Request.
  Time since last request: 0.000010 seconds.
  path: Assets/PF SET1/Sliced/decorative_obj_210.asset
  artifactKey: Guid(449b5fdacdb13c848be1bb8a5ff319d5) Importer(815301076,1909f56bfc062723c751e8b465ee728b)
Start importing Assets/PF SET1/Sliced/decorative_obj_210.asset using Guid(449b5fdacdb13c848be1bb8a5ff319d5) Importer(815301076,1909f56bfc062723c751e8b465ee728b) (PreviewImporter) -> (artifact id: 'ae6e0d32247b5876d44143ad77e2ca53') in 0.0113982 seconds
Number of updated asset objects reloaded before import = 0Number of asset objects unloaded after import = 3

========================================================================
Received Import Request.
  Time since last request: 0.000011 seconds.
  path: Assets/PF SET1/Sliced/decorative_obj_64.asset
  artifactKey: Guid(4303f8f1a208587429071e2f2c097941) Importer(815301076,1909f56bfc062723c751e8b465ee728b)
Start importing Assets/PF SET1/Sliced/decorative_obj_64.asset using Guid(4303f8f1a208587429071e2f2c097941) Importer(815301076,1909f56bfc062723c751e8b465ee728b) (PreviewImporter) -> (artifact id: '50d935b243a4870d65c7348b44ef2edd') in 0.0136789 seconds
Number of updated asset objects reloaded before import = 0Number of asset objects unloaded after import = 3

========================================================================
Received Import Request.
  Time since last request: 0.000017 seconds.
  path: Assets/PF SET1/Sliced/decorative_obj_314.asset
  artifactKey: Guid(4c97378b4a7527e4fbf56b697971fc6d) Importer(815301076,1909f56bfc062723c751e8b465ee728b)
Start importing Assets/PF SET1/Sliced/decorative_obj_314.asset using Guid(4c97378b4a7527e4fbf56b697971fc6d) Importer(815301076,1909f56bfc062723c751e8b465ee728b) (PreviewImporter) -> (artifact id: 'fc5091a5933e0af4349c3625ca3d123e') in 0.0125679 seconds
Number of updated asset objects reloaded before import = 0Number of asset objects unloaded after import = 3

========================================================================
Received Import Request.
  Time since last request: 0.000023 seconds.
  path: Assets/PF SET1/Sliced/decorative_obj_197.asset
  artifactKey: Guid(3445a291ae00c3040803dafaa0ff92bd) Importer(815301076,1909f56bfc062723c751e8b465ee728b)
Start importing Assets/PF SET1/Sliced/decorative_obj_197.asset using Guid(3445a291ae00c3040803dafaa0ff92bd) Importer(815301076,1909f56bfc062723c751e8b465ee728b) (PreviewImporter) -> (artifact id: '760390358550520ee011ec31b6a23b82') in 0.0120503 seconds
Number of updated asset objects reloaded before import = 0Number of asset objects unloaded after import = 3

========================================================================
Received Import Request.
  Time since last request: 0.000012 seconds.
  path: Assets/PF SET1/Sliced/decorative_obj_386.asset
  artifactKey: Guid(0a7e027469e97d641804d19487e53ba6) Importer(815301076,1909f56bfc062723c751e8b465ee728b)
Start importing Assets/PF SET1/Sliced/decorative_obj_386.asset using Guid(0a7e027469e97d641804d19487e53ba6) Importer(815301076,1909f56bfc062723c751e8b465ee728b) (PreviewImporter) -> (artifact id: 'b3d9faf1cada0b92e62907fd0890b7ce') in 0.0144954 seconds
Number of updated asset objects reloaded before import = 0Number of asset objects unloaded after import = 3

========================================================================
Received Import Request.
  Time since last request: 0.000015 seconds.
  path: Assets/PF SET1/Sliced/decorative_obj_256.asset
  artifactKey: Guid(8796ddde4ded5504c88c07d10613ed33) Importer(815301076,1909f56bfc062723c751e8b465ee728b)
Start importing Assets/PF SET1/Sliced/decorative_obj_256.asset using Guid(8796ddde4ded5504c88c07d10613ed33) Importer(815301076,1909f56bfc062723c751e8b465ee728b) (PreviewImporter) -> (artifact id: '260025707ea24acbaf329e259fbc180e') in 0.012461 seconds
Number of updated asset objects reloaded before import = 0Number of asset objects unloaded after import = 3

========================================================================
Received Import Request.
  Time since last request: 0.000012 seconds.
  path: Assets/PF SET1/Sliced/decorative_obj_417.asset
  artifactKey: Guid(7f5f1b406ccf7fd41b6202a124a31046) Importer(815301076,1909f56bfc062723c751e8b465ee728b)
Start importing Assets/PF SET1/Sliced/decorative_obj_417.asset using Guid(7f5f1b406ccf7fd41b6202a124a31046) Importer(815301076,1909f56bfc062723c751e8b465ee728b) (PreviewImporter) -> (artifact id: 'd62ba88b8b8820d5b1a02dc8eb2b2812') in 0.0124307 seconds
Number of updated asset objects reloaded before import = 0Number of asset objects unloaded after import = 3

========================================================================
Received Import Request.
  Time since last request: 0.000017 seconds.
  path: Assets/PF SET1/Sliced/decorative_obj_349.asset
  artifactKey: Guid(8d6d375ae5fc3a24dbe1dcd9226fc43d) Importer(815301076,1909f56bfc062723c751e8b465ee728b)
Start importing Assets/PF SET1/Sliced/decorative_obj_349.asset using Guid(8d6d375ae5fc3a24dbe1dcd9226fc43d) Importer(815301076,1909f56bfc062723c751e8b465ee728b) (PreviewImporter) -> (artifact id: '1f737a807f6c0304cba2562ac4b851df') in 0.0116614 seconds
Number of updated asset objects reloaded before import = 0Number of asset objects unloaded after import = 3

========================================================================
Received Import Request.
  Time since last request: 0.000013 seconds.
  path: Assets/PF SET1/Sliced/decorative_obj_366.asset
  artifactKey: Guid(1bb5cbce97845584ea14efd8f6557d34) Importer(815301076,1909f56bfc062723c751e8b465ee728b)
Start importing Assets/PF SET1/Sliced/decorative_obj_366.asset using Guid(1bb5cbce97845584ea14efd8f6557d34) Importer(815301076,1909f56bfc062723c751e8b465ee728b) (PreviewImporter) -> (artifact id: '45bdcb6f136780f64bb631a2807924bf') in 0.0122027 seconds
Number of updated asset objects reloaded before import = 0Number of asset objects unloaded after import = 3

========================================================================
Received Import Request.
  Time since last request: 0.000022 seconds.
  path: Assets/PF SET1/Sliced/decorative_obj_275.asset
  artifactKey: Guid(0adc3cc429d3b8d468c06b6d50d7b3e6) Importer(815301076,1909f56bfc062723c751e8b465ee728b)
Start importing Assets/PF SET1/Sliced/decorative_obj_275.asset using Guid(0adc3cc429d3b8d468c06b6d50d7b3e6) Importer(815301076,1909f56bfc062723c751e8b465ee728b) (PreviewImporter) -> (artifact id: '1a6a057a146acb5528ff05012e52c670') in 0.0133665 seconds
Number of updated asset objects reloaded before import = 0Number of asset objects unloaded after import = 3

========================================================================
Received Import Request.
  Time since last request: 0.000020 seconds.
  path: Assets/PF SET1/Sliced/decorative_obj_187.asset
  artifactKey: Guid(cb28da3f7e5a68941b9c386eac17bf14) Importer(815301076,1909f56bfc062723c751e8b465ee728b)
Start importing Assets/PF SET1/Sliced/decorative_obj_187.asset using Guid(cb28da3f7e5a68941b9c386eac17bf14) Importer(815301076,1909f56bfc062723c751e8b465ee728b) (PreviewImporter) -> (artifact id: '58361c24170268d2f4fd32fb88f8d72f') in 0.013115 seconds
Number of updated asset objects reloaded before import = 0Number of asset objects unloaded after import = 3

========================================================================
Received Import Request.
  Time since last request: 0.000021 seconds.
  path: Assets/PF SET1/Sliced/decorative_obj_403.asset
  artifactKey: Guid(ac482dd3699d59d4094d74aa99b2dac0) Importer(815301076,1909f56bfc062723c751e8b465ee728b)
Start importing Assets/PF SET1/Sliced/decorative_obj_403.asset using Guid(ac482dd3699d59d4094d74aa99b2dac0) Importer(815301076,1909f56bfc062723c751e8b465ee728b) (PreviewImporter) -> (artifact id: '8d055bf903825e36e8765546700938ca') in 0.013126 seconds
Number of updated asset objects reloaded before import = 0Number of asset objects unloaded after import = 3

========================================================================
Received Import Request.
  Time since last request: 0.000013 seconds.
  path: Assets/PF SET1/Sliced/decorative_obj_61.asset
  artifactKey: Guid(e51533c4e91a8f7478e4ad7f69412849) Importer(815301076,1909f56bfc062723c751e8b465ee728b)
Start importing Assets/PF SET1/Sliced/decorative_obj_61.asset using Guid(e51533c4e91a8f7478e4ad7f69412849) Importer(815301076,1909f56bfc062723c751e8b465ee728b) (PreviewImporter) -> (artifact id: '50e6fc26cc99f39ad928c1dcf50370cf') in 0.0138557 seconds
Number of updated asset objects reloaded before import = 0Number of asset objects unloaded after import = 3

========================================================================
Received Import Request.
  Time since last request: 0.000028 seconds.
  path: Assets/PF SET1/Sliced/decorative_obj_433.asset
  artifactKey: Guid(1e9ff1e6f47d5574fa6bc01f4994d0fc) Importer(815301076,1909f56bfc062723c751e8b465ee728b)
Start importing Assets/PF SET1/Sliced/decorative_obj_433.asset using Guid(1e9ff1e6f47d5574fa6bc01f4994d0fc) Importer(815301076,1909f56bfc062723c751e8b465ee728b) (PreviewImporter) -> (artifact id: '76f23748f86fd866d94c98f01028a0c8') in 0.0234332 seconds
Number of updated asset objects reloaded before import = 0Number of asset objects unloaded after import = 3

========================================================================
Received Import Request.
  Time since last request: 7.400062 seconds.
  path: Assets/PF SET1/Sliced/decorative_obj.png
  artifactKey: Guid(150671d6d3ba0144998bef186d4b4ea9) Importer(815301076,1909f56bfc062723c751e8b465ee728b)
Start importing Assets/PF SET1/Sliced/decorative_obj.png using Guid(150671d6d3ba0144998bef186d4b4ea9) Importer(815301076,1909f56bfc062723c751e8b465ee728b) (PreviewImporter) -> (artifact id: '7bebb7f2a40452b226ce37b699906b3f') in 1.0550061 seconds
Number of updated asset objects reloaded before import = 0Number of asset objects unloaded after import = 953

========================================================================
Received Import Request.
  Time since last request: 8.676090 seconds.
  path: Assets/PF SET1/Sliced/decorative_obj.png
  artifactKey: Guid(150671d6d3ba0144998bef186d4b4ea9) Importer(815301076,1909f56bfc062723c751e8b465ee728b)
Start importing Assets/PF SET1/Sliced/decorative_obj.png using Guid(150671d6d3ba0144998bef186d4b4ea9) Importer(815301076,1909f56bfc062723c751e8b465ee728b) (PreviewImporter) -> (artifact id: '3865c87b222bdb7db48ed95c1da887dc') in 0.9822815 seconds
Number of updated asset objects reloaded before import = 0Number of asset objects unloaded after import = 953

========================================================================
Received Import Request.
  Time since last request: 10.631569 seconds.
  path: Assets/PF SET1/Sliced/decorative_obj.png
  artifactKey: Guid(150671d6d3ba0144998bef186d4b4ea9) Importer(815301076,1909f56bfc062723c751e8b465ee728b)
Start importing Assets/PF SET1/Sliced/decorative_obj.png using Guid(150671d6d3ba0144998bef186d4b4ea9) Importer(815301076,1909f56bfc062723c751e8b465ee728b) (PreviewImporter) -> (artifact id: '095b46176c07ae37d4c0be275282b718') in 1.0151163 seconds
Number of updated asset objects reloaded before import = 0Number of asset objects unloaded after import = 953

========================================================================
Received Import Request.
  Time since last request: 442.208416 seconds.
  path: Assets/Scenes/Main Town.unity
  artifactKey: Guid(1976b27aea70219428c4fd0cb8d358c7) Importer(2089858483,b0f066a214c2f5e87bad3c948f4d605d)
Start importing Assets/Scenes/Main Town.unity using Guid(1976b27aea70219428c4fd0cb8d358c7) Importer(2089858483,b0f066a214c2f5e87bad3c948f4d605d) (ScriptedImporter) -> (artifact id: '9404d70cec9e43ae3218b6768b937268') in 0.0243143 seconds
Number of updated asset objects reloaded before import = 0Number of asset objects unloaded after import = 1

========================================================================
Received Import Request.
  Time since last request: 4.838548 seconds.
  path: Assets/Scenes/Main Town.unity
  artifactKey: Guid(1976b27aea70219428c4fd0cb8d358c7) Importer(815301076,1909f56bfc062723c751e8b465ee728b)
Start importing Assets/Scenes/Main Town.unity using Guid(1976b27aea70219428c4fd0cb8d358c7) Importer(815301076,1909f56bfc062723c751e8b465ee728b) (PreviewImporter) -> (artifact id: '802e61e9cad8a8dd1608b11de7fdb144') in 0.000623 seconds
Number of updated asset objects reloaded before import = 0Number of asset objects unloaded after import = 0

========================================================================
Received Import Request.
  Time since last request: 0.537505 seconds.
  path: Assets/Scenes/SampleScene.unity
  artifactKey: Guid(8c9cfa26abfee488c85f1582747f6a02) Importer(815301076,1909f56bfc062723c751e8b465ee728b)
Start importing Assets/Scenes/SampleScene.unity using Guid(8c9cfa26abfee488c85f1582747f6a02) Importer(815301076,1909f56bfc062723c751e8b465ee728b) (PreviewImporter) -> (artifact id: 'a9be7540582a986deb93664aa19291ac') in 0.0006977 seconds
Number of updated asset objects reloaded before import = 0Number of asset objects unloaded after import = 0

========================================================================
Received Import Request.
  Time since last request: 74.798175 seconds.
  path: Assets/Settings
  artifactKey: Guid(0220aab0833d04faeb927d84ca6cc40c) Importer(815301076,1909f56bfc062723c751e8b465ee728b)
Start importing Assets/Settings using Guid(0220aab0833d04faeb927d84ca6cc40c) Importer(815301076,1909f56bfc062723c751e8b465ee728b) (PreviewImporter) -> (artifact id: '5a3b12d2a447acdb23dff58ad167bcd1') in 0.0006482 seconds
Number of updated asset objects reloaded before import = 0Number of asset objects unloaded after import = 0

========================================================================
Received Import Request.
  Time since last request: 58.516774 seconds.
  path: Assets/Medieval King Pack 2/Sprites/Attack1.png
  artifactKey: Guid(a69f9e788982b8746a34ef183bb4aacf) Importer(815301076,1909f56bfc062723c751e8b465ee728b)
Start importing Assets/Medieval King Pack 2/Sprites/Attack1.png using Guid(a69f9e788982b8746a34ef183bb4aacf) Importer(815301076,1909f56bfc062723c751e8b465ee728b) (PreviewImporter) -> (artifact id: '867eeb03701316e54a2af160162b5473') in 0.0225701 seconds
Number of updated asset objects reloaded before import = 0Number of asset objects unloaded after import = 6

========================================================================
Received Import Request.
  Time since last request: 0.000016 seconds.
  path: Assets/Medieval King Pack 2/Sprites/Idle.png
  artifactKey: Guid(0e3502a80399d164ea01f1868f65acbf) Importer(815301076,1909f56bfc062723c751e8b465ee728b)
Start importing Assets/Medieval King Pack 2/Sprites/Idle.png using Guid(0e3502a80399d164ea01f1868f65acbf) Importer(815301076,1909f56bfc062723c751e8b465ee728b) (PreviewImporter) -> (artifact id: '609a9fea7ea799055ee79ebde97fb61a') in 0.0282229 seconds
Number of updated asset objects reloaded before import = 0Number of asset objects unloaded after import = 10

========================================================================
Received Import Request.
  Time since last request: 0.000015 seconds.
  path: Assets/Medieval King Pack 2/Sprites/Run.png
  artifactKey: Guid(b41abf840d9ea3741a347d9f69137138) Importer(815301076,1909f56bfc062723c751e8b465ee728b)
Start importing Assets/Medieval King Pack 2/Sprites/Run.png using Guid(b41abf840d9ea3741a347d9f69137138) Importer(815301076,1909f56bfc062723c751e8b465ee728b) (PreviewImporter) -> (artifact id: '519f961e98d6006cec32fca75e68b30f') in 0.0283395 seconds
Number of updated asset objects reloaded before import = 0Number of asset objects unloaded after import = 10

========================================================================
Received Import Request.
  Time since last request: 0.000018 seconds.
  path: Assets/Medieval King Pack 2/Sprites/Take Hit - white silhouette.png
  artifactKey: Guid(6e2b860b2cf2adc4788f1feb7233fefa) Importer(815301076,1909f56bfc062723c751e8b465ee728b)
Start importing Assets/Medieval King Pack 2/Sprites/Take Hit - white silhouette.png using Guid(6e2b860b2cf2adc4788f1feb7233fefa) Importer(815301076,1909f56bfc062723c751e8b465ee728b) (PreviewImporter) -> (artifact id: '71812177bd3dc7216d76f038ee7677fa') in 0.0154581 seconds
Number of updated asset objects reloaded before import = 0Number of asset objects unloaded after import = 6

========================================================================
Received Import Request.
  Time since last request: 0.000029 seconds.
  path: Assets/Medieval King Pack 2/Sprites/Fall.png
  artifactKey: Guid(18c272d27b28a784083dec9dbfbfa466) Importer(815301076,1909f56bfc062723c751e8b465ee728b)
Start importing Assets/Medieval King Pack 2/Sprites/Fall.png using Guid(18c272d27b28a784083dec9dbfbfa466) Importer(815301076,1909f56bfc062723c751e8b465ee728b) (PreviewImporter) -> (artifact id: 'f503d72450caefd064ae66698b4a1fa1') in 0.0202992 seconds
Number of updated asset objects reloaded before import = 0Number of asset objects unloaded after import = 4

========================================================================
Received Import Request.
  Time since last request: 10.973890 seconds.
  path: Assets/Fantasy Pixel Locks and Keys/PNG/Materials
  artifactKey: Guid(5dd44c80a7cd6624885e60b8ee9f3105) Importer(2089858483,b0f066a214c2f5e87bad3c948f4d605d)
Start importing Assets/Fantasy Pixel Locks and Keys/PNG/Materials using Guid(5dd44c80a7cd6624885e60b8ee9f3105) Importer(2089858483,b0f066a214c2f5e87bad3c948f4d605d) (ScriptedImporter) -> (artifact id: '4395e529c37478e1d69f33a13c3ef3c0') in 0.0104301 seconds
Number of updated asset objects reloaded before import = 0Number of asset objects unloaded after import = 1

========================================================================
Received Import Request.
  Time since last request: 17.503635 seconds.
  path: Assets/Fantasy Pixel Locks and Keys/PNG/Materials/Diamond lock.mat
  artifactKey: Guid(c6725bb5e1ae1854980fa518151d4db0) Importer(2089858483,b0f066a214c2f5e87bad3c948f4d605d)
Start importing Assets/Fantasy Pixel Locks and Keys/PNG/Materials/Diamond lock.mat using Guid(c6725bb5e1ae1854980fa518151d4db0) Importer(2089858483,b0f066a214c2f5e87bad3c948f4d605d) (ScriptedImporter) -> (artifact id: 'e32dde74921fbdc07e358025e71a112b') in 0.0143097 seconds
Number of updated asset objects reloaded before import = 0Number of asset objects unloaded after import = 2

========================================================================
Received Import Request.
  Time since last request: 26.353331 seconds.
  path: Assets/Fantasy Pixel Locks and Keys/PNG/Materials
  artifactKey: Guid(5dd44c80a7cd6624885e60b8ee9f3105) Importer(815301076,1909f56bfc062723c751e8b465ee728b)
Start importing Assets/Fantasy Pixel Locks and Keys/PNG/Materials using Guid(5dd44c80a7cd6624885e60b8ee9f3105) Importer(815301076,1909f56bfc062723c751e8b465ee728b) (PreviewImporter) -> (artifact id: 'f1b66b7267fbcf7bec82a64c571cc4cd') in 0.0005934 seconds
Number of updated asset objects reloaded before import = 0Number of asset objects unloaded after import = 0

========================================================================
Received Import Request.
  Time since last request: 0.016483 seconds.
  path: Assets/Fantasy Pixel Locks and Keys/PNG/Materials/Dark lock.mat
  artifactKey: Guid(368d684e285b45b46b2b5441a3cfab54) Importer(815301076,1909f56bfc062723c751e8b465ee728b)
Start importing Assets/Fantasy Pixel Locks and Keys/PNG/Materials/Dark lock.mat using Guid(368d684e285b45b46b2b5441a3cfab54) Importer(815301076,1909f56bfc062723c751e8b465ee728b) (PreviewImporter) -> (artifact id: '94859d1dd4da3a27609314af554f9ac3') in 0.2350176 seconds
Number of updated asset objects reloaded before import = 0Number of asset objects unloaded after import = 2

========================================================================
Received Import Request.
  Time since last request: 87.913845 seconds.
  path: Assets/karsiori/Props/Materials
  artifactKey: Guid(ce8990cb7868c5c47bd638a7b331611f) Importer(815301076,1909f56bfc062723c751e8b465ee728b)
Start importing Assets/karsiori/Props/Materials using Guid(ce8990cb7868c5c47bd638a7b331611f) Importer(815301076,1909f56bfc062723c751e8b465ee728b) (PreviewImporter) -> (artifact id: 'd4a0b8439b817496c00f0246d2d864bb') in 0.0006021 seconds
Number of updated asset objects reloaded before import = 0Number of asset objects unloaded after import = 0

========================================================================
Received Import Request.
  Time since last request: 0.435077 seconds.
  path: Assets/karsiori/Props/Materials/Mountains 1.mat
  artifactKey: Guid(58053a694433c42469003f51b2fe0a07) Importer(815301076,1909f56bfc062723c751e8b465ee728b)
Start importing Assets/karsiori/Props/Materials/Mountains 1.mat using Guid(58053a694433c42469003f51b2fe0a07) Importer(815301076,1909f56bfc062723c751e8b465ee728b) (PreviewImporter) -> (artifact id: '510ddb2f7fe1ee3ba182355a871e97c5') in 0.0149149 seconds
Number of updated asset objects reloaded before import = 0Number of asset objects unloaded after import = 2

========================================================================
Received Import Request.
  Time since last request: 94.424351 seconds.
  path: Assets/_Recovery/0.unity
  artifactKey: Guid(2cb51ab74a89c474d9022d3378c0163e) Importer(815301076,1909f56bfc062723c751e8b465ee728b)
Start importing Assets/_Recovery/0.unity using Guid(2cb51ab74a89c474d9022d3378c0163e) Importer(815301076,1909f56bfc062723c751e8b465ee728b) (PreviewImporter) -> (artifact id: 'ade6073962f806bafb32bd3b19a9b7bf') in 0.0012329 seconds
Number of updated asset objects reloaded before import = 0Number of asset objects unloaded after import = 0

========================================================================
Received Import Request.
  Time since last request: 2.487047 seconds.
  path: Assets/Scenes/Main Town.unity
  artifactKey: Guid(1976b27aea70219428c4fd0cb8d358c7) Importer(2089858483,b0f066a214c2f5e87bad3c948f4d605d)
Start importing Assets/Scenes/Main Town.unity using Guid(1976b27aea70219428c4fd0cb8d358c7) Importer(2089858483,b0f066a214c2f5e87bad3c948f4d605d) (ScriptedImporter) -> (artifact id: '218ca384582015c4f3f4b9e03d3cd344') in 0.0363117 seconds
Number of updated asset objects reloaded before import = 0Number of asset objects unloaded after import = 1

========================================================================
Received Import Request.
  Time since last request: 3.135607 seconds.
  path: Assets/Scenes/Main Town.unity
  artifactKey: Guid(1976b27aea70219428c4fd0cb8d358c7) Importer(815301076,1909f56bfc062723c751e8b465ee728b)
Start importing Assets/Scenes/Main Town.unity using Guid(1976b27aea70219428c4fd0cb8d358c7) Importer(815301076,1909f56bfc062723c751e8b465ee728b) (PreviewImporter) -> (artifact id: '3d36a09f20bceb337b5cc0918c8b7c17') in 0.0005133 seconds
Number of updated asset objects reloaded before import = 0Number of asset objects unloaded after import = 0

========================================================================
Received Import Request.
  Time since last request: 571.972885 seconds.
  path: Assets/Scenes/Main Town.unity
  artifactKey: Guid(1976b27aea70219428c4fd0cb8d358c7) Importer(2089858483,b0f066a214c2f5e87bad3c948f4d605d)
Start importing Assets/Scenes/Main Town.unity using Guid(1976b27aea70219428c4fd0cb8d358c7) Importer(2089858483,b0f066a214c2f5e87bad3c948f4d605d) (ScriptedImporter) -> (artifact id: '89194fd15c57ea57eda6ae79e315177f') in 0.0307202 seconds
Number of updated asset objects reloaded before import = 0Number of asset objects unloaded after import = 1

========================================================================
Received Import Request.
  Time since last request: 35.346089 seconds.
  path: Assets/Hero_Knight/Animations
  artifactKey: Guid(651093fd2c75ea94ba22f69897c9add3) Importer(815301076,1909f56bfc062723c751e8b465ee728b)
Start importing Assets/Hero_Knight/Animations using Guid(651093fd2c75ea94ba22f69897c9add3) Importer(815301076,1909f56bfc062723c751e8b465ee728b) (PreviewImporter) -> (artifact id: '41e81bfb4fbf476d0a7a27f5f2e4ae56') in 0.0006112 seconds
Number of updated asset objects reloaded before import = 0Number of asset objects unloaded after import = 0

========================================================================
Received Import Request.
  Time since last request: 2.317008 seconds.
  path: Assets/Hero_Knight/Sprites
  artifactKey: Guid(66053401e5d0b674484f06b2b339123b) Importer(815301076,1909f56bfc062723c751e8b465ee728b)
Start importing Assets/Hero_Knight/Sprites using Guid(66053401e5d0b674484f06b2b339123b) Importer(815301076,1909f56bfc062723c751e8b465ee728b) (PreviewImporter) -> (artifact id: 'cf1697a204ddcdb52cf009f7f2cff122') in 0.0006291 seconds
Number of updated asset objects reloaded before import = 0Number of asset objects unloaded after import = 0

========================================================================
Received Import Request.
  Time since last request: 2.292568 seconds.
  path: Assets/Hero_Knight/Sprites/Run
  artifactKey: Guid(a0140139bcb1410458272c01825acd4b) Importer(815301076,1909f56bfc062723c751e8b465ee728b)
Start importing Assets/Hero_Knight/Sprites/Run using Guid(a0140139bcb1410458272c01825acd4b) Importer(815301076,1909f56bfc062723c751e8b465ee728b) (PreviewImporter) -> (artifact id: '27bf7de2620b356fb9b2742f116d7650') in 0.0005685 seconds
Number of updated asset objects reloaded before import = 0Number of asset objects unloaded after import = 0

========================================================================
Received Import Request.
  Time since last request: 0.042433 seconds.
  path: Assets/Hero_Knight/Sprites/Run/Run.png
  artifactKey: Guid(bca3acae67f183349a5e5b0058c66841) Importer(815301076,1909f56bfc062723c751e8b465ee728b)
Start importing Assets/Hero_Knight/Sprites/Run/Run.png using Guid(bca3acae67f183349a5e5b0058c66841) Importer(815301076,1909f56bfc062723c751e8b465ee728b) (PreviewImporter) -> (artifact id: '4522c791e9d0a9d9c450b09111af355a') in 0.0312083 seconds
Number of updated asset objects reloaded before import = 0Number of asset objects unloaded after import = 10

========================================================================
Received Import Request.
  Time since last request: 3.877773 seconds.
  path: Assets/Hero_Knight/Sprites/Run/Run_animation.anim
  artifactKey: Guid(377f4f3115112e74f95f2c7d0dcedf88) Importer(815301076,1909f56bfc062723c751e8b465ee728b)
Start importing Assets/Hero_Knight/Sprites/Run/Run_animation.anim using Guid(377f4f3115112e74f95f2c7d0dcedf88) Importer(815301076,1909f56bfc062723c751e8b465ee728b) (PreviewImporter) -> (artifact id: '5573dbcdc9afbc4ffe1e7df04e7a5668') in 0.0012742 seconds
Number of updated asset objects reloaded before import = 0Number of asset objects unloaded after import = 1

========================================================================
Received Import Request.
  Time since last request: 15.854051 seconds.
  path: Assets/Scenes/run.unity
  artifactKey: Guid(d45764ce8ac18294bac9802cff6c114b) Importer(815301076,1909f56bfc062723c751e8b465ee728b)
Start importing Assets/Scenes/run.unity using Guid(d45764ce8ac18294bac9802cff6c114b) Importer(815301076,1909f56bfc062723c751e8b465ee728b) (PreviewImporter) -> (artifact id: 'ede272b30723f6b4d5fdab4135b1b044') in 0.0008017 seconds
Number of updated asset objects reloaded before import = 0Number of asset objects unloaded after import = 0

========================================================================
Received Import Request.
  Time since last request: 0.943841 seconds.
  path: Assets/Scenes/run.unity
  artifactKey: Guid(d45764ce8ac18294bac9802cff6c114b) Importer(2089858483,b0f066a214c2f5e87bad3c948f4d605d)
Start importing Assets/Scenes/run.unity using Guid(d45764ce8ac18294bac9802cff6c114b) Importer(2089858483,b0f066a214c2f5e87bad3c948f4d605d) (ScriptedImporter) -> (artifact id: '9fc6b3d6715177fd2fd138a5b924ddf1') in 0.010945 seconds
Number of updated asset objects reloaded before import = 0Number of asset objects unloaded after import = 1

========================================================================
Received Import Request.
  Time since last request: 31.077563 seconds.
  path: Assets/Hero_Knight/Sprites/Death/Death.png
  artifactKey: Guid(404bddf3c8036f348ae63ff23e9ef114) Importer(815301076,1909f56bfc062723c751e8b465ee728b)
Start importing Assets/Hero_Knight/Sprites/Death/Death.png using Guid(404bddf3c8036f348ae63ff23e9ef114) Importer(815301076,1909f56bfc062723c751e8b465ee728b) (PreviewImporter) -> (artifact id: '825d3361aeea9e19d27e0b0046c5aeaf') in 0.029916 seconds
Number of updated asset objects reloaded before import = 0Number of asset objects unloaded after import = 13

========================================================================
Received Import Request.
  Time since last request: 0.302391 seconds.
  path: Assets/Hero_Knight/Sprites/Idle/Idle.png
  artifactKey: Guid(fc46633b0eb321e46838bcb9ff2d4150) Importer(815301076,1909f56bfc062723c751e8b465ee728b)
Start importing Assets/Hero_Knight/Sprites/Idle/Idle.png using Guid(fc46633b0eb321e46838bcb9ff2d4150) Importer(815301076,1909f56bfc062723c751e8b465ee728b) (PreviewImporter) -> (artifact id: 'fe7e147cb347c412b43a34849b7ec6d9') in 0.0290015 seconds
Number of updated asset objects reloaded before import = 0Number of asset objects unloaded after import = 13

========================================================================
Received Import Request.
  Time since last request: 5.614443 seconds.
  path: Assets/Hero_Knight/Sprites/Run/Square.controller
  artifactKey: Guid(e191656a5e0ea7a449126804eda59f61) Importer(2089858483,b0f066a214c2f5e87bad3c948f4d605d)
Start importing Assets/Hero_Knight/Sprites/Run/Square.controller using Guid(e191656a5e0ea7a449126804eda59f61) Importer(2089858483,b0f066a214c2f5e87bad3c948f4d605d) (ScriptedImporter) -> (artifact id: '351fceaaf2565b4f71b7c93615dfa549') in 0.0113769 seconds
Number of updated asset objects reloaded before import = 0Number of asset objects unloaded after import = 4

========================================================================
Received Import Request.
  Time since last request: 1.544944 seconds.
  path: Assets/Hero_Knight/Sprites/Run/Square.controller
  artifactKey: Guid(e191656a5e0ea7a449126804eda59f61) Importer(815301076,1909f56bfc062723c751e8b465ee728b)
Start importing Assets/Hero_Knight/Sprites/Run/Square.controller using Guid(e191656a5e0ea7a449126804eda59f61) Importer(815301076,1909f56bfc062723c751e8b465ee728b) (PreviewImporter) -> (artifact id: '634d49c4413c12e4256338d17a730c48') in 0.0013007 seconds
Number of updated asset objects reloaded before import = 0Number of asset objects unloaded after import = 4

========================================================================
Received Import Request.
  Time since last request: 14.138137 seconds.
  path: Assets/Hero_Knight/Demo
  artifactKey: Guid(695ba11c562c245429e4b0d532543fa5) Importer(815301076,1909f56bfc062723c751e8b465ee728b)
Start importing Assets/Hero_Knight/Demo using Guid(695ba11c562c245429e4b0d532543fa5) Importer(815301076,1909f56bfc062723c751e8b465ee728b) (PreviewImporter) -> (artifact id: '353ddb7368c2a0851022e4f149deb29f') in 0.0005476 seconds
Number of updated asset objects reloaded before import = 0Number of asset objects unloaded after import = 0

========================================================================
Received Import Request.
  Time since last request: 1.870295 seconds.
  path: Assets/Hero_Knight/Sprites/Jump/Jump.png
  artifactKey: Guid(724e79479548b1b4eba4ee49aeeee4aa) Importer(815301076,1909f56bfc062723c751e8b465ee728b)
Start importing Assets/Hero_Knight/Sprites/Jump/Jump.png using Guid(724e79479548b1b4eba4ee49aeeee4aa) Importer(815301076,1909f56bfc062723c751e8b465ee728b) (PreviewImporter) -> (artifact id: '35c125ad5498dc2abcb4cd4e4da2d448') in 0.017898 seconds
Number of updated asset objects reloaded before import = 0Number of asset objects unloaded after import = 5

========================================================================
Received Prepare
Begin MonoManager ReloadAssembly
[Licensing::Client] Successfully resolved entitlement details
- Loaded All Assemblies, in  0.618 seconds
Refreshing native plugins compatible for Editor in 1.19 ms, found 4 plugins.
Native extension for WindowsStandalone target not found
[Package Manager] Failed to launch server process. Reason: Unity was launched with the -noUpm command-line argument
[Package Manager] Unable to send message (not connected to server process).
[Package Manager] Cannot connect to Unity Package Manager local server
[Package Manager] Failed to launch server process. Reason: Unity was launched with the -noUpm command-line argument
[Package Manager] Unable to send message (not connected to server process).
[Package Manager] Cannot connect to Unity Package Manager local server
ScheduleIndexationOnStartup MainProcess:False IndexOnStartup:True
Mono: successfully reloaded assembly
- Finished resetting the current domain, in  0.631 seconds
Domain Reload Profiling: 1250ms
	BeginReloadAssembly (209ms)
		ExecutionOrderSort (0ms)
		DisableScriptedObjects (20ms)
		BackupInstance (0ms)
		ReleaseScriptingObjects (0ms)
		CreateAndSetChildDomain (54ms)
	RebuildCommonClasses (25ms)
	RebuildNativeTypeToScriptingClass (9ms)
	initialDomainReloadingComplete (19ms)
	LoadAllAssembliesAndSetupDomain (356ms)
		LoadAssemblies (296ms)
		RebuildTransferFunctionScriptingTraits (0ms)
		AnalyzeDomain (150ms)
			TypeCache.Refresh (6ms)
				TypeCache.ScanAssembly (0ms)
			BuildScriptInfoCaches (133ms)
			ResolveRequiredComponents (7ms)
	FinalizeReload (632ms)
		ReleaseScriptCaches (0ms)
		RebuildScriptCaches (0ms)
		SetupLoadedEditorAssemblies (514ms)
			LogAssemblyErrors (0ms)
			InitializePlatformSupportModulesInManaged (2ms)
			SetLoadedEditorAssemblies (4ms)
			BeforeProcessingInitializeOnLoad (99ms)
			ProcessInitializeOnLoadAttributes (343ms)
			ProcessInitializeOnLoadMethodAttributes (63ms)
			AfterProcessingInitializeOnLoad (2ms)
			EditorAssembliesLoaded (0ms)
		ExecutionOrderSort2 (0ms)
		AwakeInstancesAfterBackupRestoration (17ms)
Refreshing native plugins compatible for Editor in 1.69 ms, found 4 plugins.
Preloading 0 native plugins for Editor in 0.00 ms.
Unloading 16 Unused Serialized files (Serialized files now loaded: 0)
Unloading 6919 unused Assets / (5.4 MB). Loaded Objects now: 7825.
Memory consumption went from 166.3 MB to 160.9 MB.
Total: 8.261300 ms (FindLiveObjects: 0.447100 ms CreateObjectMapping: 0.275500 ms MarkObjects: 4.703000 ms  DeleteObjects: 2.834700 ms)

Prepare: number of updated asset objects reloaded= 0
========================================================================
Received Import Request.
  Time since last request: 51.817567 seconds.
  path: Assets/Hero_Knight/Sprites/Run/Run Controller.controller
  artifactKey: Guid(6f2d244306cc84e4cb0b3216bb9178b2) Importer(815301076,1909f56bfc062723c751e8b465ee728b)
Start importing Assets/Hero_Knight/Sprites/Run/Run Controller.controller using Guid(6f2d244306cc84e4cb0b3216bb9178b2) Importer(815301076,1909f56bfc062723c751e8b465ee728b) (PreviewImporter) -> (artifact id: '02b6cf70940848493455e7c3390a6cbf') in 0.0195318 seconds
Number of updated asset objects reloaded before import = 0Number of asset objects unloaded after import = 4

========================================================================
Received Prepare
Begin MonoManager ReloadAssembly
[Licensing::Client] Successfully resolved entitlement details
- Loaded All Assemblies, in  0.588 seconds
Refreshing native plugins compatible for Editor in 1.65 ms, found 4 plugins.
Native extension for WindowsStandalone target not found
[Package Manager] Failed to launch server process. Reason: Unity was launched with the -noUpm command-line argument
[Package Manager] Unable to send message (not connected to server process).
[Package Manager] Cannot connect to Unity Package Manager local server
[Package Manager] Failed to launch server process. Reason: Unity was launched with the -noUpm command-line argument
[Package Manager] Unable to send message (not connected to server process).
[Package Manager] Cannot connect to Unity Package Manager local server
ScheduleIndexationOnStartup MainProcess:False IndexOnStartup:True
Mono: successfully reloaded assembly
- Finished resetting the current domain, in  0.575 seconds
Domain Reload Profiling: 1162ms
	BeginReloadAssembly (176ms)
		ExecutionOrderSort (0ms)
		DisableScriptedObjects (9ms)
		BackupInstance (0ms)
		ReleaseScriptingObjects (0ms)
		CreateAndSetChildDomain (32ms)
	RebuildCommonClasses (25ms)
	RebuildNativeTypeToScriptingClass (9ms)
	initialDomainReloadingComplete (18ms)
	LoadAllAssembliesAndSetupDomain (359ms)
		LoadAssemblies (295ms)
		RebuildTransferFunctionScriptingTraits (0ms)
		AnalyzeDomain (153ms)
			TypeCache.Refresh (8ms)
				TypeCache.ScanAssembly (0ms)
			BuildScriptInfoCaches (135ms)
			ResolveRequiredComponents (6ms)
	FinalizeReload (575ms)
		ReleaseScriptCaches (0ms)
		RebuildScriptCaches (0ms)
		SetupLoadedEditorAssemblies (461ms)
			LogAssemblyErrors (0ms)
			InitializePlatformSupportModulesInManaged (2ms)
			SetLoadedEditorAssemblies (3ms)
			BeforeProcessingInitializeOnLoad (101ms)
			ProcessInitializeOnLoadAttributes (309ms)
			ProcessInitializeOnLoadMethodAttributes (44ms)
			AfterProcessingInitializeOnLoad (1ms)
			EditorAssembliesLoaded (0ms)
		ExecutionOrderSort2 (0ms)
		AwakeInstancesAfterBackupRestoration (14ms)
Refreshing native plugins compatible for Editor in 1.24 ms, found 4 plugins.
Preloading 0 native plugins for Editor in 0.00 ms.
Unloading 30 Unused Serialized files (Serialized files now loaded: 0)
Unloading 6967 unused Assets / (5.6 MB). Loaded Objects now: 7862.
Memory consumption went from 170.8 MB to 165.1 MB.
Total: 5.928300 ms (FindLiveObjects: 0.468200 ms CreateObjectMapping: 0.272300 ms MarkObjects: 3.468900 ms  DeleteObjects: 1.718600 ms)

Prepare: number of updated asset objects reloaded= 0
========================================================================
Received Import Request.
  Time since last request: 63.602489 seconds.
  path: Assets/TextMesh Pro/Examples & Extras/Resources/Fonts & Materials/Anton SDF.asset
  artifactKey: Guid(8a89fa14b10d46a99122fd4f73fca9a2) Importer(815301076,1909f56bfc062723c751e8b465ee728b)
Start importing Assets/TextMesh Pro/Examples & Extras/Resources/Fonts & Materials/Anton SDF.asset using Guid(8a89fa14b10d46a99122fd4f73fca9a2) Importer(815301076,1909f56bfc062723c751e8b465ee728b) (PreviewImporter) -> (artifact id: '7bdba6539170a3723c0a8b38576950c1') in 0.3427546 seconds
Number of updated asset objects reloaded before import = 0Number of asset objects unloaded after import = 7

========================================================================
Received Import Request.
  Time since last request: 0.000023 seconds.
  path: Assets/TextMesh Pro/Resources/Fonts & Materials/LiberationSans SDF - Fallback.asset
  artifactKey: Guid(2e498d1c8094910479dc3e1b768306a4) Importer(815301076,1909f56bfc062723c751e8b465ee728b)
Start importing Assets/TextMesh Pro/Resources/Fonts & Materials/LiberationSans SDF - Fallback.asset using Guid(2e498d1c8094910479dc3e1b768306a4) Importer(815301076,1909f56bfc062723c751e8b465ee728b) (PreviewImporter) -> (artifact id: '10b894501bb40740cf78113ef77c1f61') in 0.0184465 seconds
Number of updated asset objects reloaded before import = 0Number of asset objects unloaded after import = 7

========================================================================
Received Import Request.
  Time since last request: 0.000025 seconds.
  path: Assets/TextMesh Pro/Examples & Extras/Resources/Fonts & Materials/Roboto-Bold SDF.asset
  artifactKey: Guid(5302535af1044152a457ed104f1f4b91) Importer(815301076,1909f56bfc062723c751e8b465ee728b)
Start importing Assets/TextMesh Pro/Examples & Extras/Resources/Fonts & Materials/Roboto-Bold SDF.asset using Guid(5302535af1044152a457ed104f1f4b91) Importer(815301076,1909f56bfc062723c751e8b465ee728b) (PreviewImporter) -> (artifact id: '3d2d6959591c1c20a3c947ccebcd436d') in 0.0206969 seconds
Number of updated asset objects reloaded before import = 0Number of asset objects unloaded after import = 7

========================================================================
Received Import Request.
  Time since last request: 0.000021 seconds.
  path: Assets/TextMesh Pro/Examples & Extras/Resources/Fonts & Materials/Unity SDF.asset
  artifactKey: Guid(c9adb1f542a93ae489bacfeae21e8394) Importer(815301076,1909f56bfc062723c751e8b465ee728b)
Start importing Assets/TextMesh Pro/Examples & Extras/Resources/Fonts & Materials/Unity SDF.asset using Guid(c9adb1f542a93ae489bacfeae21e8394) Importer(815301076,1909f56bfc062723c751e8b465ee728b) (PreviewImporter) -> (artifact id: '5bf2ff0355a99a4a3b4c69a517be26b4') in 0.0219275 seconds
Number of updated asset objects reloaded before import = 0Number of asset objects unloaded after import = 5

Editor requested this worker to shutdown with reason: Scaling down because of idle timeout
AssetImportWorker is now disconnected from the server
Process exiting
Exiting without the bug reporter. Application will terminate with return code 0