[Licensing::Module] Trying to connect to existing licensing client channel...
Built from '6000.3/staging' branch; Version is '6000.3.11f1 (3000ef702840) revision 3145967'; Using compiler version '194234433'; Build Type 'Release'
[Licensing::IpcConnector] Successfully connected to: "LicenseClient-User" at "2026-06-04T04:48:34.4976673Z"
OS: 'Windows 11  (10.0.26200) Core' Language: 'ko' Physical Memory: 32577 MB
BatchMode: 1, IsHumanControllingUs: 0, StartBugReporterOnCrash: 0, Is64bit: 1
System  architecture: x64
Process architecture: x64
Date: 2026-06-04T04:48:34Z

COMMAND LINE ARGUMENTS:
E:\unity\6000.3.11f1\Editor\Unity.exe
-adb2
-batchMode
-noUpm
-name
AssetImportWorker17
-projectPath
C:/Users/User/Desktop/COM ANI REAL PROJECT/com_ani_final_project
-logFile
Logs/AssetImportWorker17.log
-srvPort
59130
-licensingIpc
LicenseClient-User
-job-worker-count
11
-background-job-worker-count
8
-gc-helper-count
1
-name
AssetImport
Successfully changed project path to: C:/Users/User/Desktop/COM ANI REAL PROJECT/com_ani_final_project
C:/Users/User/Desktop/COM ANI REAL PROJECT/com_ani_final_project
[UnityMemory] Configuration Parameters - Can be set up in boot.config
    "memorysetup-temp-allocator-size-nav-mesh-worker=65536"
    "memorysetup-temp-allocator-size-audio-worker=65536"
    "memorysetup-temp-allocator-size-gfx=262144"
    "memorysetup-allocator-temp-initial-block-size-main=262144"
    "memorysetup-allocator-temp-initial-block-size-worker=262144"
    "memorysetup-temp-allocator-size-background-worker=32768"
    "memorysetup-temp-allocator-size-job-worker=262144"
    "memorysetup-temp-allocator-size-preload-manager=33554432"
    "memorysetup-temp-allocator-size-gi-baking-worker=262144"
    "memorysetup-temp-allocator-size-gi-baking-worker=262144"
    "memorysetup-temp-allocator-size-gi-baking-worker=262144"
    "memorysetup-temp-allocator-size-gi-baking-worker=262144"
    "memorysetup-temp-allocator-size-gi-baking-worker=262144"
    "memorysetup-bucket-allocator-granularity=16"
    "memorysetup-bucket-allocator-bucket-count=8"
    "memorysetup-bucket-allocator-block-size=33554432"
    "memorysetup-bucket-allocator-block-count=8"
    "memorysetup-main-allocator-block-size=16777216"
    "memorysetup-thread-allocator-block-size=16777216"
    "memorysetup-gfx-main-allocator-block-size=16777216"
    "memorysetup-gfx-thread-allocator-block-size=16777216"
    "memorysetup-cache-allocator-block-size=4194304"
    "memorysetup-typetree-allocator-block-size=2097152"
    "memorysetup-profiler-bucket-allocator-granularity=16"
    "memorysetup-profiler-bucket-allocator-bucket-count=8"
    "memorysetup-profiler-bucket-allocator-block-size=33554432"
    "memorysetup-profiler-bucket-allocator-block-count=8"
    "memorysetup-profiler-allocator-block-size=16777216"
    "memorysetup-profiler-editor-allocator-block-size=1048576"
    "memorysetup-temp-allocator-size-main=16777216"
    "memorysetup-job-temp-allocator-block-size=2097152"
    "memorysetup-job-temp-allocator-block-size-background=1048576"
    "memorysetup-job-temp-allocator-reduction-small-platforms=262144"
    "memorysetup-temp-allocator-size-cloud-worker=32768"
Player connection [37288]  Target information:

Player connection [37288]  * "[IP] 192.168.0.6 [Port] 0 [Flags] 2 [Guid] 3418727973 [EditorId] 3418727973 [Version] 1048832 [Id] WindowsEditor(7,DESKTOP-3KCO4M1) [Debug] 1 [PackageName] WindowsEditor [ProjectName] Editor" 

Player connection [37288] Host joined multi-casting on [225.0.0.222:54997]...
Player connection [37288] Host joined alternative multi-casting on [225.0.0.222:34997]...
JobSystem: Creating JobQueue using job-worker-count value 11
Input System module state changed to: Initialized.
[Physics::Module] Initialized fallback backend.
[Physics::Module] Id: 0xdecafbad
Library Redirect Path: Library/
[Physics::Module] Selected backend.
[Physics::Module] Name: PhysX
[Physics::Module] Id: 0xf2b8ea05
[Physics::Module] SDK Version: 4.1.2
[Physics::Module] Integration Version: 1.0.0
[Physics::Module] Threading Mode: Multi-Threaded
Refreshing native plugins compatible for Editor in 5.24 ms, found 4 plugins.
Preloading 0 native plugins for Editor in 0.00 ms.
Initialize engine version: 6000.3.11f1 (3000ef702840)
[Subsystems] Discovering subsystems at path E:/unity/6000.3.11f1/Editor/Data/Resources/UnitySubsystems
[Subsystems] Discovering subsystems at path C:/Users/User/Desktop/COM ANI REAL PROJECT/com_ani_final_project/Assets
GfxDevice: creating device client; kGfxThreadingModeNonThreaded
Direct3D:
    Version:  Direct3D 11.0 [level 11.1]
    Renderer: NVIDIA GeForce RTX 3060 Ti (ID=0x2489)
    Vendor:   NVIDIA
    VRAM:     8024 MB
    Driver:   32.0.15.9621
Initialize mono
Mono path[0] = 'E:/unity/6000.3.11f1/Editor/Data/Managed'
Mono path[1] = 'E:/unity/6000.3.11f1/Editor/Data/MonoBleedingEdge/lib/mono/unityjit-win32'
Mono config path = 'E:/unity/6000.3.11f1/Editor/Data/MonoBleedingEdge/etc'
Using monoOptions --debugger-agent=transport=dt_socket,embedding=1,server=y,suspend=n,address=127.0.0.1:56284
Begin MonoManager ReloadAssembly
Registering precompiled unity dll's ...
Register platform support module: E:/unity/6000.3.11f1/Editor/Data/PlaybackEngines/WindowsStandaloneSupport/UnityEditor.WindowsStandalone.Extensions.dll
Registered in 0.001506 seconds.
- Loaded All Assemblies, in  0.372 seconds
Native extension for WindowsStandalone target not found
[Licensing::Client] Error: HandshakeResponse reported an error:
	ResponseCode: 505
	ResponseStatus: Unsupported protocol version '1.18.0'.
[Licensing::Module] Error: Failed to handshake to channel: "LicenseClient-User"
[Licensing::IpcConnector] LicenseClient-User channel disconnected successfully.
[Licensing::IpcConnector] Successfully connected to: "LicenseClient-User-6000.3.11" at "2026-06-04T04:48:35.6608164Z"
[Licensing::Client] Handshaking with LicensingClient:
  Version:                 1.18.0+23225a6
  Session Id:              26a057fbe2bd4b2c918c50071f44efba
  Correlation Id:          e34b4438216cbdb3985d0f39df6d38b7
  External correlation Id: 282042746923117502
  Machine Id:              tnPMHDmzcJKjPDwZDg0GMR5CZ6Y=
[Licensing::Module] Successfully connected to LicensingClient on channel: "LicenseClient-User-6000.3.11" (connect: 0.00s, validation: 0.00s, handshake: 0.10s)
[Licensing::IpcConnector] Successfully connected to: "LicenseClient-User-6000.3.11-notifications" at "2026-06-04T04:48:35.7602854Z"
[Licensing::Module] Licensing Background thread has ended after 1.26s
Package Manager log level set to [2]
[Package Manager] Failed to launch server process. Reason: Unity was launched with the -noUpm command-line argument
[Package Manager] Unable to send message (not connected to server process).
[Package Manager] Cannot connect to Unity Package Manager local server
ScheduleIndexationOnStartup MainProcess:False IndexOnStartup:True
Mono: successfully reloaded assembly
- Finished resetting the current domain, in  0.313 seconds
Domain Reload Profiling: 685ms
	BeginReloadAssembly (151ms)
		ExecutionOrderSort (0ms)
		DisableScriptedObjects (0ms)
		BackupInstance (0ms)
		ReleaseScriptingObjects (0ms)
		CreateAndSetChildDomain (0ms)
	RebuildCommonClasses (33ms)
	RebuildNativeTypeToScriptingClass (11ms)
	initialDomainReloadingComplete (30ms)
	LoadAllAssembliesAndSetupDomain (146ms)
		LoadAssemblies (151ms)
		RebuildTransferFunctionScriptingTraits (0ms)
		AnalyzeDomain (142ms)
			TypeCache.Refresh (141ms)
				TypeCache.ScanAssembly (130ms)
			BuildScriptInfoCaches (0ms)
			ResolveRequiredComponents (0ms)
	FinalizeReload (313ms)
		ReleaseScriptCaches (0ms)
		RebuildScriptCaches (0ms)
		SetupLoadedEditorAssemblies (276ms)
			LogAssemblyErrors (0ms)
			InitializePlatformSupportModulesInManaged (41ms)
			SetLoadedEditorAssemblies (4ms)
			BeforeProcessingInitializeOnLoad (71ms)
			ProcessInitializeOnLoadAttributes (101ms)
			ProcessInitializeOnLoadMethodAttributes (60ms)
			AfterProcessingInitializeOnLoad (0ms)
			EditorAssembliesLoaded (0ms)
		ExecutionOrderSort2 (0ms)
		AwakeInstancesAfterBackupRestoration (0ms)
========================================================================
Worker process is ready to serve import requests
Import Worker Mode flag is 0x00
Begin MonoManager ReloadAssembly
[Licensing::Client] Successfully resolved entitlement details
[Licensing::Module] License group:
  Id: 14568817533135-UnityPersXXXX
  Product: Unity Personal
  Type: Assigned
  Expiration: Unlimited
- Loaded All Assemblies, in  0.635 seconds
Refreshing native plugins compatible for Editor in 1.68 ms, found 4 plugins.
Native extension for WindowsStandalone target not found
[Package Manager] Failed to launch server process. Reason: Unity was launched with the -noUpm command-line argument
[Package Manager] Unable to send message (not connected to server process).
[Package Manager] Cannot connect to Unity Package Manager local server
[Package Manager] Failed to launch server process. Reason: Unity was launched with the -noUpm command-line argument
[Package Manager] Unable to send message (not connected to server process).
[Package Manager] Cannot connect to Unity Package Manager local server
ScheduleIndexationOnStartup MainProcess:False IndexOnStartup:True
Mono: successfully reloaded assembly
- Finished resetting the current domain, in  0.658 seconds
Domain Reload Profiling: 1291ms
	BeginReloadAssembly (158ms)
		ExecutionOrderSort (0ms)
		DisableScriptedObjects (4ms)
		BackupInstance (0ms)
		ReleaseScriptingObjects (0ms)
		CreateAndSetChildDomain (20ms)
	RebuildCommonClasses (28ms)
	RebuildNativeTypeToScriptingClass (9ms)
	initialDomainReloadingComplete (29ms)
	LoadAllAssembliesAndSetupDomain (409ms)
		LoadAssemblies (313ms)
		RebuildTransferFunctionScriptingTraits (0ms)
		AnalyzeDomain (200ms)
			TypeCache.Refresh (134ms)
				TypeCache.ScanAssembly (122ms)
			BuildScriptInfoCaches (55ms)
			ResolveRequiredComponents (7ms)
	FinalizeReload (659ms)
		ReleaseScriptCaches (0ms)
		RebuildScriptCaches (0ms)
		SetupLoadedEditorAssemblies (546ms)
			LogAssemblyErrors (0ms)
			InitializePlatformSupportModulesInManaged (1ms)
			SetLoadedEditorAssemblies (4ms)
			BeforeProcessingInitializeOnLoad (103ms)
			ProcessInitializeOnLoadAttributes (341ms)
			ProcessInitializeOnLoadMethodAttributes (96ms)
			AfterProcessingInitializeOnLoad (1ms)
			EditorAssembliesLoaded (0ms)
		ExecutionOrderSort2 (0ms)
		AwakeInstancesAfterBackupRestoration (8ms)
Launched and connected shader compiler UnityShaderCompiler.exe after 0.01 seconds
Refreshing native plugins compatible for Editor in 1.48 ms, found 4 plugins.
Preloading 0 native plugins for Editor in 0.00 ms.
Unloading 16 Unused Serialized files (Serialized files now loaded: 0)
Unloading 6921 unused Assets / (4.3 MB). Loaded Objects now: 7739.
Memory consumption went from 161.3 MB to 157.0 MB.
Total: 5.675800 ms (FindLiveObjects: 0.410200 ms CreateObjectMapping: 0.233400 ms MarkObjects: 3.702900 ms  DeleteObjects: 1.328000 ms)

========================================================================
Received Import Request.
  Time since last request: 7566.350720 seconds.
  path: Assets/PF SET1/Scene/mainlevbuild_0.asset
  artifactKey: Guid(6907d27fd456b5f4899b4709c092ccb9) Importer(815301076,1909f56bfc062723c751e8b465ee728b)
Start importing Assets/PF SET1/Scene/mainlevbuild_0.asset using Guid(6907d27fd456b5f4899b4709c092ccb9) Importer(815301076,1909f56bfc062723c751e8b465ee728b) (PreviewImporter) -> (artifact id: 'b34d7ce14140628caf537927742cb467') in 0.0610755 seconds
Number of updated asset objects reloaded before import = 0Number of asset objects unloaded after import = 3

========================================================================
Received Import Request.
  Time since last request: 0.000019 seconds.
  path: Assets/PF SET1/Scene/mainlevbuild_13.asset
  artifactKey: Guid(d18fbd06d8cc5d24793786e7a84b4627) Importer(815301076,1909f56bfc062723c751e8b465ee728b)
Start importing Assets/PF SET1/Scene/mainlevbuild_13.asset using Guid(d18fbd06d8cc5d24793786e7a84b4627) Importer(815301076,1909f56bfc062723c751e8b465ee728b) (PreviewImporter) -> (artifact id: '00d1d36d6c4087644baf11eec5f8a4f2') in 0.0158792 seconds
Number of updated asset objects reloaded before import = 0Number of asset objects unloaded after import = 3

========================================================================
Received Import Request.
  Time since last request: 0.000044 seconds.
  path: Assets/PF SET1/Scene/mainlevbuild_1.asset
  artifactKey: Guid(f822a534892bd9040b61764784eb0688) Importer(815301076,1909f56bfc062723c751e8b465ee728b)
Start importing Assets/PF SET1/Scene/mainlevbuild_1.asset using Guid(f822a534892bd9040b61764784eb0688) Importer(815301076,1909f56bfc062723c751e8b465ee728b) (PreviewImporter) -> (artifact id: '10ee3bb3a0b25f9e7535750e39b17e38') in 0.0140766 seconds
Number of updated asset objects reloaded before import = 0Number of asset objects unloaded after import = 3

========================================================================
Received Import Request.
  Time since last request: 0.000013 seconds.
  path: Assets/PF SET1/Scene/mainlevbuild_9.asset
  artifactKey: Guid(c55da56f13dc6604f83b1d0ecc190d32) Importer(815301076,1909f56bfc062723c751e8b465ee728b)
Start importing Assets/PF SET1/Scene/mainlevbuild_9.asset using Guid(c55da56f13dc6604f83b1d0ecc190d32) Importer(815301076,1909f56bfc062723c751e8b465ee728b) (PreviewImporter) -> (artifact id: '37db4feee0f2c92081dbfc082c4fe1ed') in 0.0152871 seconds
Number of updated asset objects reloaded before import = 0Number of asset objects unloaded after import = 3

========================================================================
Received Import Request.
  Time since last request: 0.000018 seconds.
  path: Assets/PF SET1/Scene/mainlevbuild_3.asset
  artifactKey: Guid(6948c7ee70e85134f88212f3d7301a34) Importer(815301076,1909f56bfc062723c751e8b465ee728b)
Start importing Assets/PF SET1/Scene/mainlevbuild_3.asset using Guid(6948c7ee70e85134f88212f3d7301a34) Importer(815301076,1909f56bfc062723c751e8b465ee728b) (PreviewImporter) -> (artifact id: '849f21762fe1a79d769de30e591c07bf') in 0.0177116 seconds
Number of updated asset objects reloaded before import = 0Number of asset objects unloaded after import = 3

========================================================================
Received Import Request.
  Time since last request: 0.000015 seconds.
  path: Assets/PF SET1/Scene/mainlevbuild_21.asset
  artifactKey: Guid(bb9c6db25069e9c47bdffe140fe5c208) Importer(815301076,1909f56bfc062723c751e8b465ee728b)
Start importing Assets/PF SET1/Scene/mainlevbuild_21.asset using Guid(bb9c6db25069e9c47bdffe140fe5c208) Importer(815301076,1909f56bfc062723c751e8b465ee728b) (PreviewImporter) -> (artifact id: '1377a9b45a04b1b42b7bb06201a77363') in 0.0212105 seconds
Number of updated asset objects reloaded before import = 0Number of asset objects unloaded after import = 3

========================================================================
Received Import Request.
  Time since last request: 0.000021 seconds.
  path: Assets/PF SET1/Scene/mainlevbuild_17.asset
  artifactKey: Guid(768f26ed3d04b2c48bf71a68e88fa6bc) Importer(815301076,1909f56bfc062723c751e8b465ee728b)
Start importing Assets/PF SET1/Scene/mainlevbuild_17.asset using Guid(768f26ed3d04b2c48bf71a68e88fa6bc) Importer(815301076,1909f56bfc062723c751e8b465ee728b) (PreviewImporter) -> (artifact id: 'b9b332780bd1934c07e5243148e5af9a') in 0.0150609 seconds
Number of updated asset objects reloaded before import = 0Number of asset objects unloaded after import = 3

========================================================================
Received Import Request.
  Time since last request: 0.000026 seconds.
  path: Assets/PF SET1/Scene/mainlevbuild_6.asset
  artifactKey: Guid(c95531c821c7cb94da0fe091a5792d11) Importer(815301076,1909f56bfc062723c751e8b465ee728b)
Start importing Assets/PF SET1/Scene/mainlevbuild_6.asset using Guid(c95531c821c7cb94da0fe091a5792d11) Importer(815301076,1909f56bfc062723c751e8b465ee728b) (PreviewImporter) -> (artifact id: 'fd7fa9e38267c006695a5515bf27a2e3') in 0.0120248 seconds
Number of updated asset objects reloaded before import = 0Number of asset objects unloaded after import = 3

========================================================================
Received Import Request.
  Time since last request: 0.000015 seconds.
  path: Assets/PF SET1/Scene/mainlevbuild_4.asset
  artifactKey: Guid(a4e0b486f6cd061488fa97338877c9c5) Importer(815301076,1909f56bfc062723c751e8b465ee728b)
Start importing Assets/PF SET1/Scene/mainlevbuild_4.asset using Guid(a4e0b486f6cd061488fa97338877c9c5) Importer(815301076,1909f56bfc062723c751e8b465ee728b) (PreviewImporter) -> (artifact id: 'd315218a2a08e5d879e1436d6a011b6f') in 0.0070102 seconds
Number of updated asset objects reloaded before import = 0Number of asset objects unloaded after import = 3

========================================================================
Received Import Request.
  Time since last request: 0.000017 seconds.
  path: Assets/PF SET1/Scene/mainlevbuild_16.asset
  artifactKey: Guid(a7009b35a98228840a07999df61c7825) Importer(815301076,1909f56bfc062723c751e8b465ee728b)
Start importing Assets/PF SET1/Scene/mainlevbuild_16.asset using Guid(a7009b35a98228840a07999df61c7825) Importer(815301076,1909f56bfc062723c751e8b465ee728b) (PreviewImporter) -> (artifact id: '5dff1cec067263ab182f510325606af7') in 0.0185744 seconds
Number of updated asset objects reloaded before import = 0Number of asset objects unloaded after import = 3

========================================================================
Received Import Request.
  Time since last request: 0.000029 seconds.
  path: Assets/PF SET1/Scene/mainlevbuild_15.asset
  artifactKey: Guid(157de23bd7b0bf64aa3457f0b7a66eb3) Importer(815301076,1909f56bfc062723c751e8b465ee728b)
Start importing Assets/PF SET1/Scene/mainlevbuild_15.asset using Guid(157de23bd7b0bf64aa3457f0b7a66eb3) Importer(815301076,1909f56bfc062723c751e8b465ee728b) (PreviewImporter) -> (artifact id: 'f4b5bf73fd8c4f9f9e6f9eed484da5d7') in 0.0168274 seconds
Number of updated asset objects reloaded before import = 0Number of asset objects unloaded after import = 3

========================================================================
Received Import Request.
  Time since last request: 0.117578 seconds.
  path: Assets/PF SET1/Scene/mainlevbuild_23.asset
  artifactKey: Guid(90461f8373ecc4b4e9e786c5462a99ae) Importer(815301076,1909f56bfc062723c751e8b465ee728b)
Start importing Assets/PF SET1/Scene/mainlevbuild_23.asset using Guid(90461f8373ecc4b4e9e786c5462a99ae) Importer(815301076,1909f56bfc062723c751e8b465ee728b) (PreviewImporter) -> (artifact id: '198089a961e70b533a4d1cc784953c50') in 0.0173884 seconds
Number of updated asset objects reloaded before import = 0Number of asset objects unloaded after import = 3

========================================================================
Received Import Request.
  Time since last request: 0.000015 seconds.
  path: Assets/PF SET1/Scene/mainlevbuild_24.asset
  artifactKey: Guid(a9116f4eabedb4a41890b0b24ba278b4) Importer(815301076,1909f56bfc062723c751e8b465ee728b)
Start importing Assets/PF SET1/Scene/mainlevbuild_24.asset using Guid(a9116f4eabedb4a41890b0b24ba278b4) Importer(815301076,1909f56bfc062723c751e8b465ee728b) (PreviewImporter) -> (artifact id: 'f98306e6a48dc841fb85646612ce2570') in 0.0149245 seconds
Number of updated asset objects reloaded before import = 0Number of asset objects unloaded after import = 3

========================================================================
Received Import Request.
  Time since last request: 0.000017 seconds.
  path: Assets/PF SET1/Scene/mainlevbuild_26.asset
  artifactKey: Guid(a688321d284e1ac4982e81d4de06ded2) Importer(815301076,1909f56bfc062723c751e8b465ee728b)
Start importing Assets/PF SET1/Scene/mainlevbuild_26.asset using Guid(a688321d284e1ac4982e81d4de06ded2) Importer(815301076,1909f56bfc062723c751e8b465ee728b) (PreviewImporter) -> (artifact id: '2b0a8ea1acd4d4229b1f22ada24cb47d') in 0.0340731 seconds
Number of updated asset objects reloaded before import = 0Number of asset objects unloaded after import = 3

========================================================================
Received Import Request.
  Time since last request: 0.000057 seconds.
  path: Assets/PF SET1/Scene/mainlevbuild_29.asset
  artifactKey: Guid(b59112f0f6621d14b8aa8c2209d56531) Importer(815301076,1909f56bfc062723c751e8b465ee728b)
Start importing Assets/PF SET1/Scene/mainlevbuild_29.asset using Guid(b59112f0f6621d14b8aa8c2209d56531) Importer(815301076,1909f56bfc062723c751e8b465ee728b) (PreviewImporter) -> (artifact id: '5c4a616d14ec4c513b804559b9b9d368') in 0.0302486 seconds
Number of updated asset objects reloaded before import = 0Number of asset objects unloaded after import = 3

========================================================================
Received Import Request.
  Time since last request: 0.000021 seconds.
  path: Assets/PF SET1/Scene/mainlevbuild_35.asset
  artifactKey: Guid(de94a27a2d60f2943a56ebcbdefd4be2) Importer(815301076,1909f56bfc062723c751e8b465ee728b)
Start importing Assets/PF SET1/Scene/mainlevbuild_35.asset using Guid(de94a27a2d60f2943a56ebcbdefd4be2) Importer(815301076,1909f56bfc062723c751e8b465ee728b) (PreviewImporter) -> (artifact id: '0026b07d64225d6cfe2fe43643746d69') in 0.0160743 seconds
Number of updated asset objects reloaded before import = 0Number of asset objects unloaded after import = 3

========================================================================
Received Import Request.
  Time since last request: 0.000019 seconds.
  path: Assets/PF SET1/Scene/mainlevbuild_33.asset
  artifactKey: Guid(9b80116db99b18749943443b6edd32f3) Importer(815301076,1909f56bfc062723c751e8b465ee728b)
Start importing Assets/PF SET1/Scene/mainlevbuild_33.asset using Guid(9b80116db99b18749943443b6edd32f3) Importer(815301076,1909f56bfc062723c751e8b465ee728b) (PreviewImporter) -> (artifact id: '1f8838de5011d5cdf68711d6241ce394') in 0.0151886 seconds
Number of updated asset objects reloaded before import = 0Number of asset objects unloaded after import = 3

========================================================================
Received Import Request.
  Time since last request: 0.000033 seconds.
  path: Assets/PF SET1/Scene/mainlevbuild_37.asset
  artifactKey: Guid(08b9f985c34a2ed4786273e3e191da11) Importer(815301076,1909f56bfc062723c751e8b465ee728b)
Start importing Assets/PF SET1/Scene/mainlevbuild_37.asset using Guid(08b9f985c34a2ed4786273e3e191da11) Importer(815301076,1909f56bfc062723c751e8b465ee728b) (PreviewImporter) -> (artifact id: '49ce1e2bc77d01efc221fa9a2450f62d') in 0.0152382 seconds
Number of updated asset objects reloaded before import = 0Number of asset objects unloaded after import = 3

========================================================================
Received Import Request.
  Time since last request: 0.000025 seconds.
  path: Assets/PF SET1/Scene/mainlevbuild_31.asset
  artifactKey: Guid(14a7d42d842c1724a813cbf8cd57e33d) Importer(815301076,1909f56bfc062723c751e8b465ee728b)
Start importing Assets/PF SET1/Scene/mainlevbuild_31.asset using Guid(14a7d42d842c1724a813cbf8cd57e33d) Importer(815301076,1909f56bfc062723c751e8b465ee728b) (PreviewImporter) -> (artifact id: '7d0a5f8c1199c75c850f2c07c022f784') in 0.0142776 seconds
Number of updated asset objects reloaded before import = 0Number of asset objects unloaded after import = 3

========================================================================
Received Import Request.
  Time since last request: 0.000017 seconds.
  path: Assets/PF SET1/Scene/mainlevbuild_39.asset
  artifactKey: Guid(509a19faad70f34489e70ea27ccc0922) Importer(815301076,1909f56bfc062723c751e8b465ee728b)
Start importing Assets/PF SET1/Scene/mainlevbuild_39.asset using Guid(509a19faad70f34489e70ea27ccc0922) Importer(815301076,1909f56bfc062723c751e8b465ee728b) (PreviewImporter) -> (artifact id: '390614e3fedfc8719ea2cd54e71f59d2') in 0.013091 seconds
Number of updated asset objects reloaded before import = 0Number of asset objects unloaded after import = 3

========================================================================
Received Import Request.
  Time since last request: 0.000016 seconds.
  path: Assets/PF SET1/Scene/mainlevbuild_30.asset
  artifactKey: Guid(70098c2523d6a644c8ddd65a6cfa4dee) Importer(815301076,1909f56bfc062723c751e8b465ee728b)
Start importing Assets/PF SET1/Scene/mainlevbuild_30.asset using Guid(70098c2523d6a644c8ddd65a6cfa4dee) Importer(815301076,1909f56bfc062723c751e8b465ee728b) (PreviewImporter) -> (artifact id: '8863651bf9d2e40234cee5bd11a6ca0f') in 0.0130537 seconds
Number of updated asset objects reloaded before import = 0Number of asset objects unloaded after import = 3

========================================================================
Received Import Request.
  Time since last request: 0.122816 seconds.
  path: Assets/PF SET1/Scene/mainlevbuild_43.asset
  artifactKey: Guid(62ee882bf552532438248028c9d630d5) Importer(815301076,1909f56bfc062723c751e8b465ee728b)
Start importing Assets/PF SET1/Scene/mainlevbuild_43.asset using Guid(62ee882bf552532438248028c9d630d5) Importer(815301076,1909f56bfc062723c751e8b465ee728b) (PreviewImporter) -> (artifact id: 'e1b2c32fc916d7a84a6e86efb691c0f0') in 0.0117168 seconds
Number of updated asset objects reloaded before import = 0Number of asset objects unloaded after import = 3

========================================================================
Received Import Request.
  Time since last request: 0.000017 seconds.
  path: Assets/PF SET1/Scene/mainlevbuild_44.asset
  artifactKey: Guid(d0454df97932b66419b0cef26c0350d5) Importer(815301076,1909f56bfc062723c751e8b465ee728b)
Start importing Assets/PF SET1/Scene/mainlevbuild_44.asset using Guid(d0454df97932b66419b0cef26c0350d5) Importer(815301076,1909f56bfc062723c751e8b465ee728b) (PreviewImporter) -> (artifact id: '6ffa9fbe56c2a719c6f9c96e4e513d80') in 0.0141388 seconds
Number of updated asset objects reloaded before import = 0Number of asset objects unloaded after import = 3

========================================================================
Received Import Request.
  Time since last request: 0.076215 seconds.
  path: Assets/PF SET1/Scene/mainlevbuild_47.asset
  artifactKey: Guid(1f649ed6049a2574881f57e6651745f6) Importer(815301076,1909f56bfc062723c751e8b465ee728b)
Start importing Assets/PF SET1/Scene/mainlevbuild_47.asset using Guid(1f649ed6049a2574881f57e6651745f6) Importer(815301076,1909f56bfc062723c751e8b465ee728b) (PreviewImporter) -> (artifact id: '3aafc4a401faf0404067bc85fa4e4157') in 0.0144737 seconds
Number of updated asset objects reloaded before import = 0Number of asset objects unloaded after import = 3

========================================================================
Received Import Request.
  Time since last request: 0.000020 seconds.
  path: Assets/PF SET1/Scene/mainlevbuild_49.asset
  artifactKey: Guid(c544d9fb0d1d99746ae1e798ec038557) Importer(815301076,1909f56bfc062723c751e8b465ee728b)
Start importing Assets/PF SET1/Scene/mainlevbuild_49.asset using Guid(c544d9fb0d1d99746ae1e798ec038557) Importer(815301076,1909f56bfc062723c751e8b465ee728b) (PreviewImporter) -> (artifact id: 'f3bd58820a0eebc74bee93008a666453') in 0.0127946 seconds
Number of updated asset objects reloaded before import = 0Number of asset objects unloaded after import = 3

========================================================================
Received Import Request.
  Time since last request: 0.000017 seconds.
  path: Assets/PF SET1/Scene/mainlevbuild_51.asset
  artifactKey: Guid(b8187bf6afb911f4fbbd1053bdd52226) Importer(815301076,1909f56bfc062723c751e8b465ee728b)
Start importing Assets/PF SET1/Scene/mainlevbuild_51.asset using Guid(b8187bf6afb911f4fbbd1053bdd52226) Importer(815301076,1909f56bfc062723c751e8b465ee728b) (PreviewImporter) -> (artifact id: '988ab98c485bb7884ea169d72c190b01') in 0.0135211 seconds
Number of updated asset objects reloaded before import = 0Number of asset objects unloaded after import = 3

========================================================================
Received Import Request.
  Time since last request: 0.000024 seconds.
  path: Assets/PF SET1/Scene/mainlevbuild_53.asset
  artifactKey: Guid(5593fed9dd9caf0418c692d00ea63c66) Importer(815301076,1909f56bfc062723c751e8b465ee728b)
Start importing Assets/PF SET1/Scene/mainlevbuild_53.asset using Guid(5593fed9dd9caf0418c692d00ea63c66) Importer(815301076,1909f56bfc062723c751e8b465ee728b) (PreviewImporter) -> (artifact id: '8ec37edb07d7d4c8a07e21c60221da10') in 0.014553 seconds
Number of updated asset objects reloaded before import = 0Number of asset objects unloaded after import = 3

========================================================================
Received Import Request.
  Time since last request: 0.000020 seconds.
  path: Assets/PF SET1/Scene/mainlevbuild_56.asset
  artifactKey: Guid(ea0c5b3f721ef4d4089a6e7dd0215ec6) Importer(815301076,1909f56bfc062723c751e8b465ee728b)
Start importing Assets/PF SET1/Scene/mainlevbuild_56.asset using Guid(ea0c5b3f721ef4d4089a6e7dd0215ec6) Importer(815301076,1909f56bfc062723c751e8b465ee728b) (PreviewImporter) -> (artifact id: '1cb757b8d0ad8455f9dbeb3065185692') in 0.0133206 seconds
Number of updated asset objects reloaded before import = 0Number of asset objects unloaded after import = 3

========================================================================
Received Import Request.
  Time since last request: 0.000013 seconds.
  path: Assets/PF SET1/Scene/mainlevbuild_57.asset
  artifactKey: Guid(c5662a7ba7557a4448a396410c6f0288) Importer(815301076,1909f56bfc062723c751e8b465ee728b)
Start importing Assets/PF SET1/Scene/mainlevbuild_57.asset using Guid(c5662a7ba7557a4448a396410c6f0288) Importer(815301076,1909f56bfc062723c751e8b465ee728b) (PreviewImporter) -> (artifact id: 'e58eefd949846b3c80159f361c691516') in 0.0158932 seconds
Number of updated asset objects reloaded before import = 0Number of asset objects unloaded after import = 3

========================================================================
Received Import Request.
  Time since last request: 0.000011 seconds.
  path: Assets/PF SET1/Scene/mainlevbuild_59.asset
  artifactKey: Guid(2d3f59fa61e563d42ba84ba4f9b8c4b8) Importer(815301076,1909f56bfc062723c751e8b465ee728b)
Start importing Assets/PF SET1/Scene/mainlevbuild_59.asset using Guid(2d3f59fa61e563d42ba84ba4f9b8c4b8) Importer(815301076,1909f56bfc062723c751e8b465ee728b) (PreviewImporter) -> (artifact id: '7f0407355d37ba403ff0bbc29b1722a7') in 0.0133219 seconds
Number of updated asset objects reloaded before import = 0Number of asset objects unloaded after import = 3

========================================================================
Received Import Request.
  Time since last request: 0.000017 seconds.
  path: Assets/PF SET1/Scene/mainlevbuild_61.asset
  artifactKey: Guid(810315441eb49f343a97c9a2789e311b) Importer(815301076,1909f56bfc062723c751e8b465ee728b)
Start importing Assets/PF SET1/Scene/mainlevbuild_61.asset using Guid(810315441eb49f343a97c9a2789e311b) Importer(815301076,1909f56bfc062723c751e8b465ee728b) (PreviewImporter) -> (artifact id: 'aa609a32499545d8ae7539dce5a535b1') in 0.013369 seconds
Number of updated asset objects reloaded before import = 0Number of asset objects unloaded after import = 3

========================================================================
Received Import Request.
  Time since last request: 1.347577 seconds.
  path: Assets/PF SET1/Sliced/mainlevbuild.png
  artifactKey: Guid(0b0ba242c6354d744b4524eb0fc98ee7) Importer(815301076,1909f56bfc062723c751e8b465ee728b)
Start importing Assets/PF SET1/Sliced/mainlevbuild.png using Guid(0b0ba242c6354d744b4524eb0fc98ee7) Importer(815301076,1909f56bfc062723c751e8b465ee728b) (PreviewImporter) -> (artifact id: 'd32c73305342a1f69137c4b76d5cca58') in 2.1338215 seconds
Number of updated asset objects reloaded before import = 0Number of asset objects unloaded after import = 1353

========================================================================
Received Import Request.
  Time since last request: 41.643029 seconds.
  path: Assets/PF SET1/Sliced/decorative_obj_807.asset
  artifactKey: Guid(e9320aafbeae2704c903412e45c04589) Importer(2089858483,b0f066a214c2f5e87bad3c948f4d605d)
Start importing Assets/PF SET1/Sliced/decorative_obj_807.asset using Guid(e9320aafbeae2704c903412e45c04589) Importer(2089858483,b0f066a214c2f5e87bad3c948f4d605d) (ScriptedImporter) -> (artifact id: '8a7cc7f8069e8ec3132187fa5ac5de42') in 0.082527 seconds
Number of updated asset objects reloaded before import = 0Number of asset objects unloaded after import = 2

========================================================================
Received Import Request.
  Time since last request: 0.000013 seconds.
  path: Assets/PF SET1/Sliced/decorative_obj_816.asset
  artifactKey: Guid(7406c03bbde6f1c4e87f69cfa0171db3) Importer(2089858483,b0f066a214c2f5e87bad3c948f4d605d)
Start importing Assets/PF SET1/Sliced/decorative_obj_816.asset using Guid(7406c03bbde6f1c4e87f69cfa0171db3) Importer(2089858483,b0f066a214c2f5e87bad3c948f4d605d) (ScriptedImporter) -> (artifact id: '453efcd768311fe6187b71700a916933') in 0.0130846 seconds
Number of updated asset objects reloaded before import = 0Number of asset objects unloaded after import = 2

========================================================================
Received Import Request.
  Time since last request: 0.000020 seconds.
  path: Assets/PF SET1/Sliced/decorative_obj_585.asset
  artifactKey: Guid(9ccfd16c84f3c6a4781cf653d818bc63) Importer(2089858483,b0f066a214c2f5e87bad3c948f4d605d)
Start importing Assets/PF SET1/Sliced/decorative_obj_585.asset using Guid(9ccfd16c84f3c6a4781cf653d818bc63) Importer(2089858483,b0f066a214c2f5e87bad3c948f4d605d) (ScriptedImporter) -> (artifact id: '4a240e1502f0582ee9e357b37ef598bb') in 0.0119024 seconds
Number of updated asset objects reloaded before import = 0Number of asset objects unloaded after import = 2

========================================================================
Received Import Request.
  Time since last request: 0.000027 seconds.
  path: Assets/PF SET1/Sliced/decorative_obj_295.asset
  artifactKey: Guid(2d9e53d612328734b9c55ef0ef5408be) Importer(2089858483,b0f066a214c2f5e87bad3c948f4d605d)
Start importing Assets/PF SET1/Sliced/decorative_obj_295.asset using Guid(2d9e53d612328734b9c55ef0ef5408be) Importer(2089858483,b0f066a214c2f5e87bad3c948f4d605d) (ScriptedImporter) -> (artifact id: 'bf46610439a5bfb9acc5d00abf3c1cb7') in 0.0124089 seconds
Number of updated asset objects reloaded before import = 0Number of asset objects unloaded after import = 2

========================================================================
Received Import Request.
  Time since last request: 0.000013 seconds.
  path: Assets/PF SET1/Sliced/decorative_obj_139.asset
  artifactKey: Guid(33939df91fd01d84e9dec696eac76755) Importer(2089858483,b0f066a214c2f5e87bad3c948f4d605d)
Start importing Assets/PF SET1/Sliced/decorative_obj_139.asset using Guid(33939df91fd01d84e9dec696eac76755) Importer(2089858483,b0f066a214c2f5e87bad3c948f4d605d) (ScriptedImporter) -> (artifact id: 'e9aaf13d354b7944a2b88f0c81880fce') in 0.0135312 seconds
Number of updated asset objects reloaded before import = 0Number of asset objects unloaded after import = 2

========================================================================
Received Import Request.
  Time since last request: 0.000013 seconds.
  path: Assets/PF SET1/Sliced/decorative_obj_236.asset
  artifactKey: Guid(e718034b4e97693429c6f2cc6b1dbc77) Importer(2089858483,b0f066a214c2f5e87bad3c948f4d605d)
Start importing Assets/PF SET1/Sliced/decorative_obj_236.asset using Guid(e718034b4e97693429c6f2cc6b1dbc77) Importer(2089858483,b0f066a214c2f5e87bad3c948f4d605d) (ScriptedImporter) -> (artifact id: '7d3cda6ab01c44206f9aeebe6bad94f3') in 0.0126226 seconds
Number of updated asset objects reloaded before import = 0Number of asset objects unloaded after import = 2

========================================================================
Received Import Request.
  Time since last request: 0.000016 seconds.
  path: Assets/PF SET1/Sliced/decorative_obj_759.asset
  artifactKey: Guid(9cec13ae14f31964e994a6f70f24291e) Importer(2089858483,b0f066a214c2f5e87bad3c948f4d605d)
Start importing Assets/PF SET1/Sliced/decorative_obj_759.asset using Guid(9cec13ae14f31964e994a6f70f24291e) Importer(2089858483,b0f066a214c2f5e87bad3c948f4d605d) (ScriptedImporter) -> (artifact id: 'c4d99cfa86c62bdf124f67304040b424') in 0.0144717 seconds
Number of updated asset objects reloaded before import = 0Number of asset objects unloaded after import = 2

========================================================================
Received Import Request.
  Time since last request: 0.000021 seconds.
  path: Assets/PF SET1/Sliced/decorative_obj_421.asset
  artifactKey: Guid(b51410bd7827cb441a6691a31f3d1d9b) Importer(2089858483,b0f066a214c2f5e87bad3c948f4d605d)
Start importing Assets/PF SET1/Sliced/decorative_obj_421.asset using Guid(b51410bd7827cb441a6691a31f3d1d9b) Importer(2089858483,b0f066a214c2f5e87bad3c948f4d605d) (ScriptedImporter) -> (artifact id: '246b57bf4ff8401433e13e7f11d04a97') in 0.0122932 seconds
Number of updated asset objects reloaded before import = 0Number of asset objects unloaded after import = 2

========================================================================
Received Import Request.
  Time since last request: 0.000012 seconds.
  path: Assets/PF SET1/Sliced/decorative_obj_30.asset
  artifactKey: Guid(fbc20bea3012c0849a5c7a19ec66d832) Importer(2089858483,b0f066a214c2f5e87bad3c948f4d605d)
Start importing Assets/PF SET1/Sliced/decorative_obj_30.asset using Guid(fbc20bea3012c0849a5c7a19ec66d832) Importer(2089858483,b0f066a214c2f5e87bad3c948f4d605d) (ScriptedImporter) -> (artifact id: '0a4ead626b0310508f87081438f15c97') in 0.0128976 seconds
Number of updated asset objects reloaded before import = 0Number of asset objects unloaded after import = 2

========================================================================
Received Import Request.
  Time since last request: 0.000013 seconds.
  path: Assets/PF SET1/Sliced/decorative_obj_10.asset
  artifactKey: Guid(c840dff2067c0e246863df1572061638) Importer(2089858483,b0f066a214c2f5e87bad3c948f4d605d)
Start importing Assets/PF SET1/Sliced/decorative_obj_10.asset using Guid(c840dff2067c0e246863df1572061638) Importer(2089858483,b0f066a214c2f5e87bad3c948f4d605d) (ScriptedImporter) -> (artifact id: '8c4cbb82259698d5157f18bd7b530bad') in 0.0118845 seconds
Number of updated asset objects reloaded before import = 0Number of asset objects unloaded after import = 2

========================================================================
Received Import Request.
  Time since last request: 0.000013 seconds.
  path: Assets/PF SET1/Sliced/decorative_obj_207.asset
  artifactKey: Guid(51e21cccd0f720749a797f3ad768ce48) Importer(2089858483,b0f066a214c2f5e87bad3c948f4d605d)
Start importing Assets/PF SET1/Sliced/decorative_obj_207.asset using Guid(51e21cccd0f720749a797f3ad768ce48) Importer(2089858483,b0f066a214c2f5e87bad3c948f4d605d) (ScriptedImporter) -> (artifact id: '6d0b67b17837e4e622cb4c4ef3bf5e21') in 0.0115143 seconds
Number of updated asset objects reloaded before import = 0Number of asset objects unloaded after import = 2

========================================================================
Received Import Request.
  Time since last request: 0.000019 seconds.
  path: Assets/PF SET1/Sliced/decorative_obj_188.asset
  artifactKey: Guid(c72fe4ffd8b9a984f8bba152c63eba32) Importer(2089858483,b0f066a214c2f5e87bad3c948f4d605d)
Start importing Assets/PF SET1/Sliced/decorative_obj_188.asset using Guid(c72fe4ffd8b9a984f8bba152c63eba32) Importer(2089858483,b0f066a214c2f5e87bad3c948f4d605d) (ScriptedImporter) -> (artifact id: 'ba53df72ad1cb837deb4ecb60911f45e') in 0.011609 seconds
Number of updated asset objects reloaded before import = 0Number of asset objects unloaded after import = 2

========================================================================
Received Import Request.
  Time since last request: 0.000013 seconds.
  path: Assets/PF SET1/Sliced/decorative_obj_315.asset
  artifactKey: Guid(a9abf018252279f4c85bf0ba086afcd8) Importer(2089858483,b0f066a214c2f5e87bad3c948f4d605d)
Start importing Assets/PF SET1/Sliced/decorative_obj_315.asset using Guid(a9abf018252279f4c85bf0ba086afcd8) Importer(2089858483,b0f066a214c2f5e87bad3c948f4d605d) (ScriptedImporter) -> (artifact id: '6c6c2e208016340fa1060ca4de6ee51b') in 0.0117514 seconds
Number of updated asset objects reloaded before import = 0Number of asset objects unloaded after import = 2

========================================================================
Received Import Request.
  Time since last request: 0.000016 seconds.
  path: Assets/PF SET1/Sliced/decorative_obj_115.asset
  artifactKey: Guid(b3052b750fac8f24b8c0fe40dd876564) Importer(2089858483,b0f066a214c2f5e87bad3c948f4d605d)
Start importing Assets/PF SET1/Sliced/decorative_obj_115.asset using Guid(b3052b750fac8f24b8c0fe40dd876564) Importer(2089858483,b0f066a214c2f5e87bad3c948f4d605d) (ScriptedImporter) -> (artifact id: 'd535ffd3ce147e7aedf6207d10d3e7cf') in 0.0124148 seconds
Number of updated asset objects reloaded before import = 0Number of asset objects unloaded after import = 2

========================================================================
Received Import Request.
  Time since last request: 0.000018 seconds.
  path: Assets/PF SET1/Sliced/decorative_obj_796.asset
  artifactKey: Guid(bfd66ea9e7935724d8decaaece07aaed) Importer(2089858483,b0f066a214c2f5e87bad3c948f4d605d)
Start importing Assets/PF SET1/Sliced/decorative_obj_796.asset using Guid(bfd66ea9e7935724d8decaaece07aaed) Importer(2089858483,b0f066a214c2f5e87bad3c948f4d605d) (ScriptedImporter) -> (artifact id: '7906728cac966bd2f4e545e107ec86c7') in 0.0117951 seconds
Number of updated asset objects reloaded before import = 0Number of asset objects unloaded after import = 2

========================================================================
Received Import Request.
  Time since last request: 0.000028 seconds.
  path: Assets/PF SET1/Sliced/decorative_obj_266.asset
  artifactKey: Guid(6730cdc5779389e4b88ddc3da8335e46) Importer(2089858483,b0f066a214c2f5e87bad3c948f4d605d)
Start importing Assets/PF SET1/Sliced/decorative_obj_266.asset using Guid(6730cdc5779389e4b88ddc3da8335e46) Importer(2089858483,b0f066a214c2f5e87bad3c948f4d605d) (ScriptedImporter) -> (artifact id: '179846a2ce64a75948bd79c890d1635a') in 0.0105515 seconds
Number of updated asset objects reloaded before import = 0Number of asset objects unloaded after import = 2

========================================================================
Received Import Request.
  Time since last request: 0.000014 seconds.
  path: Assets/PF SET1/Sliced/decorative_obj_783.asset
  artifactKey: Guid(1c0dfeefb7096d44a9c07c2f6af4a345) Importer(2089858483,b0f066a214c2f5e87bad3c948f4d605d)
Start importing Assets/PF SET1/Sliced/decorative_obj_783.asset using Guid(1c0dfeefb7096d44a9c07c2f6af4a345) Importer(2089858483,b0f066a214c2f5e87bad3c948f4d605d) (ScriptedImporter) -> (artifact id: '237e42fb32bc52a0ae5d0eb62116a165') in 0.0128608 seconds
Number of updated asset objects reloaded before import = 0Number of asset objects unloaded after import = 2

========================================================================
Received Import Request.
  Time since last request: 0.000019 seconds.
  path: Assets/PF SET1/Sliced/decorative_obj_729.asset
  artifactKey: Guid(263779410823f524a95d5bf5f839b9ba) Importer(2089858483,b0f066a214c2f5e87bad3c948f4d605d)
Start importing Assets/PF SET1/Sliced/decorative_obj_729.asset using Guid(263779410823f524a95d5bf5f839b9ba) Importer(2089858483,b0f066a214c2f5e87bad3c948f4d605d) (ScriptedImporter) -> (artifact id: '9bb49bf5fbea526f63f61c023db935a7') in 0.0125325 seconds
Number of updated asset objects reloaded before import = 0Number of asset objects unloaded after import = 2

========================================================================
Received Import Request.
  Time since last request: 0.000025 seconds.
  path: Assets/PF SET1/Sliced/decorative_obj_490.asset
  artifactKey: Guid(90f67f33e634a1c4082c525ef73c91c9) Importer(2089858483,b0f066a214c2f5e87bad3c948f4d605d)
Start importing Assets/PF SET1/Sliced/decorative_obj_490.asset using Guid(90f67f33e634a1c4082c525ef73c91c9) Importer(2089858483,b0f066a214c2f5e87bad3c948f4d605d) (ScriptedImporter) -> (artifact id: '2406d77b22c02b280ffdf5271d6732a9') in 0.0129602 seconds
Number of updated asset objects reloaded before import = 0Number of asset objects unloaded after import = 2

========================================================================
Received Import Request.
  Time since last request: 0.000018 seconds.
  path: Assets/PF SET1/Sliced/decorative_obj_804.asset
  artifactKey: Guid(02d42dc1911f69d4ca2e03172ca2784e) Importer(2089858483,b0f066a214c2f5e87bad3c948f4d605d)
Start importing Assets/PF SET1/Sliced/decorative_obj_804.asset using Guid(02d42dc1911f69d4ca2e03172ca2784e) Importer(2089858483,b0f066a214c2f5e87bad3c948f4d605d) (ScriptedImporter) -> (artifact id: '1b50e52a5e3a9a7aa4e51f6ba6f5bd45') in 0.0122136 seconds
Number of updated asset objects reloaded before import = 0Number of asset objects unloaded after import = 2

========================================================================
Received Import Request.
  Time since last request: 0.000023 seconds.
  path: Assets/PF SET1/Sliced/decorative_obj_692.asset
  artifactKey: Guid(12f9264afe223b348810cdb56128c3e5) Importer(2089858483,b0f066a214c2f5e87bad3c948f4d605d)
Start importing Assets/PF SET1/Sliced/decorative_obj_692.asset using Guid(12f9264afe223b348810cdb56128c3e5) Importer(2089858483,b0f066a214c2f5e87bad3c948f4d605d) (ScriptedImporter) -> (artifact id: '96d28081681579eb66b3122dcd9f3d43') in 0.013671 seconds
Number of updated asset objects reloaded before import = 0Number of asset objects unloaded after import = 2

========================================================================
Received Import Request.
  Time since last request: 0.000011 seconds.
  path: Assets/PF SET1/Sliced/decorative_obj_246.asset
  artifactKey: Guid(c7727d2ef05fedb4e82a8ea9ee14bd5d) Importer(2089858483,b0f066a214c2f5e87bad3c948f4d605d)
Start importing Assets/PF SET1/Sliced/decorative_obj_246.asset using Guid(c7727d2ef05fedb4e82a8ea9ee14bd5d) Importer(2089858483,b0f066a214c2f5e87bad3c948f4d605d) (ScriptedImporter) -> (artifact id: 'b6610e29c362d7e1829778a95c51c93d') in 0.0129918 seconds
Number of updated asset objects reloaded before import = 0Number of asset objects unloaded after import = 2

========================================================================
Received Import Request.
  Time since last request: 0.000015 seconds.
  path: Assets/PF SET1/Sliced/decorative_obj_119.asset
  artifactKey: Guid(1d650f32b60bc874a8d37e36f4257625) Importer(2089858483,b0f066a214c2f5e87bad3c948f4d605d)
Start importing Assets/PF SET1/Sliced/decorative_obj_119.asset using Guid(1d650f32b60bc874a8d37e36f4257625) Importer(2089858483,b0f066a214c2f5e87bad3c948f4d605d) (ScriptedImporter) -> (artifact id: '8fa20d442f1e59fcd5cea5c3f13028ea') in 0.0113248 seconds
Number of updated asset objects reloaded before import = 0Number of asset objects unloaded after import = 2

========================================================================
Received Import Request.
  Time since last request: 0.000017 seconds.
  path: Assets/PF SET1/Sliced/decorative_obj_477.asset
  artifactKey: Guid(ededbf9163e596d4483710f634cdd03a) Importer(2089858483,b0f066a214c2f5e87bad3c948f4d605d)
Start importing Assets/PF SET1/Sliced/decorative_obj_477.asset using Guid(ededbf9163e596d4483710f634cdd03a) Importer(2089858483,b0f066a214c2f5e87bad3c948f4d605d) (ScriptedImporter) -> (artifact id: 'bbc222c7dca0dfcb2b9d8bda72ac3d41') in 0.0169305 seconds
Number of updated asset objects reloaded before import = 0Number of asset objects unloaded after import = 2

========================================================================
Received Import Request.
  Time since last request: 0.000027 seconds.
  path: Assets/PF SET1/Sliced/decorative_obj_760.asset
  artifactKey: Guid(b66f89f869df37541968de2548ab9be9) Importer(2089858483,b0f066a214c2f5e87bad3c948f4d605d)
Start importing Assets/PF SET1/Sliced/decorative_obj_760.asset using Guid(b66f89f869df37541968de2548ab9be9) Importer(2089858483,b0f066a214c2f5e87bad3c948f4d605d) (ScriptedImporter) -> (artifact id: 'efbc409554847254d0cdb4fda11f9853') in 0.0112959 seconds
Number of updated asset objects reloaded before import = 0Number of asset objects unloaded after import = 2

========================================================================
Received Import Request.
  Time since last request: 0.000010 seconds.
  path: Assets/PF SET1/Sliced/decorative_obj_272.asset
  artifactKey: Guid(08cb0d5852935d74e826ef934e3f5668) Importer(2089858483,b0f066a214c2f5e87bad3c948f4d605d)
Start importing Assets/PF SET1/Sliced/decorative_obj_272.asset using Guid(08cb0d5852935d74e826ef934e3f5668) Importer(2089858483,b0f066a214c2f5e87bad3c948f4d605d) (ScriptedImporter) -> (artifact id: '51003909ef4c25fdcfa44b1cd7239328') in 0.0119166 seconds
Number of updated asset objects reloaded before import = 0Number of asset objects unloaded after import = 2

========================================================================
Received Import Request.
  Time since last request: 0.000022 seconds.
  path: Assets/PF SET1/Sliced/decorative_obj_640.asset
  artifactKey: Guid(2e243d6aaa0a42047a3edfd8eb87242a) Importer(2089858483,b0f066a214c2f5e87bad3c948f4d605d)
Start importing Assets/PF SET1/Sliced/decorative_obj_640.asset using Guid(2e243d6aaa0a42047a3edfd8eb87242a) Importer(2089858483,b0f066a214c2f5e87bad3c948f4d605d) (ScriptedImporter) -> (artifact id: 'e1c690da0afd2aa37c26bd911f642567') in 0.0118552 seconds
Number of updated asset objects reloaded before import = 0Number of asset objects unloaded after import = 2

========================================================================
Received Import Request.
  Time since last request: 0.000014 seconds.
  path: Assets/PF SET1/Sliced/decorative_obj_220.asset
  artifactKey: Guid(096b5a7d84d6b8649803f459fd86ffb1) Importer(2089858483,b0f066a214c2f5e87bad3c948f4d605d)
Start importing Assets/PF SET1/Sliced/decorative_obj_220.asset using Guid(096b5a7d84d6b8649803f459fd86ffb1) Importer(2089858483,b0f066a214c2f5e87bad3c948f4d605d) (ScriptedImporter) -> (artifact id: '4a6db1d7dba8676740b27e35740f7e60') in 0.0181567 seconds
Number of updated asset objects reloaded before import = 0Number of asset objects unloaded after import = 2

========================================================================
Received Import Request.
  Time since last request: 0.000017 seconds.
  path: Assets/PF SET1/Sliced/decorative_obj_403.asset
  artifactKey: Guid(ac482dd3699d59d4094d74aa99b2dac0) Importer(2089858483,b0f066a214c2f5e87bad3c948f4d605d)
Start importing Assets/PF SET1/Sliced/decorative_obj_403.asset using Guid(ac482dd3699d59d4094d74aa99b2dac0) Importer(2089858483,b0f066a214c2f5e87bad3c948f4d605d) (ScriptedImporter) -> (artifact id: 'f20716c4b5d9697e7e2ad5acdcd38faa') in 0.108686 seconds
Number of updated asset objects reloaded before import = 0Number of asset objects unloaded after import = 2

========================================================================
Received Import Request.
  Time since last request: 0.000014 seconds.
  path: Assets/PF SET1/Sliced/decorative_obj_474.asset
  artifactKey: Guid(c82043c3c1abb76438d9691a70904705) Importer(2089858483,b0f066a214c2f5e87bad3c948f4d605d)
Start importing Assets/PF SET1/Sliced/decorative_obj_474.asset using Guid(c82043c3c1abb76438d9691a70904705) Importer(2089858483,b0f066a214c2f5e87bad3c948f4d605d) (ScriptedImporter) -> (artifact id: 'cf51f12c2bc2fee4c3e178d940abf82c') in 0.0111986 seconds
Number of updated asset objects reloaded before import = 0Number of asset objects unloaded after import = 2

========================================================================
Received Import Request.
  Time since last request: 0.000015 seconds.
  path: Assets/PF SET1/Sliced/decorative_obj_79.asset
  artifactKey: Guid(b47803498c5e4dc4eaeb5816614b8fc1) Importer(2089858483,b0f066a214c2f5e87bad3c948f4d605d)
Start importing Assets/PF SET1/Sliced/decorative_obj_79.asset using Guid(b47803498c5e4dc4eaeb5816614b8fc1) Importer(2089858483,b0f066a214c2f5e87bad3c948f4d605d) (ScriptedImporter) -> (artifact id: 'd9ddade64a2714b02b0fe03ab6b91775') in 0.0210225 seconds
Number of updated asset objects reloaded before import = 0Number of asset objects unloaded after import = 2

========================================================================
Received Import Request.
  Time since last request: 0.000023 seconds.
  path: Assets/PF SET1/Sliced/decorative_obj_335.asset
  artifactKey: Guid(e1fd4d5984c33674592ce441d6a800c7) Importer(2089858483,b0f066a214c2f5e87bad3c948f4d605d)
Start importing Assets/PF SET1/Sliced/decorative_obj_335.asset using Guid(e1fd4d5984c33674592ce441d6a800c7) Importer(2089858483,b0f066a214c2f5e87bad3c948f4d605d) (ScriptedImporter) -> (artifact id: '7dd3eecf7837afbf6bc209acd19492d6') in 0.011476 seconds
Number of updated asset objects reloaded before import = 0Number of asset objects unloaded after import = 2

========================================================================
Received Import Request.
  Time since last request: 0.000023 seconds.
  path: Assets/PF SET1/Sliced/decorative_obj_632.asset
  artifactKey: Guid(250c1a4fffbc03c41a094f3d2e03cedb) Importer(2089858483,b0f066a214c2f5e87bad3c948f4d605d)
Start importing Assets/PF SET1/Sliced/decorative_obj_632.asset using Guid(250c1a4fffbc03c41a094f3d2e03cedb) Importer(2089858483,b0f066a214c2f5e87bad3c948f4d605d) (ScriptedImporter) -> (artifact id: 'a2e985e3a74068889d5b8d41bc6afcf3') in 0.0120971 seconds
Number of updated asset objects reloaded before import = 0Number of asset objects unloaded after import = 2

========================================================================
Received Import Request.
  Time since last request: 0.000013 seconds.
  path: Assets/PF SET1/Sliced/decorative_obj_316.asset
  artifactKey: Guid(6a4396429e189824993ecc4bf480600b) Importer(2089858483,b0f066a214c2f5e87bad3c948f4d605d)
Start importing Assets/PF SET1/Sliced/decorative_obj_316.asset using Guid(6a4396429e189824993ecc4bf480600b) Importer(2089858483,b0f066a214c2f5e87bad3c948f4d605d) (ScriptedImporter) -> (artifact id: '6e3664515c1a91eb8389cad93351ab5b') in 0.0112271 seconds
Number of updated asset objects reloaded before import = 0Number of asset objects unloaded after import = 2

========================================================================
Received Import Request.
  Time since last request: 0.000025 seconds.
  path: Assets/PF SET1/Sliced/decorative_obj_855.asset
  artifactKey: Guid(05e45576ace613046814031e233aba20) Importer(2089858483,b0f066a214c2f5e87bad3c948f4d605d)
Start importing Assets/PF SET1/Sliced/decorative_obj_855.asset using Guid(05e45576ace613046814031e233aba20) Importer(2089858483,b0f066a214c2f5e87bad3c948f4d605d) (ScriptedImporter) -> (artifact id: 'c25afd5b421307ddf35b6f97976941e2') in 0.0217675 seconds
Number of updated asset objects reloaded before import = 0Number of asset objects unloaded after import = 2

========================================================================
Received Import Request.
  Time since last request: 0.000025 seconds.
  path: Assets/PF SET1/Sliced/decorative_obj_630.asset
  artifactKey: Guid(3d2986435de572043a99e9a131c04386) Importer(2089858483,b0f066a214c2f5e87bad3c948f4d605d)
Start importing Assets/PF SET1/Sliced/decorative_obj_630.asset using Guid(3d2986435de572043a99e9a131c04386) Importer(2089858483,b0f066a214c2f5e87bad3c948f4d605d) (ScriptedImporter) -> (artifact id: '0fbbeb4f0fec8662bc3cd737e7c47a90') in 0.0095292 seconds
Number of updated asset objects reloaded before import = 0Number of asset objects unloaded after import = 2

========================================================================
Received Import Request.
  Time since last request: 0.000024 seconds.
  path: Assets/PF SET1/Sliced/decorative_obj_216.asset
  artifactKey: Guid(3995156b6bbca7545a1a1eaa50b5ffe6) Importer(2089858483,b0f066a214c2f5e87bad3c948f4d605d)
Start importing Assets/PF SET1/Sliced/decorative_obj_216.asset using Guid(3995156b6bbca7545a1a1eaa50b5ffe6) Importer(2089858483,b0f066a214c2f5e87bad3c948f4d605d) (ScriptedImporter) -> (artifact id: 'a2149d8d841921b9a693bfc528aa55a7') in 0.0109017 seconds
Number of updated asset objects reloaded before import = 0Number of asset objects unloaded after import = 2

========================================================================
Received Import Request.
  Time since last request: 0.000015 seconds.
  path: Assets/PF SET1/Sliced/decorative_obj_167.asset
  artifactKey: Guid(643a5c2009678e7428c12ad628057708) Importer(2089858483,b0f066a214c2f5e87bad3c948f4d605d)
Start importing Assets/PF SET1/Sliced/decorative_obj_167.asset using Guid(643a5c2009678e7428c12ad628057708) Importer(2089858483,b0f066a214c2f5e87bad3c948f4d605d) (ScriptedImporter) -> (artifact id: '7f94c4ef10eed928bb837fcdd75399a8') in 0.0106812 seconds
Number of updated asset objects reloaded before import = 0Number of asset objects unloaded after import = 2

========================================================================
Received Import Request.
  Time since last request: 0.000014 seconds.
  path: Assets/PF SET1/Sliced/decorative_obj_922.asset
  artifactKey: Guid(85c8ccd5dfb33bf478601e4fd0e2704e) Importer(2089858483,b0f066a214c2f5e87bad3c948f4d605d)
Start importing Assets/PF SET1/Sliced/decorative_obj_922.asset using Guid(85c8ccd5dfb33bf478601e4fd0e2704e) Importer(2089858483,b0f066a214c2f5e87bad3c948f4d605d) (ScriptedImporter) -> (artifact id: '3c6e5d064b98e758c59dcc573c733c2b') in 0.009977 seconds
Number of updated asset objects reloaded before import = 0Number of asset objects unloaded after import = 2

========================================================================
Received Import Request.
  Time since last request: 0.000012 seconds.
  path: Assets/PF SET1/Sliced/decorative_obj_31.asset
  artifactKey: Guid(edbfc5abdc1a69e4e8794400bca36f98) Importer(2089858483,b0f066a214c2f5e87bad3c948f4d605d)
Start importing Assets/PF SET1/Sliced/decorative_obj_31.asset using Guid(edbfc5abdc1a69e4e8794400bca36f98) Importer(2089858483,b0f066a214c2f5e87bad3c948f4d605d) (ScriptedImporter) -> (artifact id: 'd74ef2cf09ec266d72f59b4140cf8a18') in 0.0128087 seconds
Number of updated asset objects reloaded before import = 0Number of asset objects unloaded after import = 2

========================================================================
Received Import Request.
  Time since last request: 0.000027 seconds.
  path: Assets/PF SET1/Sliced/decorative_obj_570.asset
  artifactKey: Guid(eb988f95db2e23e4d890c441e8fe1bc2) Importer(2089858483,b0f066a214c2f5e87bad3c948f4d605d)
Start importing Assets/PF SET1/Sliced/decorative_obj_570.asset using Guid(eb988f95db2e23e4d890c441e8fe1bc2) Importer(2089858483,b0f066a214c2f5e87bad3c948f4d605d) (ScriptedImporter) -> (artifact id: 'e9c88805d0cd62bd0f01ed25d69b313b') in 0.0142258 seconds
Number of updated asset objects reloaded before import = 0Number of asset objects unloaded after import = 2

========================================================================
Received Import Request.
  Time since last request: 0.000014 seconds.
  path: Assets/PF SET1/Sliced/decorative_obj_854.asset
  artifactKey: Guid(84c56560c61c13046a81b6104cd57efb) Importer(2089858483,b0f066a214c2f5e87bad3c948f4d605d)
Start importing Assets/PF SET1/Sliced/decorative_obj_854.asset using Guid(84c56560c61c13046a81b6104cd57efb) Importer(2089858483,b0f066a214c2f5e87bad3c948f4d605d) (ScriptedImporter) -> (artifact id: 'db3876e7835bd3d338bf8af894aadd1e') in 0.0120133 seconds
Number of updated asset objects reloaded before import = 0Number of asset objects unloaded after import = 2

========================================================================
Received Import Request.
  Time since last request: 0.000015 seconds.
  path: Assets/PF SET1/Sliced/decorative_obj_947.asset
  artifactKey: Guid(fc534906a2dc86a4b8bb727b0acfb10e) Importer(2089858483,b0f066a214c2f5e87bad3c948f4d605d)
Start importing Assets/PF SET1/Sliced/decorative_obj_947.asset using Guid(fc534906a2dc86a4b8bb727b0acfb10e) Importer(2089858483,b0f066a214c2f5e87bad3c948f4d605d) (ScriptedImporter) -> (artifact id: 'fbcbcb1eedaa2f99a862dbfb1abe684d') in 0.0170538 seconds
Number of updated asset objects reloaded before import = 0Number of asset objects unloaded after import = 2

========================================================================
Received Import Request.
  Time since last request: 0.000017 seconds.
  path: Assets/PF SET1/Sliced/decorative_obj_283.asset
  artifactKey: Guid(e2c0f71a05d42a340a4687f6240df260) Importer(2089858483,b0f066a214c2f5e87bad3c948f4d605d)
Start importing Assets/PF SET1/Sliced/decorative_obj_283.asset using Guid(e2c0f71a05d42a340a4687f6240df260) Importer(2089858483,b0f066a214c2f5e87bad3c948f4d605d) (ScriptedImporter) -> (artifact id: '382775d8fea87b7109c253c850344e5e') in 0.0135337 seconds
Number of updated asset objects reloaded before import = 0Number of asset objects unloaded after import = 2

========================================================================
Received Import Request.
  Time since last request: 0.000021 seconds.
  path: Assets/PF SET1/Sliced/decorative_obj_940.asset
  artifactKey: Guid(c4c8523548683634d9cd09cdb26496df) Importer(2089858483,b0f066a214c2f5e87bad3c948f4d605d)
Start importing Assets/PF SET1/Sliced/decorative_obj_940.asset using Guid(c4c8523548683634d9cd09cdb26496df) Importer(2089858483,b0f066a214c2f5e87bad3c948f4d605d) (ScriptedImporter) -> (artifact id: 'ad85d7c8eac43b945c87f94f642ac7f7') in 0.0124867 seconds
Number of updated asset objects reloaded before import = 0Number of asset objects unloaded after import = 2

========================================================================
Received Import Request.
  Time since last request: 0.000012 seconds.
  path: Assets/PF SET1/Sliced/decorative_obj_317.asset
  artifactKey: Guid(5475ed40b66b11044a631db42b0bd3fa) Importer(2089858483,b0f066a214c2f5e87bad3c948f4d605d)
Start importing Assets/PF SET1/Sliced/decorative_obj_317.asset using Guid(5475ed40b66b11044a631db42b0bd3fa) Importer(2089858483,b0f066a214c2f5e87bad3c948f4d605d) (ScriptedImporter) -> (artifact id: '3ede36530ecaf7c8c86e68f4d7f34157') in 0.0188486 seconds
Number of updated asset objects reloaded before import = 0Number of asset objects unloaded after import = 2

========================================================================
Received Import Request.
  Time since last request: 0.000010 seconds.
  path: Assets/PF SET1/Sliced/decorative_obj_489.asset
  artifactKey: Guid(2eda9dcb73d8b1a4f903fd76ded1abe6) Importer(2089858483,b0f066a214c2f5e87bad3c948f4d605d)
Start importing Assets/PF SET1/Sliced/decorative_obj_489.asset using Guid(2eda9dcb73d8b1a4f903fd76ded1abe6) Importer(2089858483,b0f066a214c2f5e87bad3c948f4d605d) (ScriptedImporter) -> (artifact id: '7a76ad34c59f3f8afb7133db5324f54d') in 0.0237803 seconds
Number of updated asset objects reloaded before import = 0Number of asset objects unloaded after import = 2

========================================================================
Received Import Request.
  Time since last request: 0.000013 seconds.
  path: Assets/PF SET1/Sliced/decorative_obj_767.asset
  artifactKey: Guid(b3ebfa84662364b4eab13f7a29022642) Importer(2089858483,b0f066a214c2f5e87bad3c948f4d605d)
Start importing Assets/PF SET1/Sliced/decorative_obj_767.asset using Guid(b3ebfa84662364b4eab13f7a29022642) Importer(2089858483,b0f066a214c2f5e87bad3c948f4d605d) (ScriptedImporter) -> (artifact id: 'f6393c418e68075c939c3012dcbcae95') in 0.0092051 seconds
Number of updated asset objects reloaded before import = 0Number of asset objects unloaded after import = 2

========================================================================
Received Import Request.
  Time since last request: 0.000022 seconds.
  path: Assets/PF SET1/Sliced/decorative_obj_680.asset
  artifactKey: Guid(49b106737becac94eb7d6e79eda02a46) Importer(2089858483,b0f066a214c2f5e87bad3c948f4d605d)
Start importing Assets/PF SET1/Sliced/decorative_obj_680.asset using Guid(49b106737becac94eb7d6e79eda02a46) Importer(2089858483,b0f066a214c2f5e87bad3c948f4d605d) (ScriptedImporter) -> (artifact id: 'e74b72c6580cce067f090a21d2480bcf') in 0.0109302 seconds
Number of updated asset objects reloaded before import = 0Number of asset objects unloaded after import = 2

========================================================================
Received Import Request.
  Time since last request: 0.000010 seconds.
  path: Assets/PF SET1/Sliced/decorative_obj_369.asset
  artifactKey: Guid(23625f94d6051674fb74f5dd4932e200) Importer(2089858483,b0f066a214c2f5e87bad3c948f4d605d)
Start importing Assets/PF SET1/Sliced/decorative_obj_369.asset using Guid(23625f94d6051674fb74f5dd4932e200) Importer(2089858483,b0f066a214c2f5e87bad3c948f4d605d) (ScriptedImporter) -> (artifact id: '9230613ad94fdaa23c331d8c3cc31771') in 0.0131577 seconds
Number of updated asset objects reloaded before import = 0Number of asset objects unloaded after import = 2

========================================================================
Received Import Request.
  Time since last request: 0.000009 seconds.
  path: Assets/PF SET1/Sliced/decorative_obj_260.asset
  artifactKey: Guid(942e23fcdeec31849b2fbc9e1747ee83) Importer(2089858483,b0f066a214c2f5e87bad3c948f4d605d)
Start importing Assets/PF SET1/Sliced/decorative_obj_260.asset using Guid(942e23fcdeec31849b2fbc9e1747ee83) Importer(2089858483,b0f066a214c2f5e87bad3c948f4d605d) (ScriptedImporter) -> (artifact id: '45c48bd4fccf5808e41935616158e52d') in 0.0186108 seconds
Number of updated asset objects reloaded before import = 0Number of asset objects unloaded after import = 2

========================================================================
Received Import Request.
  Time since last request: 0.000019 seconds.
  path: Assets/PF SET1/Sliced/decorative_obj_237.asset
  artifactKey: Guid(cd85f1a18d2aece48bf5db0d8bbab2b4) Importer(2089858483,b0f066a214c2f5e87bad3c948f4d605d)
Start importing Assets/PF SET1/Sliced/decorative_obj_237.asset using Guid(cd85f1a18d2aece48bf5db0d8bbab2b4) Importer(2089858483,b0f066a214c2f5e87bad3c948f4d605d) (ScriptedImporter) -> (artifact id: '4794652b65a05e9df74c149fdd86f901') in 0.0104654 seconds
Number of updated asset objects reloaded before import = 0Number of asset objects unloaded after import = 2

========================================================================
Received Import Request.
  Time since last request: 0.000018 seconds.
  path: Assets/PF SET1/Sliced/decorative_obj_349.asset
  artifactKey: Guid(8d6d375ae5fc3a24dbe1dcd9226fc43d) Importer(2089858483,b0f066a214c2f5e87bad3c948f4d605d)
Start importing Assets/PF SET1/Sliced/decorative_obj_349.asset using Guid(8d6d375ae5fc3a24dbe1dcd9226fc43d) Importer(2089858483,b0f066a214c2f5e87bad3c948f4d605d) (ScriptedImporter) -> (artifact id: '089a71abb6896edc9225262bd6300e87') in 0.0108697 seconds
Number of updated asset objects reloaded before import = 0Number of asset objects unloaded after import = 2

========================================================================
Received Import Request.
  Time since last request: 0.000031 seconds.
  path: Assets/PF SET1/Sliced/decorative_obj_257.asset
  artifactKey: Guid(2d24760ac1517164b9d5807e8a6143ec) Importer(2089858483,b0f066a214c2f5e87bad3c948f4d605d)
Start importing Assets/PF SET1/Sliced/decorative_obj_257.asset using Guid(2d24760ac1517164b9d5807e8a6143ec) Importer(2089858483,b0f066a214c2f5e87bad3c948f4d605d) (ScriptedImporter) -> (artifact id: '9c13ddcf49972a1a2ea46fb93ff00185') in 0.0124891 seconds
Number of updated asset objects reloaded before import = 0Number of asset objects unloaded after import = 2

========================================================================
Received Import Request.
  Time since last request: 0.000012 seconds.
  path: Assets/PF SET1/Sliced/decorative_obj_868.asset
  artifactKey: Guid(f19cb59a05690094dad2eee967082f8d) Importer(2089858483,b0f066a214c2f5e87bad3c948f4d605d)
Start importing Assets/PF SET1/Sliced/decorative_obj_868.asset using Guid(f19cb59a05690094dad2eee967082f8d) Importer(2089858483,b0f066a214c2f5e87bad3c948f4d605d) (ScriptedImporter) -> (artifact id: '311c102171ed9eeeeada589ad9c7016d') in 0.0110355 seconds
Number of updated asset objects reloaded before import = 0Number of asset objects unloaded after import = 2

========================================================================
Received Import Request.
  Time since last request: 0.000016 seconds.
  path: Assets/PF SET1/Sliced/decorative_obj_709.asset
  artifactKey: Guid(89904c520cd4ac34cac88e2d44032e6c) Importer(2089858483,b0f066a214c2f5e87bad3c948f4d605d)
Start importing Assets/PF SET1/Sliced/decorative_obj_709.asset using Guid(89904c520cd4ac34cac88e2d44032e6c) Importer(2089858483,b0f066a214c2f5e87bad3c948f4d605d) (ScriptedImporter) -> (artifact id: 'db006ec9dc42eb7d87c71f10d3733dc2') in 0.0122937 seconds
Number of updated asset objects reloaded before import = 0Number of asset objects unloaded after import = 2

========================================================================
Received Import Request.
  Time since last request: 0.000021 seconds.
  path: Assets/PF SET1/Sliced/decorative_obj_687.asset
  artifactKey: Guid(aad7dfc9e036f884b996e7084c409b34) Importer(2089858483,b0f066a214c2f5e87bad3c948f4d605d)
Start importing Assets/PF SET1/Sliced/decorative_obj_687.asset using Guid(aad7dfc9e036f884b996e7084c409b34) Importer(2089858483,b0f066a214c2f5e87bad3c948f4d605d) (ScriptedImporter) -> (artifact id: '99e59f6f130055d1af5fcb0338c58108') in 0.0105152 seconds
Number of updated asset objects reloaded before import = 0Number of asset objects unloaded after import = 2

========================================================================
Received Import Request.
  Time since last request: 0.000017 seconds.
  path: Assets/PF SET1/Sliced/decorative_obj_53.asset
  artifactKey: Guid(24c1a7f1fd6038642bab7c228cacfe50) Importer(2089858483,b0f066a214c2f5e87bad3c948f4d605d)
Start importing Assets/PF SET1/Sliced/decorative_obj_53.asset using Guid(24c1a7f1fd6038642bab7c228cacfe50) Importer(2089858483,b0f066a214c2f5e87bad3c948f4d605d) (ScriptedImporter) -> (artifact id: '4ad727256d5f89fb39779c2bbb0f04f6') in 0.0146164 seconds
Number of updated asset objects reloaded before import = 0Number of asset objects unloaded after import = 2

========================================================================
Received Import Request.
  Time since last request: 0.000013 seconds.
  path: Assets/PF SET1/Sliced/decorative_obj_924.asset
  artifactKey: Guid(3737615ff6536b046b6c8dc834dd8b9e) Importer(2089858483,b0f066a214c2f5e87bad3c948f4d605d)
Start importing Assets/PF SET1/Sliced/decorative_obj_924.asset using Guid(3737615ff6536b046b6c8dc834dd8b9e) Importer(2089858483,b0f066a214c2f5e87bad3c948f4d605d) (ScriptedImporter) -> (artifact id: '880cfacfd2a54c53fb7224f789fedc35') in 0.0123149 seconds
Number of updated asset objects reloaded before import = 0Number of asset objects unloaded after import = 2

========================================================================
Received Import Request.
  Time since last request: 0.000026 seconds.
  path: Assets/PF SET1/Sliced/decorative_obj_118.asset
  artifactKey: Guid(bc20b4f3be6909e4ea90f2370c5ee6f5) Importer(2089858483,b0f066a214c2f5e87bad3c948f4d605d)
Start importing Assets/PF SET1/Sliced/decorative_obj_118.asset using Guid(bc20b4f3be6909e4ea90f2370c5ee6f5) Importer(2089858483,b0f066a214c2f5e87bad3c948f4d605d) (ScriptedImporter) -> (artifact id: '13bce7fc206d69d2f82ef0e7bd689720') in 0.013596 seconds
Number of updated asset objects reloaded before import = 0Number of asset objects unloaded after import = 2

========================================================================
Received Import Request.
  Time since last request: 0.000037 seconds.
  path: Assets/PF SET1/Sliced/decorative_obj_215.asset
  artifactKey: Guid(6ee166057c0f94c409afeb5e3be315aa) Importer(2089858483,b0f066a214c2f5e87bad3c948f4d605d)
Start importing Assets/PF SET1/Sliced/decorative_obj_215.asset using Guid(6ee166057c0f94c409afeb5e3be315aa) Importer(2089858483,b0f066a214c2f5e87bad3c948f4d605d) (ScriptedImporter) -> (artifact id: 'ca5140c13513af1d58f707c89d9f8b82') in 0.0182294 seconds
Number of updated asset objects reloaded before import = 0Number of asset objects unloaded after import = 2

========================================================================
Received Import Request.
  Time since last request: 0.000010 seconds.
  path: Assets/PF SET1/Sliced/decorative_obj_422.asset
  artifactKey: Guid(accba8b2ce4d7d849b45714d4648d7d4) Importer(2089858483,b0f066a214c2f5e87bad3c948f4d605d)
Start importing Assets/PF SET1/Sliced/decorative_obj_422.asset using Guid(accba8b2ce4d7d849b45714d4648d7d4) Importer(2089858483,b0f066a214c2f5e87bad3c948f4d605d) (ScriptedImporter) -> (artifact id: '48ec419727f3c5c1b61c4dbb60444524') in 0.0133255 seconds
Number of updated asset objects reloaded before import = 0Number of asset objects unloaded after import = 2

========================================================================
Received Import Request.
  Time since last request: 0.000014 seconds.
  path: Assets/PF SET1/Sliced/decorative_obj_204.asset
  artifactKey: Guid(b0f5f7c4371df044fa788a9be1173e93) Importer(2089858483,b0f066a214c2f5e87bad3c948f4d605d)
Start importing Assets/PF SET1/Sliced/decorative_obj_204.asset using Guid(b0f5f7c4371df044fa788a9be1173e93) Importer(2089858483,b0f066a214c2f5e87bad3c948f4d605d) (ScriptedImporter) -> (artifact id: '25d64492cf5fbf47d0d9a13da2287306') in 0.0129269 seconds
Number of updated asset objects reloaded before import = 0Number of asset objects unloaded after import = 2

========================================================================
Received Import Request.
  Time since last request: 0.000014 seconds.
  path: Assets/PF SET1/Sliced/decorative_obj_595.asset
  artifactKey: Guid(312b84a35bec5e74aa6d5410ba8cba07) Importer(2089858483,b0f066a214c2f5e87bad3c948f4d605d)
Start importing Assets/PF SET1/Sliced/decorative_obj_595.asset using Guid(312b84a35bec5e74aa6d5410ba8cba07) Importer(2089858483,b0f066a214c2f5e87bad3c948f4d605d) (ScriptedImporter) -> (artifact id: '21957e72151d839f3f58048db4ef8abf') in 0.0128255 seconds
Number of updated asset objects reloaded before import = 0Number of asset objects unloaded after import = 2

========================================================================
Received Import Request.
  Time since last request: 0.000026 seconds.
  path: Assets/PF SET1/Sliced/decorative_obj_401.asset
  artifactKey: Guid(05dcc72be1f58f047942f28f329c844a) Importer(2089858483,b0f066a214c2f5e87bad3c948f4d605d)
Start importing Assets/PF SET1/Sliced/decorative_obj_401.asset using Guid(05dcc72be1f58f047942f28f329c844a) Importer(2089858483,b0f066a214c2f5e87bad3c948f4d605d) (ScriptedImporter) -> (artifact id: '323865b63c19ed2a255467b570ecf41b') in 0.0127985 seconds
Number of updated asset objects reloaded before import = 0Number of asset objects unloaded after import = 2

========================================================================
Received Import Request.
  Time since last request: 0.000011 seconds.
  path: Assets/PF SET1/Sliced/decorative_obj_449.asset
  artifactKey: Guid(cfc40b2f21c39d24ea1d9ea8ac214f23) Importer(2089858483,b0f066a214c2f5e87bad3c948f4d605d)
Start importing Assets/PF SET1/Sliced/decorative_obj_449.asset using Guid(cfc40b2f21c39d24ea1d9ea8ac214f23) Importer(2089858483,b0f066a214c2f5e87bad3c948f4d605d) (ScriptedImporter) -> (artifact id: '787e2ba33b5401b406d01b23ab5a9faa') in 0.0118468 seconds
Number of updated asset objects reloaded before import = 0Number of asset objects unloaded after import = 2

========================================================================
Received Import Request.
  Time since last request: 0.000011 seconds.
  path: Assets/PF SET1/Sliced/decorative_obj_431.asset
  artifactKey: Guid(f6f9f688884af1b408e21fc6e8caf013) Importer(2089858483,b0f066a214c2f5e87bad3c948f4d605d)
Start importing Assets/PF SET1/Sliced/decorative_obj_431.asset using Guid(f6f9f688884af1b408e21fc6e8caf013) Importer(2089858483,b0f066a214c2f5e87bad3c948f4d605d) (ScriptedImporter) -> (artifact id: 'd4d69791b09962a656946d7a94de02bc') in 0.0124927 seconds
Number of updated asset objects reloaded before import = 0Number of asset objects unloaded after import = 2

========================================================================
Received Import Request.
  Time since last request: 0.000014 seconds.
  path: Assets/PF SET1/Sliced/decorative_obj_843.asset
  artifactKey: Guid(eeb0cd4b7b0a31e45aece2871b7ee424) Importer(2089858483,b0f066a214c2f5e87bad3c948f4d605d)
Start importing Assets/PF SET1/Sliced/decorative_obj_843.asset using Guid(eeb0cd4b7b0a31e45aece2871b7ee424) Importer(2089858483,b0f066a214c2f5e87bad3c948f4d605d) (ScriptedImporter) -> (artifact id: 'cc06fdb355e0d354d62da743ff0d81d9') in 0.0142041 seconds
Number of updated asset objects reloaded before import = 0Number of asset objects unloaded after import = 2

========================================================================
Received Import Request.
  Time since last request: 0.000024 seconds.
  path: Assets/PF SET1/Sliced/decorative_obj_927.asset
  artifactKey: Guid(15d937efb928b244aaf0350fa5a85944) Importer(2089858483,b0f066a214c2f5e87bad3c948f4d605d)
Start importing Assets/PF SET1/Sliced/decorative_obj_927.asset using Guid(15d937efb928b244aaf0350fa5a85944) Importer(2089858483,b0f066a214c2f5e87bad3c948f4d605d) (ScriptedImporter) -> (artifact id: '88fdf93b33753a57a0e2307d6db8aef0') in 0.0119522 seconds
Number of updated asset objects reloaded before import = 0Number of asset objects unloaded after import = 2

========================================================================
Received Import Request.
  Time since last request: 0.000010 seconds.
  path: Assets/PF SET1/Sliced/decorative_obj_509.asset
  artifactKey: Guid(530177dcd2846744187ad3488b657b86) Importer(2089858483,b0f066a214c2f5e87bad3c948f4d605d)
Start importing Assets/PF SET1/Sliced/decorative_obj_509.asset using Guid(530177dcd2846744187ad3488b657b86) Importer(2089858483,b0f066a214c2f5e87bad3c948f4d605d) (ScriptedImporter) -> (artifact id: '27dcddb1fef7827eb7a071bd59b25e12') in 0.0115485 seconds
Number of updated asset objects reloaded before import = 0Number of asset objects unloaded after import = 2

========================================================================
Received Import Request.
  Time since last request: 0.000014 seconds.
  path: Assets/PF SET1/Sliced/decorative_obj_559.asset
  artifactKey: Guid(59d0b8b343bb1d2418636642cce9ccfd) Importer(2089858483,b0f066a214c2f5e87bad3c948f4d605d)
Start importing Assets/PF SET1/Sliced/decorative_obj_559.asset using Guid(59d0b8b343bb1d2418636642cce9ccfd) Importer(2089858483,b0f066a214c2f5e87bad3c948f4d605d) (ScriptedImporter) -> (artifact id: 'd99159bce987be602e7e5d20afbf7e06') in 0.0126071 seconds
Number of updated asset objects reloaded before import = 0Number of asset objects unloaded after import = 2

========================================================================
Received Import Request.
  Time since last request: 0.000016 seconds.
  path: Assets/PF SET1/Sliced/decorative_obj_29.asset
  artifactKey: Guid(0bb57bb8e8e3a75449b9b1b9642f369d) Importer(2089858483,b0f066a214c2f5e87bad3c948f4d605d)
Start importing Assets/PF SET1/Sliced/decorative_obj_29.asset using Guid(0bb57bb8e8e3a75449b9b1b9642f369d) Importer(2089858483,b0f066a214c2f5e87bad3c948f4d605d) (ScriptedImporter) -> (artifact id: 'd104f7ad86ec9e59b243b998e8c596bd') in 0.0111449 seconds
Number of updated asset objects reloaded before import = 0Number of asset objects unloaded after import = 2

========================================================================
Received Import Request.
  Time since last request: 0.000018 seconds.
  path: Assets/PF SET1/Sliced/decorative_obj_834.asset
  artifactKey: Guid(0f477bc70254bbb458024ad4db5dfffd) Importer(2089858483,b0f066a214c2f5e87bad3c948f4d605d)
Start importing Assets/PF SET1/Sliced/decorative_obj_834.asset using Guid(0f477bc70254bbb458024ad4db5dfffd) Importer(2089858483,b0f066a214c2f5e87bad3c948f4d605d) (ScriptedImporter) -> (artifact id: '7c60721779ae2e6c55f3ed4aec3286ef') in 0.0113821 seconds
Number of updated asset objects reloaded before import = 0Number of asset objects unloaded after import = 2

========================================================================
Received Import Request.
  Time since last request: 0.000016 seconds.
  path: Assets/PF SET1/Sliced/decorative_obj_281.asset
  artifactKey: Guid(508eca9ac8b577a43918fbacd51bd213) Importer(2089858483,b0f066a214c2f5e87bad3c948f4d605d)
Start importing Assets/PF SET1/Sliced/decorative_obj_281.asset using Guid(508eca9ac8b577a43918fbacd51bd213) Importer(2089858483,b0f066a214c2f5e87bad3c948f4d605d) (ScriptedImporter) -> (artifact id: 'b050171cc071f8d4e1455e3793d2a165') in 0.0115106 seconds
Number of updated asset objects reloaded before import = 0Number of asset objects unloaded after import = 2

========================================================================
Received Import Request.
  Time since last request: 0.000015 seconds.
  path: Assets/PF SET1/Sliced/decorative_obj_515.asset
  artifactKey: Guid(e2e8680d1104155499dc0279c6bcdea0) Importer(2089858483,b0f066a214c2f5e87bad3c948f4d605d)
Start importing Assets/PF SET1/Sliced/decorative_obj_515.asset using Guid(e2e8680d1104155499dc0279c6bcdea0) Importer(2089858483,b0f066a214c2f5e87bad3c948f4d605d) (ScriptedImporter) -> (artifact id: '1a15166e70fff2e89b74bb63b85afa17') in 0.0117868 seconds
Number of updated asset objects reloaded before import = 0Number of asset objects unloaded after import = 2

========================================================================
Received Import Request.
  Time since last request: 0.000018 seconds.
  path: Assets/PF SET1/Sliced/decorative_obj_547.asset
  artifactKey: Guid(8e552fec678c8d143bc7b1f2b8989f8a) Importer(2089858483,b0f066a214c2f5e87bad3c948f4d605d)
Start importing Assets/PF SET1/Sliced/decorative_obj_547.asset using Guid(8e552fec678c8d143bc7b1f2b8989f8a) Importer(2089858483,b0f066a214c2f5e87bad3c948f4d605d) (ScriptedImporter) -> (artifact id: 'a66dba10feb689a0e1780920a7f41c6b') in 0.0125132 seconds
Number of updated asset objects reloaded before import = 0Number of asset objects unloaded after import = 2

========================================================================
Received Import Request.
  Time since last request: 0.000021 seconds.
  path: Assets/PF SET1/Sliced/decorative_obj_636.asset
  artifactKey: Guid(3d92d008e875d934482d6e8cdaf735ef) Importer(2089858483,b0f066a214c2f5e87bad3c948f4d605d)
Start importing Assets/PF SET1/Sliced/decorative_obj_636.asset using Guid(3d92d008e875d934482d6e8cdaf735ef) Importer(2089858483,b0f066a214c2f5e87bad3c948f4d605d) (ScriptedImporter) -> (artifact id: '1aca119295c7030c78e07eebaa15e29a') in 0.0150276 seconds
Number of updated asset objects reloaded before import = 0Number of asset objects unloaded after import = 2

========================================================================
Received Import Request.
  Time since last request: 0.000023 seconds.
  path: Assets/PF SET1/Sliced/decorative_obj_763.asset
  artifactKey: Guid(24d614b9c3cff49439fc2c21f0697f8c) Importer(2089858483,b0f066a214c2f5e87bad3c948f4d605d)
Start importing Assets/PF SET1/Sliced/decorative_obj_763.asset using Guid(24d614b9c3cff49439fc2c21f0697f8c) Importer(2089858483,b0f066a214c2f5e87bad3c948f4d605d) (ScriptedImporter) -> (artifact id: 'bedf612bee95f25caf153ed390c7c8ff') in 0.0136612 seconds
Number of updated asset objects reloaded before import = 0Number of asset objects unloaded after import = 2

========================================================================
Received Import Request.
  Time since last request: 0.000015 seconds.
  path: Assets/PF SET1/Sliced/decorative_obj_830.asset
  artifactKey: Guid(2304c3ad7415c9941907e5fdadcb4df6) Importer(2089858483,b0f066a214c2f5e87bad3c948f4d605d)
Start importing Assets/PF SET1/Sliced/decorative_obj_830.asset using Guid(2304c3ad7415c9941907e5fdadcb4df6) Importer(2089858483,b0f066a214c2f5e87bad3c948f4d605d) (ScriptedImporter) -> (artifact id: 'a2fe30b3e7b7f2a354b94b0d90e01bce') in 0.0145754 seconds
Number of updated asset objects reloaded before import = 0Number of asset objects unloaded after import = 2

========================================================================
Received Import Request.
  Time since last request: 0.000015 seconds.
  path: Assets/PF SET1/Sliced/decorative_obj_329.asset
  artifactKey: Guid(6b3d6a26dea60ee4995eee3d42e083d2) Importer(2089858483,b0f066a214c2f5e87bad3c948f4d605d)
Start importing Assets/PF SET1/Sliced/decorative_obj_329.asset using Guid(6b3d6a26dea60ee4995eee3d42e083d2) Importer(2089858483,b0f066a214c2f5e87bad3c948f4d605d) (ScriptedImporter) -> (artifact id: '6da6b44e9fcb49f78420eca598f5bf5d') in 0.012694 seconds
Number of updated asset objects reloaded before import = 0Number of asset objects unloaded after import = 2

========================================================================
Received Import Request.
  Time since last request: 0.000024 seconds.
  path: Assets/PF SET1/Sliced/decorative_obj_918.asset
  artifactKey: Guid(7ec1685a67bea0e438a062c714fbc874) Importer(2089858483,b0f066a214c2f5e87bad3c948f4d605d)
Start importing Assets/PF SET1/Sliced/decorative_obj_918.asset using Guid(7ec1685a67bea0e438a062c714fbc874) Importer(2089858483,b0f066a214c2f5e87bad3c948f4d605d) (ScriptedImporter) -> (artifact id: '25c6859d1a289064f10ee8fe8c54d55c') in 0.0116123 seconds
Number of updated asset objects reloaded before import = 0Number of asset objects unloaded after import = 2

========================================================================
Received Import Request.
  Time since last request: 0.000020 seconds.
  path: Assets/PF SET1/Sliced/decorative_obj_159.asset
  artifactKey: Guid(0d7293e268736f74fb8cdb754e146a5e) Importer(2089858483,b0f066a214c2f5e87bad3c948f4d605d)
Start importing Assets/PF SET1/Sliced/decorative_obj_159.asset using Guid(0d7293e268736f74fb8cdb754e146a5e) Importer(2089858483,b0f066a214c2f5e87bad3c948f4d605d) (ScriptedImporter) -> (artifact id: '2880d5729bfa19da2620395be3d88fd1') in 0.0129216 seconds
Number of updated asset objects reloaded before import = 0Number of asset objects unloaded after import = 2

========================================================================
Received Import Request.
  Time since last request: 0.000069 seconds.
  path: Assets/PF SET1/Sliced/decorative_obj_820.asset
  artifactKey: Guid(8b806a8710f945a4c8391b37c7cedfe9) Importer(2089858483,b0f066a214c2f5e87bad3c948f4d605d)
Start importing Assets/PF SET1/Sliced/decorative_obj_820.asset using Guid(8b806a8710f945a4c8391b37c7cedfe9) Importer(2089858483,b0f066a214c2f5e87bad3c948f4d605d) (ScriptedImporter) -> (artifact id: 'b4d6333d513f1be0d39bdc4d37885f5b') in 0.0136843 seconds
Number of updated asset objects reloaded before import = 0Number of asset objects unloaded after import = 2

========================================================================
Received Import Request.
  Time since last request: 0.000013 seconds.
  path: Assets/PF SET1/Sliced/decorative_obj_606.asset
  artifactKey: Guid(db3458abf0b76544da26bb1c91212699) Importer(2089858483,b0f066a214c2f5e87bad3c948f4d605d)
Start importing Assets/PF SET1/Sliced/decorative_obj_606.asset using Guid(db3458abf0b76544da26bb1c91212699) Importer(2089858483,b0f066a214c2f5e87bad3c948f4d605d) (ScriptedImporter) -> (artifact id: 'ab41be84e7d45cb8363f4e13ce7d2b43') in 0.0194007 seconds
Number of updated asset objects reloaded before import = 0Number of asset objects unloaded after import = 2

========================================================================
Received Import Request.
  Time since last request: 0.000022 seconds.
  path: Assets/PF SET1/Sliced/decorative_obj_198.asset
  artifactKey: Guid(d13410f0a1000924e9660dccce9109ad) Importer(2089858483,b0f066a214c2f5e87bad3c948f4d605d)
Start importing Assets/PF SET1/Sliced/decorative_obj_198.asset using Guid(d13410f0a1000924e9660dccce9109ad) Importer(2089858483,b0f066a214c2f5e87bad3c948f4d605d) (ScriptedImporter) -> (artifact id: 'edaf071bbda050865a8225e3ceb64e09') in 0.0124937 seconds
Number of updated asset objects reloaded before import = 0Number of asset objects unloaded after import = 2

========================================================================
Received Import Request.
  Time since last request: 0.000014 seconds.
  path: Assets/PF SET1/Sliced/decorative_obj_772.asset
  artifactKey: Guid(dcc007f48c075b84d9a33d37f6446ee5) Importer(2089858483,b0f066a214c2f5e87bad3c948f4d605d)
Start importing Assets/PF SET1/Sliced/decorative_obj_772.asset using Guid(dcc007f48c075b84d9a33d37f6446ee5) Importer(2089858483,b0f066a214c2f5e87bad3c948f4d605d) (ScriptedImporter) -> (artifact id: '7d367e7babbb55e199f18dec25f6818d') in 0.0127753 seconds
Number of updated asset objects reloaded before import = 0Number of asset objects unloaded after import = 2

========================================================================
Received Import Request.
  Time since last request: 0.000020 seconds.
  path: Assets/PF SET1/Sliced/decorative_obj_762.asset
  artifactKey: Guid(120cd04bfe20d1540b8d7e335a627d01) Importer(2089858483,b0f066a214c2f5e87bad3c948f4d605d)
Start importing Assets/PF SET1/Sliced/decorative_obj_762.asset using Guid(120cd04bfe20d1540b8d7e335a627d01) Importer(2089858483,b0f066a214c2f5e87bad3c948f4d605d) (ScriptedImporter) -> (artifact id: '69ffa62ed226014e4d162574018d0557') in 0.0123413 seconds
Number of updated asset objects reloaded before import = 0Number of asset objects unloaded after import = 2

========================================================================
Received Import Request.
  Time since last request: 0.000013 seconds.
  path: Assets/PF SET1/Sliced/decorative_obj_251.asset
  artifactKey: Guid(a2386de3117db7742aa0f98dfdaf9b66) Importer(2089858483,b0f066a214c2f5e87bad3c948f4d605d)
Start importing Assets/PF SET1/Sliced/decorative_obj_251.asset using Guid(a2386de3117db7742aa0f98dfdaf9b66) Importer(2089858483,b0f066a214c2f5e87bad3c948f4d605d) (ScriptedImporter) -> (artifact id: '8180d43e462cd67f272733b7ddcbe2a4') in 0.0129103 seconds
Number of updated asset objects reloaded before import = 0Number of asset objects unloaded after import = 2

========================================================================
Received Import Request.
  Time since last request: 0.000050 seconds.
  path: Assets/PF SET1/Sliced/decorative_obj_268.asset
  artifactKey: Guid(5a1fb9bb58f201e4abbe541b4f82be0d) Importer(2089858483,b0f066a214c2f5e87bad3c948f4d605d)
Start importing Assets/PF SET1/Sliced/decorative_obj_268.asset using Guid(5a1fb9bb58f201e4abbe541b4f82be0d) Importer(2089858483,b0f066a214c2f5e87bad3c948f4d605d) (ScriptedImporter) -> (artifact id: 'c77dbdf7c736f13f95354389c7eed914') in 0.012643 seconds
Number of updated asset objects reloaded before import = 0Number of asset objects unloaded after import = 2

========================================================================
Received Import Request.
  Time since last request: 0.000024 seconds.
  path: Assets/PF SET1/Sliced/decorative_obj_197.asset
  artifactKey: Guid(3445a291ae00c3040803dafaa0ff92bd) Importer(2089858483,b0f066a214c2f5e87bad3c948f4d605d)
Start importing Assets/PF SET1/Sliced/decorative_obj_197.asset using Guid(3445a291ae00c3040803dafaa0ff92bd) Importer(2089858483,b0f066a214c2f5e87bad3c948f4d605d) (ScriptedImporter) -> (artifact id: '2023c108359640aab3c82c02a2dcaa02') in 0.0129095 seconds
Number of updated asset objects reloaded before import = 0Number of asset objects unloaded after import = 2

========================================================================
Received Import Request.
  Time since last request: 0.000013 seconds.
  path: Assets/PF SET1/Sliced/decorative_obj_9.asset
  artifactKey: Guid(2ebc069fd96e7de49b08ac9893a20f12) Importer(2089858483,b0f066a214c2f5e87bad3c948f4d605d)
Start importing Assets/PF SET1/Sliced/decorative_obj_9.asset using Guid(2ebc069fd96e7de49b08ac9893a20f12) Importer(2089858483,b0f066a214c2f5e87bad3c948f4d605d) (ScriptedImporter) -> (artifact id: 'ea72fe9dd0aebbc387373a034a972c26') in 0.0132414 seconds
Number of updated asset objects reloaded before import = 0Number of asset objects unloaded after import = 2

========================================================================
Received Import Request.
  Time since last request: 0.000014 seconds.
  path: Assets/PF SET1/Sliced/decorative_obj_76.asset
  artifactKey: Guid(ce2d2bf126218ba469c3a23321120c88) Importer(2089858483,b0f066a214c2f5e87bad3c948f4d605d)
Start importing Assets/PF SET1/Sliced/decorative_obj_76.asset using Guid(ce2d2bf126218ba469c3a23321120c88) Importer(2089858483,b0f066a214c2f5e87bad3c948f4d605d) (ScriptedImporter) -> (artifact id: 'c67aa6eb8ef4a14b1a0e68f1b5bfadaf') in 0.0163478 seconds
Number of updated asset objects reloaded before import = 0Number of asset objects unloaded after import = 2

========================================================================
Received Import Request.
  Time since last request: 0.000023 seconds.
  path: Assets/PF SET1/Sliced/decorative_obj_887.asset
  artifactKey: Guid(d720a1882e09a49499424700a45cfe8c) Importer(2089858483,b0f066a214c2f5e87bad3c948f4d605d)
Start importing Assets/PF SET1/Sliced/decorative_obj_887.asset using Guid(d720a1882e09a49499424700a45cfe8c) Importer(2089858483,b0f066a214c2f5e87bad3c948f4d605d) (ScriptedImporter) -> (artifact id: 'dd9f0a50a03352333ce14be291a41f70') in 0.0149771 seconds
Number of updated asset objects reloaded before import = 0Number of asset objects unloaded after import = 2

========================================================================
Received Import Request.
  Time since last request: 0.000013 seconds.
  path: Assets/PF SET1/Sliced/decorative_obj_827.asset
  artifactKey: Guid(54348411d87cf414da90773ac04def52) Importer(2089858483,b0f066a214c2f5e87bad3c948f4d605d)
Start importing Assets/PF SET1/Sliced/decorative_obj_827.asset using Guid(54348411d87cf414da90773ac04def52) Importer(2089858483,b0f066a214c2f5e87bad3c948f4d605d) (ScriptedImporter) -> (artifact id: '163100c71844364814fbd44060ad52a2') in 0.0114496 seconds
Number of updated asset objects reloaded before import = 0Number of asset objects unloaded after import = 2

========================================================================
Received Import Request.
  Time since last request: 0.000010 seconds.
  path: Assets/PF SET1/Sliced/decorative_obj_822.asset
  artifactKey: Guid(021a8116b425b35428e0cb4f6e9a37da) Importer(2089858483,b0f066a214c2f5e87bad3c948f4d605d)
Start importing Assets/PF SET1/Sliced/decorative_obj_822.asset using Guid(021a8116b425b35428e0cb4f6e9a37da) Importer(2089858483,b0f066a214c2f5e87bad3c948f4d605d) (ScriptedImporter) -> (artifact id: '0e2b09770e643adf49c82725f3dc8669') in 0.0118615 seconds
Number of updated asset objects reloaded before import = 0Number of asset objects unloaded after import = 2

========================================================================
Received Import Request.
  Time since last request: 0.000017 seconds.
  path: Assets/PF SET1/Sliced/decorative_obj_452.asset
  artifactKey: Guid(17326f26fbaefea418cd46d9e388e15e) Importer(2089858483,b0f066a214c2f5e87bad3c948f4d605d)
Start importing Assets/PF SET1/Sliced/decorative_obj_452.asset using Guid(17326f26fbaefea418cd46d9e388e15e) Importer(2089858483,b0f066a214c2f5e87bad3c948f4d605d) (ScriptedImporter) -> (artifact id: 'fdbd37b4430b64da239316c8e56ec9ad') in 0.0111539 seconds
Number of updated asset objects reloaded before import = 0Number of asset objects unloaded after import = 2

========================================================================
Received Import Request.
  Time since last request: 0.000015 seconds.
  path: Assets/PF SET1/Sliced/decorative_obj_808.asset
  artifactKey: Guid(a98d4c39304e54a4abdc49ec427a50bf) Importer(2089858483,b0f066a214c2f5e87bad3c948f4d605d)
Start importing Assets/PF SET1/Sliced/decorative_obj_808.asset using Guid(a98d4c39304e54a4abdc49ec427a50bf) Importer(2089858483,b0f066a214c2f5e87bad3c948f4d605d) (ScriptedImporter) -> (artifact id: 'edc57e4b84bf0a905817bdd99621310e') in 0.0101039 seconds
Number of updated asset objects reloaded before import = 0Number of asset objects unloaded after import = 2

========================================================================
Received Import Request.
  Time since last request: 0.000011 seconds.
  path: Assets/PF SET1/Sliced/decorative_obj_889.asset
  artifactKey: Guid(68f6b08885299184e80b5df877141d77) Importer(2089858483,b0f066a214c2f5e87bad3c948f4d605d)
Start importing Assets/PF SET1/Sliced/decorative_obj_889.asset using Guid(68f6b08885299184e80b5df877141d77) Importer(2089858483,b0f066a214c2f5e87bad3c948f4d605d) (ScriptedImporter) -> (artifact id: '0fdcc3f93bfa1c8d5e4a26b2262cc337') in 0.0116094 seconds
Number of updated asset objects reloaded before import = 0Number of asset objects unloaded after import = 2

========================================================================
Received Import Request.
  Time since last request: 0.000010 seconds.
  path: Assets/PF SET1/Sliced/decorative_obj_111.asset
  artifactKey: Guid(de815511fad03674190e031b224352f0) Importer(2089858483,b0f066a214c2f5e87bad3c948f4d605d)
Start importing Assets/PF SET1/Sliced/decorative_obj_111.asset using Guid(de815511fad03674190e031b224352f0) Importer(2089858483,b0f066a214c2f5e87bad3c948f4d605d) (ScriptedImporter) -> (artifact id: '6dc6f83a02ba8ce93c49bd11dead662d') in 0.0106822 seconds
Number of updated asset objects reloaded before import = 0Number of asset objects unloaded after import = 2

========================================================================
Received Import Request.
  Time since last request: 0.000023 seconds.
  path: Assets/PF SET1/Sliced/decorative_obj_379.asset
  artifactKey: Guid(0678fed1fa6544f4cb2e18c6940dceff) Importer(2089858483,b0f066a214c2f5e87bad3c948f4d605d)
Start importing Assets/PF SET1/Sliced/decorative_obj_379.asset using Guid(0678fed1fa6544f4cb2e18c6940dceff) Importer(2089858483,b0f066a214c2f5e87bad3c948f4d605d) (ScriptedImporter) -> (artifact id: 'd5b89de400234e402a897366b6fc7475') in 0.0106801 seconds
Number of updated asset objects reloaded before import = 0Number of asset objects unloaded after import = 2

========================================================================
Received Import Request.
  Time since last request: 0.000014 seconds.
  path: Assets/PF SET1/Sliced/decorative_obj_913.asset
  artifactKey: Guid(b7d2a50e382621f48a629531a8c6ead4) Importer(2089858483,b0f066a214c2f5e87bad3c948f4d605d)
Start importing Assets/PF SET1/Sliced/decorative_obj_913.asset using Guid(b7d2a50e382621f48a629531a8c6ead4) Importer(2089858483,b0f066a214c2f5e87bad3c948f4d605d) (ScriptedImporter) -> (artifact id: 'ca07c94d5c483fd2545e31ae4bc3844a') in 0.011187 seconds
Number of updated asset objects reloaded before import = 0Number of asset objects unloaded after import = 2

========================================================================
Received Import Request.
  Time since last request: 0.000010 seconds.
  path: Assets/PF SET1/Sliced/decorative_obj_155.asset
  artifactKey: Guid(a307ca154337a1a42ae8e715424d5cac) Importer(2089858483,b0f066a214c2f5e87bad3c948f4d605d)
Start importing Assets/PF SET1/Sliced/decorative_obj_155.asset using Guid(a307ca154337a1a42ae8e715424d5cac) Importer(2089858483,b0f066a214c2f5e87bad3c948f4d605d) (ScriptedImporter) -> (artifact id: '07d789c1e709853103a48167dc598b55') in 0.0105076 seconds
Number of updated asset objects reloaded before import = 0Number of asset objects unloaded after import = 2

========================================================================
Received Import Request.
  Time since last request: 0.000011 seconds.
  path: Assets/PF SET1/Sliced/decorative_obj_670.asset
  artifactKey: Guid(ad27bc686ca1f754f89bb4374ffd6292) Importer(2089858483,b0f066a214c2f5e87bad3c948f4d605d)
Start importing Assets/PF SET1/Sliced/decorative_obj_670.asset using Guid(ad27bc686ca1f754f89bb4374ffd6292) Importer(2089858483,b0f066a214c2f5e87bad3c948f4d605d) (ScriptedImporter) -> (artifact id: 'ba00c7cf1f68462435631e4d298c55b5') in 0.0106111 seconds
Number of updated asset objects reloaded before import = 0Number of asset objects unloaded after import = 2

========================================================================
Received Import Request.
  Time since last request: 0.000015 seconds.
  path: Assets/PF SET1/Sliced/decorative_obj_72.asset
  artifactKey: Guid(e446aa4f1ee9e5b498a29b337e187852) Importer(2089858483,b0f066a214c2f5e87bad3c948f4d605d)
Start importing Assets/PF SET1/Sliced/decorative_obj_72.asset using Guid(e446aa4f1ee9e5b498a29b337e187852) Importer(2089858483,b0f066a214c2f5e87bad3c948f4d605d) (ScriptedImporter) -> (artifact id: '29595ec528232f4f3850bcd5340f289e') in 0.0108031 seconds
Number of updated asset objects reloaded before import = 0Number of asset objects unloaded after import = 2

========================================================================
Received Import Request.
  Time since last request: 0.000016 seconds.
  path: Assets/PF SET1/Sliced/decorative_obj_169.asset
  artifactKey: Guid(8c1f08acc6ed18b45a76a6ce198ab785) Importer(2089858483,b0f066a214c2f5e87bad3c948f4d605d)
Start importing Assets/PF SET1/Sliced/decorative_obj_169.asset using Guid(8c1f08acc6ed18b45a76a6ce198ab785) Importer(2089858483,b0f066a214c2f5e87bad3c948f4d605d) (ScriptedImporter) -> (artifact id: 'd797cfb791c22b44538ecc743953ddaa') in 0.0106813 seconds
Number of updated asset objects reloaded before import = 0Number of asset objects unloaded after import = 2

========================================================================
Received Import Request.
  Time since last request: 0.000019 seconds.
  path: Assets/PF SET1/Sliced/decorative_obj_647.asset
  artifactKey: Guid(485e1bcb2fdd5524bb42209f4ad7b4e3) Importer(2089858483,b0f066a214c2f5e87bad3c948f4d605d)
Start importing Assets/PF SET1/Sliced/decorative_obj_647.asset using Guid(485e1bcb2fdd5524bb42209f4ad7b4e3) Importer(2089858483,b0f066a214c2f5e87bad3c948f4d605d) (ScriptedImporter) -> (artifact id: 'd49057f76c2dd24b56d5e3a48da426f3') in 0.0120139 seconds
Number of updated asset objects reloaded before import = 0Number of asset objects unloaded after import = 2

========================================================================
Received Import Request.
  Time since last request: 0.000014 seconds.
  path: Assets/PF SET1/Sliced/decorative_obj_882.asset
  artifactKey: Guid(eb0dbb2c4b9fb8741b26387ff7cc4f85) Importer(2089858483,b0f066a214c2f5e87bad3c948f4d605d)
Start importing Assets/PF SET1/Sliced/decorative_obj_882.asset using Guid(eb0dbb2c4b9fb8741b26387ff7cc4f85) Importer(2089858483,b0f066a214c2f5e87bad3c948f4d605d) (ScriptedImporter) -> (artifact id: '8915864ce0a23b7c564f3980c8884eb6') in 0.0135271 seconds
Number of updated asset objects reloaded before import = 0Number of asset objects unloaded after import = 2

========================================================================
Received Import Request.
  Time since last request: 0.000017 seconds.
  path: Assets/PF SET1/Sliced/decorative_obj_180.asset
  artifactKey: Guid(bf6faac2f8a5ddd4eacf82d5916ab220) Importer(2089858483,b0f066a214c2f5e87bad3c948f4d605d)
Start importing Assets/PF SET1/Sliced/decorative_obj_180.asset using Guid(bf6faac2f8a5ddd4eacf82d5916ab220) Importer(2089858483,b0f066a214c2f5e87bad3c948f4d605d) (ScriptedImporter) -> (artifact id: 'dafd3212072338c28dcb700558219050') in 0.0221321 seconds
Number of updated asset objects reloaded before import = 0Number of asset objects unloaded after import = 2

========================================================================
Received Import Request.
  Time since last request: 0.000021 seconds.
  path: Assets/PF SET1/Sliced/decorative_obj_296.asset
  artifactKey: Guid(f9186326e25318641b0af2743589c603) Importer(2089858483,b0f066a214c2f5e87bad3c948f4d605d)
Start importing Assets/PF SET1/Sliced/decorative_obj_296.asset using Guid(f9186326e25318641b0af2743589c603) Importer(2089858483,b0f066a214c2f5e87bad3c948f4d605d) (ScriptedImporter) -> (artifact id: '2ac77ce29f759fc005f11a0603ee8bef') in 0.0118898 seconds
Number of updated asset objects reloaded before import = 0Number of asset objects unloaded after import = 2

========================================================================
Received Import Request.
  Time since last request: 0.000023 seconds.
  path: Assets/PF SET1/Sliced/decorative_obj_93.asset
  artifactKey: Guid(e1a6ba6a05b7c7244a95a68b891aa39a) Importer(2089858483,b0f066a214c2f5e87bad3c948f4d605d)
Start importing Assets/PF SET1/Sliced/decorative_obj_93.asset using Guid(e1a6ba6a05b7c7244a95a68b891aa39a) Importer(2089858483,b0f066a214c2f5e87bad3c948f4d605d) (ScriptedImporter) -> (artifact id: '48f1e115446c5479b2e0f9065b3e446a') in 0.0105955 seconds
Number of updated asset objects reloaded before import = 0Number of asset objects unloaded after import = 2

========================================================================
Received Import Request.
  Time since last request: 0.000015 seconds.
  path: Assets/PF SET1/Sliced/decorative_obj_799.asset
  artifactKey: Guid(52961880ac645c543bd43ca9697a866c) Importer(2089858483,b0f066a214c2f5e87bad3c948f4d605d)
Start importing Assets/PF SET1/Sliced/decorative_obj_799.asset using Guid(52961880ac645c543bd43ca9697a866c) Importer(2089858483,b0f066a214c2f5e87bad3c948f4d605d) (ScriptedImporter) -> (artifact id: '96c35ddf53d71c21ed07b308509c9e2e') in 0.012357 seconds
Number of updated asset objects reloaded before import = 0Number of asset objects unloaded after import = 2

========================================================================
Received Import Request.
  Time since last request: 0.000016 seconds.
  path: Assets/PF SET1/Sliced/decorative_obj_777.asset
  artifactKey: Guid(dae7469ab3c4d2147babb6d46b67f590) Importer(2089858483,b0f066a214c2f5e87bad3c948f4d605d)
Start importing Assets/PF SET1/Sliced/decorative_obj_777.asset using Guid(dae7469ab3c4d2147babb6d46b67f590) Importer(2089858483,b0f066a214c2f5e87bad3c948f4d605d) (ScriptedImporter) -> (artifact id: '421a4529ebb430e31870d3bee9bf72c2') in 0.0195848 seconds
Number of updated asset objects reloaded before import = 0Number of asset objects unloaded after import = 2

========================================================================
Received Import Request.
  Time since last request: 0.000020 seconds.
  path: Assets/PF SET1/Sliced/decorative_obj_277.asset
  artifactKey: Guid(625a2f3765b3d514f9549a5fefcb204c) Importer(2089858483,b0f066a214c2f5e87bad3c948f4d605d)
Start importing Assets/PF SET1/Sliced/decorative_obj_277.asset using Guid(625a2f3765b3d514f9549a5fefcb204c) Importer(2089858483,b0f066a214c2f5e87bad3c948f4d605d) (ScriptedImporter) -> (artifact id: '40e3ada7f478957aab920bc20dcc6ea4') in 0.0189606 seconds
Number of updated asset objects reloaded before import = 0Number of asset objects unloaded after import = 2

========================================================================
Received Import Request.
  Time since last request: 0.000011 seconds.
  path: Assets/PF SET1/Sliced/decorative_obj_654.asset
  artifactKey: Guid(6dc6bd85d99d8a046bfc539b8f6f7d57) Importer(2089858483,b0f066a214c2f5e87bad3c948f4d605d)
Start importing Assets/PF SET1/Sliced/decorative_obj_654.asset using Guid(6dc6bd85d99d8a046bfc539b8f6f7d57) Importer(2089858483,b0f066a214c2f5e87bad3c948f4d605d) (ScriptedImporter) -> (artifact id: 'cc96bf40eae93249c4a852ccff0ec6cc') in 0.0121001 seconds
Number of updated asset objects reloaded before import = 0Number of asset objects unloaded after import = 2

========================================================================
Received Import Request.
  Time since last request: 0.000018 seconds.
  path: Assets/PF SET1/Sliced/decorative_obj_305.asset
  artifactKey: Guid(163c502e417cdf04383c7ed591a6b089) Importer(2089858483,b0f066a214c2f5e87bad3c948f4d605d)
Start importing Assets/PF SET1/Sliced/decorative_obj_305.asset using Guid(163c502e417cdf04383c7ed591a6b089) Importer(2089858483,b0f066a214c2f5e87bad3c948f4d605d) (ScriptedImporter) -> (artifact id: 'f722143b0fef927720294c29310e8f61') in 0.012117 seconds
Number of updated asset objects reloaded before import = 0Number of asset objects unloaded after import = 2

========================================================================
Received Import Request.
  Time since last request: 0.000013 seconds.
  path: Assets/PF SET1/Sliced/decorative_obj_105.asset
  artifactKey: Guid(4bd8d80c1ee81c247af2b41053de1eb3) Importer(2089858483,b0f066a214c2f5e87bad3c948f4d605d)
Start importing Assets/PF SET1/Sliced/decorative_obj_105.asset using Guid(4bd8d80c1ee81c247af2b41053de1eb3) Importer(2089858483,b0f066a214c2f5e87bad3c948f4d605d) (ScriptedImporter) -> (artifact id: 'a9ee71b35045e6aa02ecb8ca6a8d34e2') in 0.0207758 seconds
Number of updated asset objects reloaded before import = 0Number of asset objects unloaded after import = 2

========================================================================
Received Import Request.
  Time since last request: 0.000020 seconds.
  path: Assets/PF SET1/Sliced/decorative_obj_96.asset
  artifactKey: Guid(405f83998458c774f8baacf9772bebb1) Importer(2089858483,b0f066a214c2f5e87bad3c948f4d605d)
Start importing Assets/PF SET1/Sliced/decorative_obj_96.asset using Guid(405f83998458c774f8baacf9772bebb1) Importer(2089858483,b0f066a214c2f5e87bad3c948f4d605d) (ScriptedImporter) -> (artifact id: '5fcb1eeb5082a682c9d306a01aadf98b') in 0.0203189 seconds
Number of updated asset objects reloaded before import = 0Number of asset objects unloaded after import = 2

========================================================================
Received Import Request.
  Time since last request: 0.000016 seconds.
  path: Assets/PF SET1/Sliced/decorative_obj_635.asset
  artifactKey: Guid(527f03c8b71e4f949b337b378358a78c) Importer(2089858483,b0f066a214c2f5e87bad3c948f4d605d)
Start importing Assets/PF SET1/Sliced/decorative_obj_635.asset using Guid(527f03c8b71e4f949b337b378358a78c) Importer(2089858483,b0f066a214c2f5e87bad3c948f4d605d) (ScriptedImporter) -> (artifact id: '783673adf4e068a73630cc2303a44fcb') in 0.0135536 seconds
Number of updated asset objects reloaded before import = 0Number of asset objects unloaded after import = 2

========================================================================
Received Import Request.
  Time since last request: 0.000014 seconds.
  path: Assets/PF SET1/Sliced/decorative_obj_552.asset
  artifactKey: Guid(c50292c963f466d4cbdf6c7e931a7408) Importer(2089858483,b0f066a214c2f5e87bad3c948f4d605d)
Start importing Assets/PF SET1/Sliced/decorative_obj_552.asset using Guid(c50292c963f466d4cbdf6c7e931a7408) Importer(2089858483,b0f066a214c2f5e87bad3c948f4d605d) (ScriptedImporter) -> (artifact id: 'f9ac04599978b5b47fab278def4530ab') in 0.0127839 seconds
Number of updated asset objects reloaded before import = 0Number of asset objects unloaded after import = 2

========================================================================
Received Import Request.
  Time since last request: 0.000016 seconds.
  path: Assets/PF SET1/Sliced/decorative_obj_455.asset
  artifactKey: Guid(79ebf35a467d9d7459c9004035b13677) Importer(2089858483,b0f066a214c2f5e87bad3c948f4d605d)
Start importing Assets/PF SET1/Sliced/decorative_obj_455.asset using Guid(79ebf35a467d9d7459c9004035b13677) Importer(2089858483,b0f066a214c2f5e87bad3c948f4d605d) (ScriptedImporter) -> (artifact id: '661fed6dc19ca136582637d874e67ab7') in 0.013381 seconds
Number of updated asset objects reloaded before import = 0Number of asset objects unloaded after import = 2

========================================================================
Received Import Request.
  Time since last request: 0.000029 seconds.
  path: Assets/PF SET1/Sliced/decorative_obj_165.asset
  artifactKey: Guid(822566e5fe298144b99990c70314d6d5) Importer(2089858483,b0f066a214c2f5e87bad3c948f4d605d)
Start importing Assets/PF SET1/Sliced/decorative_obj_165.asset using Guid(822566e5fe298144b99990c70314d6d5) Importer(2089858483,b0f066a214c2f5e87bad3c948f4d605d) (ScriptedImporter) -> (artifact id: 'ecf471fa23cb048a8b7465e35f589aa9') in 0.011672 seconds
Number of updated asset objects reloaded before import = 0Number of asset objects unloaded after import = 2

========================================================================
Received Import Request.
  Time since last request: 0.000016 seconds.
  path: Assets/PF SET1/Sliced/decorative_obj_208.asset
  artifactKey: Guid(f4bfd3677f46ad340a0a912963ac300a) Importer(2089858483,b0f066a214c2f5e87bad3c948f4d605d)
Start importing Assets/PF SET1/Sliced/decorative_obj_208.asset using Guid(f4bfd3677f46ad340a0a912963ac300a) Importer(2089858483,b0f066a214c2f5e87bad3c948f4d605d) (ScriptedImporter) -> (artifact id: 'cf87c9fe32e1cf797d950dc77e913a41') in 0.0111343 seconds
Number of updated asset objects reloaded before import = 0Number of asset objects unloaded after import = 2

========================================================================
Received Import Request.
  Time since last request: 0.000015 seconds.
  path: Assets/PF SET1/Sliced/decorative_obj_494.asset
  artifactKey: Guid(da15db5f673f0134bbeb7ce707183178) Importer(2089858483,b0f066a214c2f5e87bad3c948f4d605d)
Start importing Assets/PF SET1/Sliced/decorative_obj_494.asset using Guid(da15db5f673f0134bbeb7ce707183178) Importer(2089858483,b0f066a214c2f5e87bad3c948f4d605d) (ScriptedImporter) -> (artifact id: '65fbdeb73efae5c4fd086b8a6d3fb730') in 0.0121764 seconds
Number of updated asset objects reloaded before import = 0Number of asset objects unloaded after import = 2

========================================================================
Received Import Request.
  Time since last request: 0.000013 seconds.
  path: Assets/PF SET1/Sliced/decorative_obj_59.asset
  artifactKey: Guid(88bc3b41ea1776a4e9ef1f6f55119fe2) Importer(2089858483,b0f066a214c2f5e87bad3c948f4d605d)
Start importing Assets/PF SET1/Sliced/decorative_obj_59.asset using Guid(88bc3b41ea1776a4e9ef1f6f55119fe2) Importer(2089858483,b0f066a214c2f5e87bad3c948f4d605d) (ScriptedImporter) -> (artifact id: 'a13c39bfcc8fde54c17e1539c116b405') in 0.0138225 seconds
Number of updated asset objects reloaded before import = 0Number of asset objects unloaded after import = 2

========================================================================
Received Import Request.
  Time since last request: 0.000013 seconds.
  path: Assets/PF SET1/Sliced/decorative_obj_535.asset
  artifactKey: Guid(2b7453c5fe6f2784b936258daae5dbd1) Importer(2089858483,b0f066a214c2f5e87bad3c948f4d605d)
Start importing Assets/PF SET1/Sliced/decorative_obj_535.asset using Guid(2b7453c5fe6f2784b936258daae5dbd1) Importer(2089858483,b0f066a214c2f5e87bad3c948f4d605d) (ScriptedImporter) -> (artifact id: 'b73ee3399646e772982f6ed276a3d275') in 0.0244916 seconds
Number of updated asset objects reloaded before import = 0Number of asset objects unloaded after import = 2

========================================================================
Received Import Request.
  Time since last request: 0.000019 seconds.
  path: Assets/PF SET1/Sliced/decorative_obj_530.asset
  artifactKey: Guid(19ce17e5394b41e4d8e92b93e4b6757c) Importer(2089858483,b0f066a214c2f5e87bad3c948f4d605d)
Start importing Assets/PF SET1/Sliced/decorative_obj_530.asset using Guid(19ce17e5394b41e4d8e92b93e4b6757c) Importer(2089858483,b0f066a214c2f5e87bad3c948f4d605d) (ScriptedImporter) -> (artifact id: '012f4fe6e3c4b3b14fdc8d839a3610ce') in 0.012153 seconds
Number of updated asset objects reloaded before import = 0Number of asset objects unloaded after import = 2

========================================================================
Received Import Request.
  Time since last request: 0.000010 seconds.
  path: Assets/PF SET1/Sliced/decorative_obj_732.asset
  artifactKey: Guid(9c4577826aeadf84693dbcbfe108cf1a) Importer(2089858483,b0f066a214c2f5e87bad3c948f4d605d)
Start importing Assets/PF SET1/Sliced/decorative_obj_732.asset using Guid(9c4577826aeadf84693dbcbfe108cf1a) Importer(2089858483,b0f066a214c2f5e87bad3c948f4d605d) (ScriptedImporter) -> (artifact id: 'fe64f6cfb316e6a5e6972c3c2954d196') in 0.0133954 seconds
Number of updated asset objects reloaded before import = 0Number of asset objects unloaded after import = 2

========================================================================
Received Import Request.
  Time since last request: 0.000012 seconds.
  path: Assets/PF SET1/Sliced/decorative_obj_507.asset
  artifactKey: Guid(067817ace96ddb144b577bccf128133f) Importer(2089858483,b0f066a214c2f5e87bad3c948f4d605d)
Start importing Assets/PF SET1/Sliced/decorative_obj_507.asset using Guid(067817ace96ddb144b577bccf128133f) Importer(2089858483,b0f066a214c2f5e87bad3c948f4d605d) (ScriptedImporter) -> (artifact id: '35e6931a3bb5aec4cbad83629f2455a2') in 0.0121626 seconds
Number of updated asset objects reloaded before import = 0Number of asset objects unloaded after import = 2

========================================================================
Received Import Request.
  Time since last request: 0.000016 seconds.
  path: Assets/PF SET1/Sliced/decorative_obj_800.asset
  artifactKey: Guid(c666ce59fe0c20141816fd04500a5b1b) Importer(2089858483,b0f066a214c2f5e87bad3c948f4d605d)
Start importing Assets/PF SET1/Sliced/decorative_obj_800.asset using Guid(c666ce59fe0c20141816fd04500a5b1b) Importer(2089858483,b0f066a214c2f5e87bad3c948f4d605d) (ScriptedImporter) -> (artifact id: '0f73ca3c6f1d0847d4e4e8372789eff9') in 0.0196236 seconds
Number of updated asset objects reloaded before import = 0Number of asset objects unloaded after import = 2

========================================================================
Received Import Request.
  Time since last request: 0.000018 seconds.
  path: Assets/PF SET1/Sliced/decorative_obj_156.asset
  artifactKey: Guid(0c66bd514ca7abc49b97764c2706f5dd) Importer(2089858483,b0f066a214c2f5e87bad3c948f4d605d)
Start importing Assets/PF SET1/Sliced/decorative_obj_156.asset using Guid(0c66bd514ca7abc49b97764c2706f5dd) Importer(2089858483,b0f066a214c2f5e87bad3c948f4d605d) (ScriptedImporter) -> (artifact id: '7e5124d5acea138973a9d663574621a4') in 0.0118503 seconds
Number of updated asset objects reloaded before import = 0Number of asset objects unloaded after import = 2

========================================================================
Received Import Request.
  Time since last request: 0.000010 seconds.
  path: Assets/PF SET1/Sliced/decorative_obj_845.asset
  artifactKey: Guid(a86e7afddc59af846997ac29abd0039b) Importer(2089858483,b0f066a214c2f5e87bad3c948f4d605d)
Start importing Assets/PF SET1/Sliced/decorative_obj_845.asset using Guid(a86e7afddc59af846997ac29abd0039b) Importer(2089858483,b0f066a214c2f5e87bad3c948f4d605d) (ScriptedImporter) -> (artifact id: '478ef8f3369e33d0bbd2cc3cf294bd6d') in 0.010384 seconds
Number of updated asset objects reloaded before import = 0Number of asset objects unloaded after import = 2

========================================================================
Received Import Request.
  Time since last request: 0.000014 seconds.
  path: Assets/PF SET1/Sliced/decorative_obj_787.asset
  artifactKey: Guid(4951be526db59f1459397b52dc474a04) Importer(2089858483,b0f066a214c2f5e87bad3c948f4d605d)
Start importing Assets/PF SET1/Sliced/decorative_obj_787.asset using Guid(4951be526db59f1459397b52dc474a04) Importer(2089858483,b0f066a214c2f5e87bad3c948f4d605d) (ScriptedImporter) -> (artifact id: '52331633987abc2fff443728127340f9') in 0.0123251 seconds
Number of updated asset objects reloaded before import = 0Number of asset objects unloaded after import = 2

========================================================================
Received Import Request.
  Time since last request: 0.000016 seconds.
  path: Assets/PF SET1/Sliced/decorative_obj_765.asset
  artifactKey: Guid(852714fecb61f8044b7deb4015ec652e) Importer(2089858483,b0f066a214c2f5e87bad3c948f4d605d)
Start importing Assets/PF SET1/Sliced/decorative_obj_765.asset using Guid(852714fecb61f8044b7deb4015ec652e) Importer(2089858483,b0f066a214c2f5e87bad3c948f4d605d) (ScriptedImporter) -> (artifact id: '72045a2679485b8989ffbf2cec1dd5e3') in 0.0114629 seconds
Number of updated asset objects reloaded before import = 0Number of asset objects unloaded after import = 2

========================================================================
Received Import Request.
  Time since last request: 0.000024 seconds.
  path: Assets/PF SET1/Sliced/decorative_obj_325.asset
  artifactKey: Guid(c5745565ffdc4fd4f9e08779c022efb6) Importer(2089858483,b0f066a214c2f5e87bad3c948f4d605d)
Start importing Assets/PF SET1/Sliced/decorative_obj_325.asset using Guid(c5745565ffdc4fd4f9e08779c022efb6) Importer(2089858483,b0f066a214c2f5e87bad3c948f4d605d) (ScriptedImporter) -> (artifact id: '94c5281e324c53f12773e1a7d29f6a59') in 0.0131765 seconds
Number of updated asset objects reloaded before import = 0Number of asset objects unloaded after import = 2

========================================================================
Received Import Request.
  Time since last request: 0.000019 seconds.
  path: Assets/PF SET1/Sliced/decorative_obj_360.asset
  artifactKey: Guid(f19156553ef8dec4dbbb581a9e5e4ec6) Importer(2089858483,b0f066a214c2f5e87bad3c948f4d605d)
Start importing Assets/PF SET1/Sliced/decorative_obj_360.asset using Guid(f19156553ef8dec4dbbb581a9e5e4ec6) Importer(2089858483,b0f066a214c2f5e87bad3c948f4d605d) (ScriptedImporter) -> (artifact id: '2a2317cf6a0f20e972455c68e58d0544') in 0.0132645 seconds
Number of updated asset objects reloaded before import = 0Number of asset objects unloaded after import = 2

========================================================================
Received Import Request.
  Time since last request: 0.000015 seconds.
  path: Assets/PF SET1/Sliced/decorative_obj_399.asset
  artifactKey: Guid(b28625e3e921cb74eae0cf6fd754cfea) Importer(2089858483,b0f066a214c2f5e87bad3c948f4d605d)
Start importing Assets/PF SET1/Sliced/decorative_obj_399.asset using Guid(b28625e3e921cb74eae0cf6fd754cfea) Importer(2089858483,b0f066a214c2f5e87bad3c948f4d605d) (ScriptedImporter) -> (artifact id: '51e27eb7a6e5972668eeabee815b0e87') in 0.0125806 seconds
Number of updated asset objects reloaded before import = 0Number of asset objects unloaded after import = 2

========================================================================
Received Import Request.
  Time since last request: 0.000019 seconds.
  path: Assets/PF SET1/Sliced/decorative_obj_56.asset
  artifactKey: Guid(ae09bcd3af3890e4ba135cd74701a91c) Importer(2089858483,b0f066a214c2f5e87bad3c948f4d605d)
Start importing Assets/PF SET1/Sliced/decorative_obj_56.asset using Guid(ae09bcd3af3890e4ba135cd74701a91c) Importer(2089858483,b0f066a214c2f5e87bad3c948f4d605d) (ScriptedImporter) -> (artifact id: 'cdf3243594d8c0fc141098d59f449907') in 0.0109542 seconds
Number of updated asset objects reloaded before import = 0Number of asset objects unloaded after import = 2

========================================================================
Received Import Request.
  Time since last request: 0.000017 seconds.
  path: Assets/PF SET1/Sliced/decorative_obj_420.asset
  artifactKey: Guid(6d34063c12c6786418d0997a65aaa6dd) Importer(2089858483,b0f066a214c2f5e87bad3c948f4d605d)
Start importing Assets/PF SET1/Sliced/decorative_obj_420.asset using Guid(6d34063c12c6786418d0997a65aaa6dd) Importer(2089858483,b0f066a214c2f5e87bad3c948f4d605d) (ScriptedImporter) -> (artifact id: 'f9c8da1be2e37f9245a82091f35a9c8b') in 0.0110016 seconds
Number of updated asset objects reloaded before import = 0Number of asset objects unloaded after import = 2

========================================================================
Received Import Request.
  Time since last request: 0.000010 seconds.
  path: Assets/PF SET1/Sliced/decorative_obj_774.asset
  artifactKey: Guid(19a6c0e6cc2ef644a9efe9a094712986) Importer(2089858483,b0f066a214c2f5e87bad3c948f4d605d)
Start importing Assets/PF SET1/Sliced/decorative_obj_774.asset using Guid(19a6c0e6cc2ef644a9efe9a094712986) Importer(2089858483,b0f066a214c2f5e87bad3c948f4d605d) (ScriptedImporter) -> (artifact id: '7c2b7cc86e23579667f707c85dc82c33') in 0.0106464 seconds
Number of updated asset objects reloaded before import = 0Number of asset objects unloaded after import = 2

========================================================================
Received Import Request.
  Time since last request: 0.000015 seconds.
  path: Assets/PF SET1/Sliced/decorative_obj_644.asset
  artifactKey: Guid(1aacbaff713d1544ea49bbb5cf884906) Importer(2089858483,b0f066a214c2f5e87bad3c948f4d605d)
Start importing Assets/PF SET1/Sliced/decorative_obj_644.asset using Guid(1aacbaff713d1544ea49bbb5cf884906) Importer(2089858483,b0f066a214c2f5e87bad3c948f4d605d) (ScriptedImporter) -> (artifact id: 'f9bfdd6d1f02fd232913ab129e538b94') in 0.0108925 seconds
Number of updated asset objects reloaded before import = 0Number of asset objects unloaded after import = 2

========================================================================
Received Import Request.
  Time since last request: 0.000015 seconds.
  path: Assets/PF SET1/Sliced/decorative_obj_662.asset
  artifactKey: Guid(4d94d73afd786014986d89b8355fcdd7) Importer(2089858483,b0f066a214c2f5e87bad3c948f4d605d)
Start importing Assets/PF SET1/Sliced/decorative_obj_662.asset using Guid(4d94d73afd786014986d89b8355fcdd7) Importer(2089858483,b0f066a214c2f5e87bad3c948f4d605d) (ScriptedImporter) -> (artifact id: '58744b62a475fcf30da3677595475f14') in 0.0128292 seconds
Number of updated asset objects reloaded before import = 0Number of asset objects unloaded after import = 2

========================================================================
Received Import Request.
  Time since last request: 0.000027 seconds.
  path: Assets/PF SET1/Sliced/decorative_obj_658.asset
  artifactKey: Guid(7a42f62cb7b1e07428b836694e5c2af0) Importer(2089858483,b0f066a214c2f5e87bad3c948f4d605d)
Start importing Assets/PF SET1/Sliced/decorative_obj_658.asset using Guid(7a42f62cb7b1e07428b836694e5c2af0) Importer(2089858483,b0f066a214c2f5e87bad3c948f4d605d) (ScriptedImporter) -> (artifact id: '67ab9b71a0de601b0a221c2d31cbfa2a') in 0.0191683 seconds
Number of updated asset objects reloaded before import = 0Number of asset objects unloaded after import = 2

========================================================================
Received Import Request.
  Time since last request: 0.000014 seconds.
  path: Assets/PF SET1/Sliced/decorative_obj_539.asset
  artifactKey: Guid(0f04c46f3cf9ad446891cd2f2ee29217) Importer(2089858483,b0f066a214c2f5e87bad3c948f4d605d)
Start importing Assets/PF SET1/Sliced/decorative_obj_539.asset using Guid(0f04c46f3cf9ad446891cd2f2ee29217) Importer(2089858483,b0f066a214c2f5e87bad3c948f4d605d) (ScriptedImporter) -> (artifact id: '7d5319babdb19e2cd2c99f1de3ea00da') in 0.0121989 seconds
Number of updated asset objects reloaded before import = 0Number of asset objects unloaded after import = 2

========================================================================
Received Import Request.
  Time since last request: 0.000013 seconds.
  path: Assets/PF SET1/Sliced/decorative_obj_332.asset
  artifactKey: Guid(a80a13461e6dcfa4caada86a616f121d) Importer(2089858483,b0f066a214c2f5e87bad3c948f4d605d)
Start importing Assets/PF SET1/Sliced/decorative_obj_332.asset using Guid(a80a13461e6dcfa4caada86a616f121d) Importer(2089858483,b0f066a214c2f5e87bad3c948f4d605d) (ScriptedImporter) -> (artifact id: 'dd1b209fbfdbb90b57fbef163a0f7098') in 0.0113127 seconds
Number of updated asset objects reloaded before import = 0Number of asset objects unloaded after import = 2

========================================================================
Received Import Request.
  Time since last request: 0.000014 seconds.
  path: Assets/PF SET1/Sliced/decorative_obj_858.asset
  artifactKey: Guid(ae9ba32783ca95d41ad6b86b1773c299) Importer(2089858483,b0f066a214c2f5e87bad3c948f4d605d)
Start importing Assets/PF SET1/Sliced/decorative_obj_858.asset using Guid(ae9ba32783ca95d41ad6b86b1773c299) Importer(2089858483,b0f066a214c2f5e87bad3c948f4d605d) (ScriptedImporter) -> (artifact id: '0a61146acde2447f55bb4717c155ee26') in 0.0128066 seconds
Number of updated asset objects reloaded before import = 0Number of asset objects unloaded after import = 2

========================================================================
Received Import Request.
  Time since last request: 0.000022 seconds.
  path: Assets/PF SET1/Sliced/decorative_obj_342.asset
  artifactKey: Guid(5828c7fc7d18af745a662c6bb71d6a75) Importer(2089858483,b0f066a214c2f5e87bad3c948f4d605d)
Start importing Assets/PF SET1/Sliced/decorative_obj_342.asset using Guid(5828c7fc7d18af745a662c6bb71d6a75) Importer(2089858483,b0f066a214c2f5e87bad3c948f4d605d) (ScriptedImporter) -> (artifact id: '3887ce69b391d5c555c91d714cec3c2e') in 0.0119012 seconds
Number of updated asset objects reloaded before import = 0Number of asset objects unloaded after import = 2

========================================================================
Received Import Request.
  Time since last request: 0.000022 seconds.
  path: Assets/PF SET1/Sliced/decorative_obj_5.asset
  artifactKey: Guid(b433ded68742d8e4ab168ec7286f9505) Importer(2089858483,b0f066a214c2f5e87bad3c948f4d605d)
Start importing Assets/PF SET1/Sliced/decorative_obj_5.asset using Guid(b433ded68742d8e4ab168ec7286f9505) Importer(2089858483,b0f066a214c2f5e87bad3c948f4d605d) (ScriptedImporter) -> (artifact id: '39290569c87adbf81ec0caa1db174c4a') in 0.0122958 seconds
Number of updated asset objects reloaded before import = 0Number of asset objects unloaded after import = 2

========================================================================
Received Import Request.
  Time since last request: 0.000014 seconds.
  path: Assets/PF SET1/Sliced/decorative_obj_68.asset
  artifactKey: Guid(514805d1352a955408089a52aa355d1a) Importer(2089858483,b0f066a214c2f5e87bad3c948f4d605d)
Start importing Assets/PF SET1/Sliced/decorative_obj_68.asset using Guid(514805d1352a955408089a52aa355d1a) Importer(2089858483,b0f066a214c2f5e87bad3c948f4d605d) (ScriptedImporter) -> (artifact id: '9770c4f16a10bd68e1e9042950c44a53') in 0.0193953 seconds
Number of updated asset objects reloaded before import = 0Number of asset objects unloaded after import = 2

========================================================================
Received Import Request.
  Time since last request: 0.000020 seconds.
  path: Assets/PF SET1/Sliced/decorative_obj_493.asset
  artifactKey: Guid(e5b6496d4ac97e0479eda3d2d9bb0a03) Importer(2089858483,b0f066a214c2f5e87bad3c948f4d605d)
Start importing Assets/PF SET1/Sliced/decorative_obj_493.asset using Guid(e5b6496d4ac97e0479eda3d2d9bb0a03) Importer(2089858483,b0f066a214c2f5e87bad3c948f4d605d) (ScriptedImporter) -> (artifact id: '3418b4c1e2001fb086ceef768e406f07') in 0.0108751 seconds
Number of updated asset objects reloaded before import = 0Number of asset objects unloaded after import = 2

========================================================================
Received Import Request.
  Time since last request: 0.000024 seconds.
  path: Assets/PF SET1/Sliced/decorative_obj_522.asset
  artifactKey: Guid(34a6f76d05c13dc48896a022f1901afe) Importer(2089858483,b0f066a214c2f5e87bad3c948f4d605d)
Start importing Assets/PF SET1/Sliced/decorative_obj_522.asset using Guid(34a6f76d05c13dc48896a022f1901afe) Importer(2089858483,b0f066a214c2f5e87bad3c948f4d605d) (ScriptedImporter) -> (artifact id: '74a8b3851c538901f9d0ec3c15181d77') in 0.010598 seconds
Number of updated asset objects reloaded before import = 0Number of asset objects unloaded after import = 2

========================================================================
Received Import Request.
  Time since last request: 0.000012 seconds.
  path: Assets/PF SET1/Sliced/decorative_obj_769.asset
  artifactKey: Guid(52909daf1167b83409bb57bba7026053) Importer(2089858483,b0f066a214c2f5e87bad3c948f4d605d)
Start importing Assets/PF SET1/Sliced/decorative_obj_769.asset using Guid(52909daf1167b83409bb57bba7026053) Importer(2089858483,b0f066a214c2f5e87bad3c948f4d605d) (ScriptedImporter) -> (artifact id: '2978796dd5b2906263f80474053e7c03') in 0.0120734 seconds
Number of updated asset objects reloaded before import = 0Number of asset objects unloaded after import = 2

========================================================================
Received Import Request.
  Time since last request: 0.000017 seconds.
  path: Assets/PF SET1/Sliced/decorative_obj_405.asset
  artifactKey: Guid(fb2c3609d5410c0469b8334426f9f2cc) Importer(2089858483,b0f066a214c2f5e87bad3c948f4d605d)
Start importing Assets/PF SET1/Sliced/decorative_obj_405.asset using Guid(fb2c3609d5410c0469b8334426f9f2cc) Importer(2089858483,b0f066a214c2f5e87bad3c948f4d605d) (ScriptedImporter) -> (artifact id: '32091529da9b093167f3d4ee990f1a04') in 0.0111151 seconds
Number of updated asset objects reloaded before import = 0Number of asset objects unloaded after import = 2

========================================================================
Received Import Request.
  Time since last request: 0.000014 seconds.
  path: Assets/PF SET1/Sliced/decorative_obj_48.asset
  artifactKey: Guid(c9fda692614208f4e99f3bee5c41e9f7) Importer(2089858483,b0f066a214c2f5e87bad3c948f4d605d)
Start importing Assets/PF SET1/Sliced/decorative_obj_48.asset using Guid(c9fda692614208f4e99f3bee5c41e9f7) Importer(2089858483,b0f066a214c2f5e87bad3c948f4d605d) (ScriptedImporter) -> (artifact id: '20152f5e8dbbe901c408972fce4daf7b') in 0.0115345 seconds
Number of updated asset objects reloaded before import = 0Number of asset objects unloaded after import = 2

========================================================================
Received Import Request.
  Time since last request: 0.000024 seconds.
  path: Assets/PF SET1/Sliced/decorative_obj_775.asset
  artifactKey: Guid(a62fc16d0b4faff45a89e2275b2e167d) Importer(2089858483,b0f066a214c2f5e87bad3c948f4d605d)
Start importing Assets/PF SET1/Sliced/decorative_obj_775.asset using Guid(a62fc16d0b4faff45a89e2275b2e167d) Importer(2089858483,b0f066a214c2f5e87bad3c948f4d605d) (ScriptedImporter) -> (artifact id: '3776e0297831a45394dc6f3d967ea74a') in 0.0096486 seconds
Number of updated asset objects reloaded before import = 0Number of asset objects unloaded after import = 2

========================================================================
Received Import Request.
  Time since last request: 0.000014 seconds.
  path: Assets/PF SET1/Sliced/decorative_obj_154.asset
  artifactKey: Guid(bc4ef5b69e1a28c48a706274b6c4617b) Importer(2089858483,b0f066a214c2f5e87bad3c948f4d605d)
Start importing Assets/PF SET1/Sliced/decorative_obj_154.asset using Guid(bc4ef5b69e1a28c48a706274b6c4617b) Importer(2089858483,b0f066a214c2f5e87bad3c948f4d605d) (ScriptedImporter) -> (artifact id: 'f7378b2d7a6cb6165d3da67c56d48571') in 0.0122245 seconds
Number of updated asset objects reloaded before import = 0Number of asset objects unloaded after import = 2

========================================================================
Received Import Request.
  Time since last request: 0.000012 seconds.
  path: Assets/PF SET1/Sliced/decorative_obj_545.asset
  artifactKey: Guid(e82b4d4a98705ea4c98ed7ad7f90f349) Importer(2089858483,b0f066a214c2f5e87bad3c948f4d605d)
Start importing Assets/PF SET1/Sliced/decorative_obj_545.asset using Guid(e82b4d4a98705ea4c98ed7ad7f90f349) Importer(2089858483,b0f066a214c2f5e87bad3c948f4d605d) (ScriptedImporter) -> (artifact id: 'a98b90e0e0ea18e3fe4725dae624ede5') in 0.0123948 seconds
Number of updated asset objects reloaded before import = 0Number of asset objects unloaded after import = 2

========================================================================
Received Import Request.
  Time since last request: 0.000014 seconds.
  path: Assets/PF SET1/Sliced/decorative_obj_46.asset
  artifactKey: Guid(9dd6f85f50efa3e459a9063078ac433a) Importer(2089858483,b0f066a214c2f5e87bad3c948f4d605d)
Start importing Assets/PF SET1/Sliced/decorative_obj_46.asset using Guid(9dd6f85f50efa3e459a9063078ac433a) Importer(2089858483,b0f066a214c2f5e87bad3c948f4d605d) (ScriptedImporter) -> (artifact id: '8d13cd7372387c21bbb1e8da95719700') in 0.0119092 seconds
Number of updated asset objects reloaded before import = 0Number of asset objects unloaded after import = 2

========================================================================
Received Import Request.
  Time since last request: 0.000015 seconds.
  path: Assets/PF SET1/Sliced/decorative_obj_157.asset
  artifactKey: Guid(680468add23ef4c40a876cf49253b217) Importer(2089858483,b0f066a214c2f5e87bad3c948f4d605d)
Start importing Assets/PF SET1/Sliced/decorative_obj_157.asset using Guid(680468add23ef4c40a876cf49253b217) Importer(2089858483,b0f066a214c2f5e87bad3c948f4d605d) (ScriptedImporter) -> (artifact id: '6bc01f23d7cffba24963c6c51b6865fe') in 0.0108058 seconds
Number of updated asset objects reloaded before import = 0Number of asset objects unloaded after import = 2

========================================================================
Received Import Request.
  Time since last request: 0.000026 seconds.
  path: Assets/PF SET1/Sliced/decorative_obj_573.asset
  artifactKey: Guid(105d8eddc7814084a8cd5d6df14f61bb) Importer(2089858483,b0f066a214c2f5e87bad3c948f4d605d)
Start importing Assets/PF SET1/Sliced/decorative_obj_573.asset using Guid(105d8eddc7814084a8cd5d6df14f61bb) Importer(2089858483,b0f066a214c2f5e87bad3c948f4d605d) (ScriptedImporter) -> (artifact id: 'a27bb78a1c4f24a13b2604a4a8f76af6') in 0.0124944 seconds
Number of updated asset objects reloaded before import = 0Number of asset objects unloaded after import = 2

========================================================================
Received Import Request.
  Time since last request: 0.000016 seconds.
  path: Assets/PF SET1/Sliced/decorative_obj_797.asset
  artifactKey: Guid(a027ec3a107e56244a50c8f6dec4a54e) Importer(2089858483,b0f066a214c2f5e87bad3c948f4d605d)
Start importing Assets/PF SET1/Sliced/decorative_obj_797.asset using Guid(a027ec3a107e56244a50c8f6dec4a54e) Importer(2089858483,b0f066a214c2f5e87bad3c948f4d605d) (ScriptedImporter) -> (artifact id: '7411f0b595cf98eebb0b859a91a82415') in 0.0118788 seconds
Number of updated asset objects reloaded before import = 0Number of asset objects unloaded after import = 2

========================================================================
Received Import Request.
  Time since last request: 0.000009 seconds.
  path: Assets/PF SET1/Sliced/decorative_obj_791.asset
  artifactKey: Guid(bc31e2047bc91864e93bd3f8cf2270f0) Importer(2089858483,b0f066a214c2f5e87bad3c948f4d605d)
Start importing Assets/PF SET1/Sliced/decorative_obj_791.asset using Guid(bc31e2047bc91864e93bd3f8cf2270f0) Importer(2089858483,b0f066a214c2f5e87bad3c948f4d605d) (ScriptedImporter) -> (artifact id: '3160e2cdb8d6038c9d33455ac890162c') in 0.0183332 seconds
Number of updated asset objects reloaded before import = 0Number of asset objects unloaded after import = 2

========================================================================
Received Import Request.
  Time since last request: 14.289960 seconds.
  path: Assets/PF SET1/Sliced/decorative_obj_2.asset
  artifactKey: Guid(ccf256e6b771a1c468c3da026acd62a7) Importer(815301076,1909f56bfc062723c751e8b465ee728b)
Start importing Assets/PF SET1/Sliced/decorative_obj_2.asset using Guid(ccf256e6b771a1c468c3da026acd62a7) Importer(815301076,1909f56bfc062723c751e8b465ee728b) (PreviewImporter) -> (artifact id: '43a7ccc42c60c8cc2b07abf77809b8d2') in 0.014624 seconds
Number of updated asset objects reloaded before import = 0Number of asset objects unloaded after import = 3

========================================================================
Received Import Request.
  Time since last request: 0.000012 seconds.
  path: Assets/PF SET1/Sliced/decorative_obj_10.asset
  artifactKey: Guid(c840dff2067c0e246863df1572061638) Importer(815301076,1909f56bfc062723c751e8b465ee728b)
Start importing Assets/PF SET1/Sliced/decorative_obj_10.asset using Guid(c840dff2067c0e246863df1572061638) Importer(815301076,1909f56bfc062723c751e8b465ee728b) (PreviewImporter) -> (artifact id: '1fab27112d1a998820ce64dd4e075924') in 0.0141261 seconds
Number of updated asset objects reloaded before import = 0Number of asset objects unloaded after import = 3

========================================================================
Received Import Request.
  Time since last request: 0.000013 seconds.
  path: Assets/PF SET1/Sliced/decorative_obj_16.asset
  artifactKey: Guid(e837c948604bdfa4a9c3c14c1f40937c) Importer(815301076,1909f56bfc062723c751e8b465ee728b)
Start importing Assets/PF SET1/Sliced/decorative_obj_16.asset using Guid(e837c948604bdfa4a9c3c14c1f40937c) Importer(815301076,1909f56bfc062723c751e8b465ee728b) (PreviewImporter) -> (artifact id: 'bf4c40269ad49a8d3044a96180dc0075') in 0.0127517 seconds
Number of updated asset objects reloaded before import = 0Number of asset objects unloaded after import = 3

========================================================================
Received Import Request.
  Time since last request: 0.000018 seconds.
  path: Assets/PF SET1/Sliced/decorative_obj_21.asset
  artifactKey: Guid(3449a8f58d475ef4ba029d8814a16d6a) Importer(815301076,1909f56bfc062723c751e8b465ee728b)
Start importing Assets/PF SET1/Sliced/decorative_obj_21.asset using Guid(3449a8f58d475ef4ba029d8814a16d6a) Importer(815301076,1909f56bfc062723c751e8b465ee728b) (PreviewImporter) -> (artifact id: 'e54f00b12a794e6d906c3a80a47aad27') in 0.0116414 seconds
Number of updated asset objects reloaded before import = 0Number of asset objects unloaded after import = 3

========================================================================
Received Import Request.
  Time since last request: 8.737039 seconds.
  path: Assets/PF SET1/Sliced/decorative_obj_25.asset
  artifactKey: Guid(5839b94e302422d489adb76a43a3a9f7) Importer(815301076,1909f56bfc062723c751e8b465ee728b)
Start importing Assets/PF SET1/Sliced/decorative_obj_25.asset using Guid(5839b94e302422d489adb76a43a3a9f7) Importer(815301076,1909f56bfc062723c751e8b465ee728b) (PreviewImporter) -> (artifact id: '37791d756e28306b1f13b426a6afe49a') in 0.0119557 seconds
Number of updated asset objects reloaded before import = 0Number of asset objects unloaded after import = 3

========================================================================
Received Import Request.
  Time since last request: 0.000012 seconds.
  path: Assets/PF SET1/Sliced/decorative_obj_29.asset
  artifactKey: Guid(0bb57bb8e8e3a75449b9b1b9642f369d) Importer(815301076,1909f56bfc062723c751e8b465ee728b)
Start importing Assets/PF SET1/Sliced/decorative_obj_29.asset using Guid(0bb57bb8e8e3a75449b9b1b9642f369d) Importer(815301076,1909f56bfc062723c751e8b465ee728b) (PreviewImporter) -> (artifact id: '9adc5cbc798fce4a0f6294a82d272e89') in 0.0123252 seconds
Number of updated asset objects reloaded before import = 0Number of asset objects unloaded after import = 3

========================================================================
Received Import Request.
  Time since last request: 0.103884 seconds.
  path: Assets/PF SET1/Sliced/decorative_obj_33.asset
  artifactKey: Guid(b00fdaea2eb4f2f43b2c2955594624e2) Importer(815301076,1909f56bfc062723c751e8b465ee728b)
Start importing Assets/PF SET1/Sliced/decorative_obj_33.asset using Guid(b00fdaea2eb4f2f43b2c2955594624e2) Importer(815301076,1909f56bfc062723c751e8b465ee728b) (PreviewImporter) -> (artifact id: 'ca9507bb2441481a329b1f5d38d0641c') in 0.0154885 seconds
Number of updated asset objects reloaded before import = 0Number of asset objects unloaded after import = 3

========================================================================
Received Import Request.
  Time since last request: 0.000014 seconds.
  path: Assets/PF SET1/Sliced/decorative_obj_37.asset
  artifactKey: Guid(959d31ea7314e56409af076870db5d41) Importer(815301076,1909f56bfc062723c751e8b465ee728b)
Start importing Assets/PF SET1/Sliced/decorative_obj_37.asset using Guid(959d31ea7314e56409af076870db5d41) Importer(815301076,1909f56bfc062723c751e8b465ee728b) (PreviewImporter) -> (artifact id: 'dc685caed3fd1b3b1e6ae4e76e884be2') in 0.0123641 seconds
Number of updated asset objects reloaded before import = 0Number of asset objects unloaded after import = 3

========================================================================
Received Import Request.
  Time since last request: 0.401133 seconds.
  path: Assets/PF SET1/Sliced/decorative_obj_43.asset
  artifactKey: Guid(fe2bd85e40556c64484579f750646808) Importer(815301076,1909f56bfc062723c751e8b465ee728b)
Start importing Assets/PF SET1/Sliced/decorative_obj_43.asset using Guid(fe2bd85e40556c64484579f750646808) Importer(815301076,1909f56bfc062723c751e8b465ee728b) (PreviewImporter) -> (artifact id: 'ac4530243549784e939cf80da07d5705') in 0.0127182 seconds
Number of updated asset objects reloaded before import = 0Number of asset objects unloaded after import = 3

========================================================================
Received Import Request.
  Time since last request: 0.000016 seconds.
  path: Assets/PF SET1/Sliced/decorative_obj_47.asset
  artifactKey: Guid(44e11782c78594a4a96f5494bc914f02) Importer(815301076,1909f56bfc062723c751e8b465ee728b)
Start importing Assets/PF SET1/Sliced/decorative_obj_47.asset using Guid(44e11782c78594a4a96f5494bc914f02) Importer(815301076,1909f56bfc062723c751e8b465ee728b) (PreviewImporter) -> (artifact id: '00872734fc1711ddcef6f7dbd70b6287') in 0.0159274 seconds
Number of updated asset objects reloaded before import = 0Number of asset objects unloaded after import = 3

========================================================================
Received Import Request.
  Time since last request: 0.000026 seconds.
  path: Assets/PF SET1/Sliced/decorative_obj_60.asset
  artifactKey: Guid(7209428b5c88e634b8fb665eed86f5fd) Importer(815301076,1909f56bfc062723c751e8b465ee728b)
Start importing Assets/PF SET1/Sliced/decorative_obj_60.asset using Guid(7209428b5c88e634b8fb665eed86f5fd) Importer(815301076,1909f56bfc062723c751e8b465ee728b) (PreviewImporter) -> (artifact id: 'b964838604566c85a3ec61bf8e8f187f') in 0.0128979 seconds
Number of updated asset objects reloaded before import = 0Number of asset objects unloaded after import = 3

========================================================================
Received Import Request.
  Time since last request: 0.000016 seconds.
  path: Assets/PF SET1/Sliced/decorative_obj_100.asset
  artifactKey: Guid(2208af04e76c65a4296c3338817acd1b) Importer(815301076,1909f56bfc062723c751e8b465ee728b)
Start importing Assets/PF SET1/Sliced/decorative_obj_100.asset using Guid(2208af04e76c65a4296c3338817acd1b) Importer(815301076,1909f56bfc062723c751e8b465ee728b) (PreviewImporter) -> (artifact id: '39e7326dffae8ac467cd985ebad85910') in 0.0105626 seconds
Number of updated asset objects reloaded before import = 0Number of asset objects unloaded after import = 3

========================================================================
Received Import Request.
  Time since last request: 0.000019 seconds.
  path: Assets/PF SET1/Sliced/decorative_obj_118.asset
  artifactKey: Guid(bc20b4f3be6909e4ea90f2370c5ee6f5) Importer(815301076,1909f56bfc062723c751e8b465ee728b)
Start importing Assets/PF SET1/Sliced/decorative_obj_118.asset using Guid(bc20b4f3be6909e4ea90f2370c5ee6f5) Importer(815301076,1909f56bfc062723c751e8b465ee728b) (PreviewImporter) -> (artifact id: 'ab57dff7369f6264232b1a99e018f548') in 0.0120074 seconds
Number of updated asset objects reloaded before import = 0Number of asset objects unloaded after import = 3

========================================================================
Received Import Request.
  Time since last request: 0.000022 seconds.
  path: Assets/PF SET1/Sliced/decorative_obj_138.asset
  artifactKey: Guid(841788a230c4bac4485c15f35530f7ef) Importer(815301076,1909f56bfc062723c751e8b465ee728b)
Start importing Assets/PF SET1/Sliced/decorative_obj_138.asset using Guid(841788a230c4bac4485c15f35530f7ef) Importer(815301076,1909f56bfc062723c751e8b465ee728b) (PreviewImporter) -> (artifact id: 'b0208e9dfb0615d0c654a9bb4208486e') in 0.0135621 seconds
Number of updated asset objects reloaded before import = 0Number of asset objects unloaded after import = 3

========================================================================
Received Import Request.
  Time since last request: 0.000034 seconds.
  path: Assets/PF SET1/Sliced/decorative_obj_53.asset
  artifactKey: Guid(24c1a7f1fd6038642bab7c228cacfe50) Importer(815301076,1909f56bfc062723c751e8b465ee728b)
Start importing Assets/PF SET1/Sliced/decorative_obj_53.asset using Guid(24c1a7f1fd6038642bab7c228cacfe50) Importer(815301076,1909f56bfc062723c751e8b465ee728b) (PreviewImporter) -> (artifact id: '39d43f324db9775d4865229aa52f911d') in 0.0105302 seconds
Number of updated asset objects reloaded before import = 0Number of asset objects unloaded after import = 3

========================================================================
Received Import Request.
  Time since last request: 0.000018 seconds.
  path: Assets/PF SET1/Sliced/decorative_obj_99.asset
  artifactKey: Guid(91fc7c395f465ab44813d12d4ae1266f) Importer(815301076,1909f56bfc062723c751e8b465ee728b)
Start importing Assets/PF SET1/Sliced/decorative_obj_99.asset using Guid(91fc7c395f465ab44813d12d4ae1266f) Importer(815301076,1909f56bfc062723c751e8b465ee728b) (PreviewImporter) -> (artifact id: '733c5bd8bd60b9890562a23b62c2e43f') in 0.0138538 seconds
Number of updated asset objects reloaded before import = 0Number of asset objects unloaded after import = 3

========================================================================
Received Import Request.
  Time since last request: 0.000015 seconds.
  path: Assets/PF SET1/Sliced/decorative_obj_190.asset
  artifactKey: Guid(b2e63518ca49f1548bf407d742ea3bde) Importer(815301076,1909f56bfc062723c751e8b465ee728b)
Start importing Assets/PF SET1/Sliced/decorative_obj_190.asset using Guid(b2e63518ca49f1548bf407d742ea3bde) Importer(815301076,1909f56bfc062723c751e8b465ee728b) (PreviewImporter) -> (artifact id: 'a33d0333805b3e63410261c7bfa53fa6') in 0.0124217 seconds
Number of updated asset objects reloaded before import = 0Number of asset objects unloaded after import = 3

========================================================================
Received Import Request.
  Time since last request: 0.000015 seconds.
  path: Assets/PF SET1/Sliced/decorative_obj_196.asset
  artifactKey: Guid(0c403b50eda8889469371ef2d3fd796a) Importer(815301076,1909f56bfc062723c751e8b465ee728b)
Start importing Assets/PF SET1/Sliced/decorative_obj_196.asset using Guid(0c403b50eda8889469371ef2d3fd796a) Importer(815301076,1909f56bfc062723c751e8b465ee728b) (PreviewImporter) -> (artifact id: 'd99a5adaff89aeeb078e567991c95cc4') in 0.0128726 seconds
Number of updated asset objects reloaded before import = 0Number of asset objects unloaded after import = 3

========================================================================
Received Import Request.
  Time since last request: 0.000021 seconds.
  path: Assets/PF SET1/Sliced/decorative_obj_95.asset
  artifactKey: Guid(921def88d7196e947a58c0fe8407264b) Importer(815301076,1909f56bfc062723c751e8b465ee728b)
Start importing Assets/PF SET1/Sliced/decorative_obj_95.asset using Guid(921def88d7196e947a58c0fe8407264b) Importer(815301076,1909f56bfc062723c751e8b465ee728b) (PreviewImporter) -> (artifact id: '29a946937fce7fbf2c3a0ec1c2a43d77') in 0.014947 seconds
Number of updated asset objects reloaded before import = 0Number of asset objects unloaded after import = 3

========================================================================
Received Import Request.
  Time since last request: 0.000018 seconds.
  path: Assets/PF SET1/Sliced/decorative_obj_219.asset
  artifactKey: Guid(524e389f959a8f3479af1785901c5534) Importer(815301076,1909f56bfc062723c751e8b465ee728b)
Start importing Assets/PF SET1/Sliced/decorative_obj_219.asset using Guid(524e389f959a8f3479af1785901c5534) Importer(815301076,1909f56bfc062723c751e8b465ee728b) (PreviewImporter) -> (artifact id: 'b0543c0d9c2213674d6e1af5add79e60') in 0.0135242 seconds
Number of updated asset objects reloaded before import = 0Number of asset objects unloaded after import = 3

========================================================================
Received Import Request.
  Time since last request: 0.000011 seconds.
  path: Assets/PF SET1/Sliced/decorative_obj_248.asset
  artifactKey: Guid(9553f36a7e137884c8ec068c3db45c8a) Importer(815301076,1909f56bfc062723c751e8b465ee728b)
Start importing Assets/PF SET1/Sliced/decorative_obj_248.asset using Guid(9553f36a7e137884c8ec068c3db45c8a) Importer(815301076,1909f56bfc062723c751e8b465ee728b) (PreviewImporter) -> (artifact id: 'f0a58908d6f0e4e8c27969e87a6b9da5') in 0.011586 seconds
Number of updated asset objects reloaded before import = 0Number of asset objects unloaded after import = 3

========================================================================
Received Import Request.
  Time since last request: 0.000013 seconds.
  path: Assets/PF SET1/Sliced/decorative_obj_110.asset
  artifactKey: Guid(4dab8b817744c9c478e8425080891f2d) Importer(815301076,1909f56bfc062723c751e8b465ee728b)
Start importing Assets/PF SET1/Sliced/decorative_obj_110.asset using Guid(4dab8b817744c9c478e8425080891f2d) Importer(815301076,1909f56bfc062723c751e8b465ee728b) (PreviewImporter) -> (artifact id: '18dc560681933cbf8ccc9151f3d61199') in 0.0122675 seconds
Number of updated asset objects reloaded before import = 0Number of asset objects unloaded after import = 3

========================================================================
Received Import Request.
  Time since last request: 0.000021 seconds.
  path: Assets/PF SET1/Sliced/decorative_obj_105.asset
  artifactKey: Guid(4bd8d80c1ee81c247af2b41053de1eb3) Importer(815301076,1909f56bfc062723c751e8b465ee728b)
Start importing Assets/PF SET1/Sliced/decorative_obj_105.asset using Guid(4bd8d80c1ee81c247af2b41053de1eb3) Importer(815301076,1909f56bfc062723c751e8b465ee728b) (PreviewImporter) -> (artifact id: 'bff064c31dea217f0e51e190435cc900') in 0.0126768 seconds
Number of updated asset objects reloaded before import = 0Number of asset objects unloaded after import = 3

========================================================================
Received Import Request.
  Time since last request: 0.000012 seconds.
  path: Assets/PF SET1/Sliced/decorative_obj_168.asset
  artifactKey: Guid(238ff2cd14f841a40b3263b77789b746) Importer(815301076,1909f56bfc062723c751e8b465ee728b)
Start importing Assets/PF SET1/Sliced/decorative_obj_168.asset using Guid(238ff2cd14f841a40b3263b77789b746) Importer(815301076,1909f56bfc062723c751e8b465ee728b) (PreviewImporter) -> (artifact id: 'a52aa188ca47f9c0af11da282ff8df28') in 0.0128165 seconds
Number of updated asset objects reloaded before import = 0Number of asset objects unloaded after import = 3

========================================================================
Received Import Request.
  Time since last request: 0.000021 seconds.
  path: Assets/PF SET1/Sliced/decorative_obj_234.asset
  artifactKey: Guid(aa1afdf96ce535045a751c0db3045d56) Importer(815301076,1909f56bfc062723c751e8b465ee728b)
Start importing Assets/PF SET1/Sliced/decorative_obj_234.asset using Guid(aa1afdf96ce535045a751c0db3045d56) Importer(815301076,1909f56bfc062723c751e8b465ee728b) (PreviewImporter) -> (artifact id: '8fd869cfe04158bee91e4701422a7e30') in 0.0118753 seconds
Number of updated asset objects reloaded before import = 0Number of asset objects unloaded after import = 3

========================================================================
Received Import Request.
  Time since last request: 0.000020 seconds.
  path: Assets/PF SET1/Sliced/decorative_obj_198.asset
  artifactKey: Guid(d13410f0a1000924e9660dccce9109ad) Importer(815301076,1909f56bfc062723c751e8b465ee728b)
Start importing Assets/PF SET1/Sliced/decorative_obj_198.asset using Guid(d13410f0a1000924e9660dccce9109ad) Importer(815301076,1909f56bfc062723c751e8b465ee728b) (PreviewImporter) -> (artifact id: '5614062a368415d9acefa622314bfd74') in 0.0133573 seconds
Number of updated asset objects reloaded before import = 0Number of asset objects unloaded after import = 3

========================================================================
Received Import Request.
  Time since last request: 0.000024 seconds.
  path: Assets/PF SET1/Sliced/decorative_obj_359.asset
  artifactKey: Guid(2398954f12c728b469e76b09be11aec0) Importer(815301076,1909f56bfc062723c751e8b465ee728b)
Start importing Assets/PF SET1/Sliced/decorative_obj_359.asset using Guid(2398954f12c728b469e76b09be11aec0) Importer(815301076,1909f56bfc062723c751e8b465ee728b) (PreviewImporter) -> (artifact id: '2dec501584ee566c9e69b6b5b682e599') in 0.0120651 seconds
Number of updated asset objects reloaded before import = 0Number of asset objects unloaded after import = 3

========================================================================
Received Import Request.
  Time since last request: 0.000014 seconds.
  path: Assets/PF SET1/Sliced/decorative_obj_371.asset
  artifactKey: Guid(f8e3d83cf0a7ca24ebe1eb394f9daa01) Importer(815301076,1909f56bfc062723c751e8b465ee728b)
Start importing Assets/PF SET1/Sliced/decorative_obj_371.asset using Guid(f8e3d83cf0a7ca24ebe1eb394f9daa01) Importer(815301076,1909f56bfc062723c751e8b465ee728b) (PreviewImporter) -> (artifact id: '5cbd803674702783866be2fba805b259') in 0.0136663 seconds
Number of updated asset objects reloaded before import = 0Number of asset objects unloaded after import = 3

========================================================================
Received Import Request.
  Time since last request: 0.000018 seconds.
  path: Assets/PF SET1/Sliced/decorative_obj_385.asset
  artifactKey: Guid(8ac915e1c003c894eb925d8f19b1c1cc) Importer(815301076,1909f56bfc062723c751e8b465ee728b)
Start importing Assets/PF SET1/Sliced/decorative_obj_385.asset using Guid(8ac915e1c003c894eb925d8f19b1c1cc) Importer(815301076,1909f56bfc062723c751e8b465ee728b) (PreviewImporter) -> (artifact id: 'ed4d58db074ef7eaba10ab6fcce2e05d') in 0.0127229 seconds
Number of updated asset objects reloaded before import = 0Number of asset objects unloaded after import = 3

========================================================================
Received Import Request.
  Time since last request: 0.000015 seconds.
  path: Assets/PF SET1/Sliced/decorative_obj_169.asset
  artifactKey: Guid(8c1f08acc6ed18b45a76a6ce198ab785) Importer(815301076,1909f56bfc062723c751e8b465ee728b)
Start importing Assets/PF SET1/Sliced/decorative_obj_169.asset using Guid(8c1f08acc6ed18b45a76a6ce198ab785) Importer(815301076,1909f56bfc062723c751e8b465ee728b) (PreviewImporter) -> (artifact id: '7ac3152ccaccc20c521f9ed879d58a7e') in 0.0120552 seconds
Number of updated asset objects reloaded before import = 0Number of asset objects unloaded after import = 3

========================================================================
Received Import Request.
  Time since last request: 0.000017 seconds.
  path: Assets/PF SET1/Sliced/decorative_obj_217.asset
  artifactKey: Guid(61775dcae7e8cb541975a7b6d19f6187) Importer(815301076,1909f56bfc062723c751e8b465ee728b)
Start importing Assets/PF SET1/Sliced/decorative_obj_217.asset using Guid(61775dcae7e8cb541975a7b6d19f6187) Importer(815301076,1909f56bfc062723c751e8b465ee728b) (PreviewImporter) -> (artifact id: 'e7548edbeade6f848ca440e74f4a00d2') in 0.013403 seconds
Number of updated asset objects reloaded before import = 0Number of asset objects unloaded after import = 3

========================================================================
Received Import Request.
  Time since last request: 0.000015 seconds.
  path: Assets/PF SET1/Sliced/decorative_obj_438.asset
  artifactKey: Guid(874f7c5a152fc914995b4dece3564e79) Importer(815301076,1909f56bfc062723c751e8b465ee728b)
Start importing Assets/PF SET1/Sliced/decorative_obj_438.asset using Guid(874f7c5a152fc914995b4dece3564e79) Importer(815301076,1909f56bfc062723c751e8b465ee728b) (PreviewImporter) -> (artifact id: '5fc39fcd8541611c28d7f7f00bc6f4ab') in 0.0184654 seconds
Number of updated asset objects reloaded before import = 0Number of asset objects unloaded after import = 3

========================================================================
Received Import Request.
  Time since last request: 0.000012 seconds.
  path: Assets/PF SET1/Sliced/decorative_obj_455.asset
  artifactKey: Guid(79ebf35a467d9d7459c9004035b13677) Importer(815301076,1909f56bfc062723c751e8b465ee728b)
Start importing Assets/PF SET1/Sliced/decorative_obj_455.asset using Guid(79ebf35a467d9d7459c9004035b13677) Importer(815301076,1909f56bfc062723c751e8b465ee728b) (PreviewImporter) -> (artifact id: 'd9639992180fe8f33574864527261611') in 0.0129736 seconds
Number of updated asset objects reloaded before import = 0Number of asset objects unloaded after import = 3

========================================================================
Received Import Request.
  Time since last request: 0.000015 seconds.
  path: Assets/PF SET1/Sliced/decorative_obj_355.asset
  artifactKey: Guid(ec2da5c5878c58748be80c74befbb229) Importer(815301076,1909f56bfc062723c751e8b465ee728b)
Start importing Assets/PF SET1/Sliced/decorative_obj_355.asset using Guid(ec2da5c5878c58748be80c74befbb229) Importer(815301076,1909f56bfc062723c751e8b465ee728b) (PreviewImporter) -> (artifact id: 'e49919a00b2e7b5e97ef8948d5cb2c0b') in 0.0157144 seconds
Number of updated asset objects reloaded before import = 0Number of asset objects unloaded after import = 3

========================================================================
Received Import Request.
  Time since last request: 0.000019 seconds.
  path: Assets/PF SET1/Sliced/decorative_obj_436.asset
  artifactKey: Guid(5ec47e55c722b3d41b5459728ab61630) Importer(815301076,1909f56bfc062723c751e8b465ee728b)
Start importing Assets/PF SET1/Sliced/decorative_obj_436.asset using Guid(5ec47e55c722b3d41b5459728ab61630) Importer(815301076,1909f56bfc062723c751e8b465ee728b) (PreviewImporter) -> (artifact id: '7f13f8e0b2c1476972c43a539d6971d3') in 0.013045 seconds
Number of updated asset objects reloaded before import = 0Number of asset objects unloaded after import = 3

========================================================================
Received Import Request.
  Time since last request: 0.000009 seconds.
  path: Assets/PF SET1/Sliced/decorative_obj_288.asset
  artifactKey: Guid(e3d69a15dfcbecf449ab6c9161668d07) Importer(815301076,1909f56bfc062723c751e8b465ee728b)
Start importing Assets/PF SET1/Sliced/decorative_obj_288.asset using Guid(e3d69a15dfcbecf449ab6c9161668d07) Importer(815301076,1909f56bfc062723c751e8b465ee728b) (PreviewImporter) -> (artifact id: '3351802d1f54f2aa04af7f1de2b46892') in 0.0154389 seconds
Number of updated asset objects reloaded before import = 0Number of asset objects unloaded after import = 3

========================================================================
Received Import Request.
  Time since last request: 0.000010 seconds.
  path: Assets/PF SET1/Sliced/decorative_obj_235.asset
  artifactKey: Guid(00dce1ac6efcfd2418935d1289e52668) Importer(815301076,1909f56bfc062723c751e8b465ee728b)
Start importing Assets/PF SET1/Sliced/decorative_obj_235.asset using Guid(00dce1ac6efcfd2418935d1289e52668) Importer(815301076,1909f56bfc062723c751e8b465ee728b) (PreviewImporter) -> (artifact id: '9b4d2b03eff21c4516d6dd9ac99474e0') in 0.0108481 seconds
Number of updated asset objects reloaded before import = 0Number of asset objects unloaded after import = 3

========================================================================
Received Import Request.
  Time since last request: 0.000025 seconds.
  path: Assets/PF SET1/Sliced/decorative_obj_247.asset
  artifactKey: Guid(662d29f8757e61943b1a2308aa27e5fc) Importer(815301076,1909f56bfc062723c751e8b465ee728b)
Start importing Assets/PF SET1/Sliced/decorative_obj_247.asset using Guid(662d29f8757e61943b1a2308aa27e5fc) Importer(815301076,1909f56bfc062723c751e8b465ee728b) (PreviewImporter) -> (artifact id: '06dc5911c0db67e1b40569feca3a3b0a') in 0.0109984 seconds
Number of updated asset objects reloaded before import = 0Number of asset objects unloaded after import = 3

========================================================================
Received Import Request.
  Time since last request: 0.000016 seconds.
  path: Assets/PF SET1/Sliced/decorative_obj_303.asset
  artifactKey: Guid(39eae3c5d3f54ed4d98131a3f155f1c4) Importer(815301076,1909f56bfc062723c751e8b465ee728b)
Start importing Assets/PF SET1/Sliced/decorative_obj_303.asset using Guid(39eae3c5d3f54ed4d98131a3f155f1c4) Importer(815301076,1909f56bfc062723c751e8b465ee728b) (PreviewImporter) -> (artifact id: '73a56095d4730a818df178364419bf85') in 0.0133409 seconds
Number of updated asset objects reloaded before import = 0Number of asset objects unloaded after import = 3

========================================================================
Received Import Request.
  Time since last request: 0.000013 seconds.
  path: Assets/PF SET1/Sliced/decorative_obj_244.asset
  artifactKey: Guid(fbecc0f857cf1df42bcee4d2eab38e8b) Importer(815301076,1909f56bfc062723c751e8b465ee728b)
Start importing Assets/PF SET1/Sliced/decorative_obj_244.asset using Guid(fbecc0f857cf1df42bcee4d2eab38e8b) Importer(815301076,1909f56bfc062723c751e8b465ee728b) (PreviewImporter) -> (artifact id: 'd953ad844a4d03af2738a726645097a6') in 0.0122599 seconds
Number of updated asset objects reloaded before import = 0Number of asset objects unloaded after import = 3

========================================================================
Received Import Request.
  Time since last request: 0.000014 seconds.
  path: Assets/PF SET1/Sliced/decorative_obj_305.asset
  artifactKey: Guid(163c502e417cdf04383c7ed591a6b089) Importer(815301076,1909f56bfc062723c751e8b465ee728b)
Start importing Assets/PF SET1/Sliced/decorative_obj_305.asset using Guid(163c502e417cdf04383c7ed591a6b089) Importer(815301076,1909f56bfc062723c751e8b465ee728b) (PreviewImporter) -> (artifact id: 'a3c21a9d74c39fe16baf56054ab88fb3') in 0.0143731 seconds
Number of updated asset objects reloaded before import = 0Number of asset objects unloaded after import = 3

========================================================================
Received Import Request.
  Time since last request: 0.000010 seconds.
  path: Assets/PF SET1/Sliced/decorative_obj_242.asset
  artifactKey: Guid(777e0cf2a3ae5904e8e7f86c70363eed) Importer(815301076,1909f56bfc062723c751e8b465ee728b)
Start importing Assets/PF SET1/Sliced/decorative_obj_242.asset using Guid(777e0cf2a3ae5904e8e7f86c70363eed) Importer(815301076,1909f56bfc062723c751e8b465ee728b) (PreviewImporter) -> (artifact id: '8e0d90ba1dcd3f49d81be9ee807a1bd2') in 0.0123454 seconds
Number of updated asset objects reloaded before import = 0Number of asset objects unloaded after import = 3

========================================================================
Received Import Request.
  Time since last request: 0.000015 seconds.
  path: Assets/PF SET1/Sliced/decorative_obj_82.asset
  artifactKey: Guid(b9562e09ed4e43e4288546c1e66e4d0d) Importer(815301076,1909f56bfc062723c751e8b465ee728b)
Start importing Assets/PF SET1/Sliced/decorative_obj_82.asset using Guid(b9562e09ed4e43e4288546c1e66e4d0d) Importer(815301076,1909f56bfc062723c751e8b465ee728b) (PreviewImporter) -> (artifact id: '412a5f1f2f9fbaa899d8c78aa8b8202f') in 0.0141104 seconds
Number of updated asset objects reloaded before import = 0Number of asset objects unloaded after import = 3

========================================================================
Received Import Request.
  Time since last request: 0.000040 seconds.
  path: Assets/PF SET1/Sliced/decorative_obj_153.asset
  artifactKey: Guid(026bfaa5d7111a84db364893eac0ef6e) Importer(815301076,1909f56bfc062723c751e8b465ee728b)
Start importing Assets/PF SET1/Sliced/decorative_obj_153.asset using Guid(026bfaa5d7111a84db364893eac0ef6e) Importer(815301076,1909f56bfc062723c751e8b465ee728b) (PreviewImporter) -> (artifact id: '7f58b81b9ed971d4a32bd9d382fbf5da') in 0.0122175 seconds
Number of updated asset objects reloaded before import = 0Number of asset objects unloaded after import = 3

========================================================================
Received Import Request.
  Time since last request: 0.000018 seconds.
  path: Assets/PF SET1/Sliced/decorative_obj_84.asset
  artifactKey: Guid(d966b69c379cfde4080e2a6b46951d06) Importer(815301076,1909f56bfc062723c751e8b465ee728b)
Start importing Assets/PF SET1/Sliced/decorative_obj_84.asset using Guid(d966b69c379cfde4080e2a6b46951d06) Importer(815301076,1909f56bfc062723c751e8b465ee728b) (PreviewImporter) -> (artifact id: '47690b13f20d5307855c3de5647bc1ab') in 0.013631 seconds
Number of updated asset objects reloaded before import = 0Number of asset objects unloaded after import = 3

========================================================================
Received Import Request.
  Time since last request: 0.000017 seconds.
  path: Assets/PF SET1/Sliced/decorative_obj_170.asset
  artifactKey: Guid(21b12a87128dde947b5aa07d500e9d56) Importer(815301076,1909f56bfc062723c751e8b465ee728b)
Start importing Assets/PF SET1/Sliced/decorative_obj_170.asset using Guid(21b12a87128dde947b5aa07d500e9d56) Importer(815301076,1909f56bfc062723c751e8b465ee728b) (PreviewImporter) -> (artifact id: '53be99b9881324929eb1d082bd17eb3f') in 0.0117705 seconds
Number of updated asset objects reloaded before import = 0Number of asset objects unloaded after import = 3

========================================================================
Received Import Request.
  Time since last request: 0.000017 seconds.
  path: Assets/PF SET1/Sliced/decorative_obj_141.asset
  artifactKey: Guid(7e814fde9e08475448786f6dd0a41dd4) Importer(815301076,1909f56bfc062723c751e8b465ee728b)
Start importing Assets/PF SET1/Sliced/decorative_obj_141.asset using Guid(7e814fde9e08475448786f6dd0a41dd4) Importer(815301076,1909f56bfc062723c751e8b465ee728b) (PreviewImporter) -> (artifact id: '74dfebaae5ac7f74e17d6b75967af9f0') in 0.01394 seconds
Number of updated asset objects reloaded before import = 0Number of asset objects unloaded after import = 3

========================================================================
Received Import Request.
  Time since last request: 0.000021 seconds.
  path: Assets/PF SET1/Sliced/decorative_obj_332.asset
  artifactKey: Guid(a80a13461e6dcfa4caada86a616f121d) Importer(815301076,1909f56bfc062723c751e8b465ee728b)
Start importing Assets/PF SET1/Sliced/decorative_obj_332.asset using Guid(a80a13461e6dcfa4caada86a616f121d) Importer(815301076,1909f56bfc062723c751e8b465ee728b) (PreviewImporter) -> (artifact id: '9814fea04871a86a02eaeed3c659cc51') in 0.011589 seconds
Number of updated asset objects reloaded before import = 0Number of asset objects unloaded after import = 3

========================================================================
Received Import Request.
  Time since last request: 0.000010 seconds.
  path: Assets/PF SET1/Sliced/decorative_obj_282.asset
  artifactKey: Guid(0d32e3de366ceb34ca4f4f389ffdecb5) Importer(815301076,1909f56bfc062723c751e8b465ee728b)
Start importing Assets/PF SET1/Sliced/decorative_obj_282.asset using Guid(0d32e3de366ceb34ca4f4f389ffdecb5) Importer(815301076,1909f56bfc062723c751e8b465ee728b) (PreviewImporter) -> (artifact id: '96225f944b01d20b57d78acee4d67ec4') in 0.0129816 seconds
Number of updated asset objects reloaded before import = 0Number of asset objects unloaded after import = 3

========================================================================
Received Import Request.
  Time since last request: 0.000015 seconds.
  path: Assets/PF SET1/Sliced/decorative_obj_422.asset
  artifactKey: Guid(accba8b2ce4d7d849b45714d4648d7d4) Importer(815301076,1909f56bfc062723c751e8b465ee728b)
Start importing Assets/PF SET1/Sliced/decorative_obj_422.asset using Guid(accba8b2ce4d7d849b45714d4648d7d4) Importer(815301076,1909f56bfc062723c751e8b465ee728b) (PreviewImporter) -> (artifact id: '6242cdaa48685055672cce40f849cec3') in 0.0140185 seconds
Number of updated asset objects reloaded before import = 0Number of asset objects unloaded after import = 3

========================================================================
Received Import Request.
  Time since last request: 0.000018 seconds.
  path: Assets/PF SET1/Sliced/decorative_obj_353.asset
  artifactKey: Guid(565b0e91b86f44c4b9afbd82daa2ed0e) Importer(815301076,1909f56bfc062723c751e8b465ee728b)
Start importing Assets/PF SET1/Sliced/decorative_obj_353.asset using Guid(565b0e91b86f44c4b9afbd82daa2ed0e) Importer(815301076,1909f56bfc062723c751e8b465ee728b) (PreviewImporter) -> (artifact id: '8d95d03e8a509586e54c32eb9658ec0c') in 0.0139872 seconds
Number of updated asset objects reloaded before import = 0Number of asset objects unloaded after import = 3

========================================================================
Received Import Request.
  Time since last request: 0.000012 seconds.
  path: Assets/PF SET1/Sliced/decorative_obj_320.asset
  artifactKey: Guid(bfc817a1b264d09458effa59b20db3a9) Importer(815301076,1909f56bfc062723c751e8b465ee728b)
Start importing Assets/PF SET1/Sliced/decorative_obj_320.asset using Guid(bfc817a1b264d09458effa59b20db3a9) Importer(815301076,1909f56bfc062723c751e8b465ee728b) (PreviewImporter) -> (artifact id: '2d6cea7a4fd3ad9e1251b94727a3413d') in 0.0117397 seconds
Number of updated asset objects reloaded before import = 0Number of asset objects unloaded after import = 3

========================================================================
Received Import Request.
  Time since last request: 0.000011 seconds.
  path: Assets/PF SET1/Sliced/decorative_obj_302.asset
  artifactKey: Guid(076e6fcd807ecf54fab90ef34038a7f3) Importer(815301076,1909f56bfc062723c751e8b465ee728b)
Start importing Assets/PF SET1/Sliced/decorative_obj_302.asset using Guid(076e6fcd807ecf54fab90ef34038a7f3) Importer(815301076,1909f56bfc062723c751e8b465ee728b) (PreviewImporter) -> (artifact id: '147987f218254a31782fd95b24fc219d') in 0.0124627 seconds
Number of updated asset objects reloaded before import = 0Number of asset objects unloaded after import = 3

========================================================================
Received Import Request.
  Time since last request: 0.000014 seconds.
  path: Assets/PF SET1/Sliced/decorative_obj_378.asset
  artifactKey: Guid(7c5f1e5784c7cb04681dd8c901fa2aa3) Importer(815301076,1909f56bfc062723c751e8b465ee728b)
Start importing Assets/PF SET1/Sliced/decorative_obj_378.asset using Guid(7c5f1e5784c7cb04681dd8c901fa2aa3) Importer(815301076,1909f56bfc062723c751e8b465ee728b) (PreviewImporter) -> (artifact id: '358b57558fed8963f7f034f7c85b4ed2') in 0.0135234 seconds
Number of updated asset objects reloaded before import = 0Number of asset objects unloaded after import = 3

========================================================================
Received Import Request.
  Time since last request: 0.000043 seconds.
  path: Assets/PF SET1/Sliced/decorative_obj_459.asset
  artifactKey: Guid(032e23d7c8fc2314697cb4d1f0377b87) Importer(815301076,1909f56bfc062723c751e8b465ee728b)
Start importing Assets/PF SET1/Sliced/decorative_obj_459.asset using Guid(032e23d7c8fc2314697cb4d1f0377b87) Importer(815301076,1909f56bfc062723c751e8b465ee728b) (PreviewImporter) -> (artifact id: 'cf374077df6a11cf0ca8037146592252') in 0.0139282 seconds
Number of updated asset objects reloaded before import = 0Number of asset objects unloaded after import = 3

========================================================================
Received Import Request.
  Time since last request: 0.000024 seconds.
  path: Assets/PF SET1/Sliced/decorative_obj_348.asset
  artifactKey: Guid(4411e8e1944488c489456b58364a9cb2) Importer(815301076,1909f56bfc062723c751e8b465ee728b)
Start importing Assets/PF SET1/Sliced/decorative_obj_348.asset using Guid(4411e8e1944488c489456b58364a9cb2) Importer(815301076,1909f56bfc062723c751e8b465ee728b) (PreviewImporter) -> (artifact id: '18a4216a1c6a165c6e7e26d61686f1e2') in 0.013348 seconds
Number of updated asset objects reloaded before import = 0Number of asset objects unloaded after import = 3

========================================================================
Received Import Request.
  Time since last request: 0.000024 seconds.
  path: Assets/PF SET1/Sliced/decorative_obj_460.asset
  artifactKey: Guid(a84e647b6b2dd154fa2d454ad9dd27a8) Importer(815301076,1909f56bfc062723c751e8b465ee728b)
Start importing Assets/PF SET1/Sliced/decorative_obj_460.asset using Guid(a84e647b6b2dd154fa2d454ad9dd27a8) Importer(815301076,1909f56bfc062723c751e8b465ee728b) (PreviewImporter) -> (artifact id: 'cf37f7f37c4ed140d90b0f8e4c83a483') in 0.0119551 seconds
Number of updated asset objects reloaded before import = 0Number of asset objects unloaded after import = 3

========================================================================
Received Import Request.
  Time since last request: 0.000022 seconds.
  path: Assets/PF SET1/Sliced/decorative_obj_323.asset
  artifactKey: Guid(47a023c83abc03248a0acd1425debf82) Importer(815301076,1909f56bfc062723c751e8b465ee728b)
Start importing Assets/PF SET1/Sliced/decorative_obj_323.asset using Guid(47a023c83abc03248a0acd1425debf82) Importer(815301076,1909f56bfc062723c751e8b465ee728b) (PreviewImporter) -> (artifact id: '51079734ebd567dc5af0b31ce4d2e41c') in 0.0140276 seconds
Number of updated asset objects reloaded before import = 0Number of asset objects unloaded after import = 3

========================================================================
Received Import Request.
  Time since last request: 0.000029 seconds.
  path: Assets/PF SET1/Sliced/decorative_obj_77.asset
  artifactKey: Guid(ff934d7d873930d4ab8d9e95116a4f9e) Importer(815301076,1909f56bfc062723c751e8b465ee728b)
Start importing Assets/PF SET1/Sliced/decorative_obj_77.asset using Guid(ff934d7d873930d4ab8d9e95116a4f9e) Importer(815301076,1909f56bfc062723c751e8b465ee728b) (PreviewImporter) -> (artifact id: 'd30d73e748fcb5a2a110b43a7e37762c') in 0.01297 seconds
Number of updated asset objects reloaded before import = 0Number of asset objects unloaded after import = 3

========================================================================
Received Import Request.
  Time since last request: 0.000012 seconds.
  path: Assets/PF SET1/Sliced/decorative_obj_218.asset
  artifactKey: Guid(2ed7cfeba29b3e54cb8c109e13f44450) Importer(815301076,1909f56bfc062723c751e8b465ee728b)
Start importing Assets/PF SET1/Sliced/decorative_obj_218.asset using Guid(2ed7cfeba29b3e54cb8c109e13f44450) Importer(815301076,1909f56bfc062723c751e8b465ee728b) (PreviewImporter) -> (artifact id: '4365ceeb77490280379f01f109a325cc') in 0.0141186 seconds
Number of updated asset objects reloaded before import = 0Number of asset objects unloaded after import = 3

========================================================================
Received Import Request.
  Time since last request: 0.000015 seconds.
  path: Assets/PF SET1/Sliced/decorative_obj_52.asset
  artifactKey: Guid(98f6fe173bf11b04eaf00ed9758f995f) Importer(815301076,1909f56bfc062723c751e8b465ee728b)
Start importing Assets/PF SET1/Sliced/decorative_obj_52.asset using Guid(98f6fe173bf11b04eaf00ed9758f995f) Importer(815301076,1909f56bfc062723c751e8b465ee728b) (PreviewImporter) -> (artifact id: '51d4878433dceed3db3897c7524d348a') in 0.0121398 seconds
Number of updated asset objects reloaded before import = 0Number of asset objects unloaded after import = 3

========================================================================
Received Import Request.
  Time since last request: 0.000064 seconds.
  path: Assets/PF SET1/Sliced/decorative_obj_295.asset
  artifactKey: Guid(2d9e53d612328734b9c55ef0ef5408be) Importer(815301076,1909f56bfc062723c751e8b465ee728b)
Start importing Assets/PF SET1/Sliced/decorative_obj_295.asset using Guid(2d9e53d612328734b9c55ef0ef5408be) Importer(815301076,1909f56bfc062723c751e8b465ee728b) (PreviewImporter) -> (artifact id: '53de817577a741719b399d75f8c6ba37') in 0.0123261 seconds
Number of updated asset objects reloaded before import = 0Number of asset objects unloaded after import = 3

========================================================================
Received Import Request.
  Time since last request: 0.000025 seconds.
  path: Assets/PF SET1/Sliced/decorative_obj_63.asset
  artifactKey: Guid(dfc2935b932a6294aaf3f1890e46501a) Importer(815301076,1909f56bfc062723c751e8b465ee728b)
Start importing Assets/PF SET1/Sliced/decorative_obj_63.asset using Guid(dfc2935b932a6294aaf3f1890e46501a) Importer(815301076,1909f56bfc062723c751e8b465ee728b) (PreviewImporter) -> (artifact id: '11fa8051bffbf6ac31b266990ab0f0f8') in 0.0126558 seconds
Number of updated asset objects reloaded before import = 0Number of asset objects unloaded after import = 3

========================================================================
Received Import Request.
  Time since last request: 0.000016 seconds.
  path: Assets/PF SET1/Sliced/decorative_obj_308.asset
  artifactKey: Guid(692c77b9d3a86244d81c23e6c3af4b08) Importer(815301076,1909f56bfc062723c751e8b465ee728b)
Start importing Assets/PF SET1/Sliced/decorative_obj_308.asset using Guid(692c77b9d3a86244d81c23e6c3af4b08) Importer(815301076,1909f56bfc062723c751e8b465ee728b) (PreviewImporter) -> (artifact id: 'd1352facd899a7a2eae1e164e69d74c8') in 0.012385 seconds
Number of updated asset objects reloaded before import = 0Number of asset objects unloaded after import = 3

========================================================================
Received Import Request.
  Time since last request: 0.000009 seconds.
  path: Assets/PF SET1/Sliced/decorative_obj_393.asset
  artifactKey: Guid(c0f8934380f6b5d4cae8bb40e57a7f7c) Importer(815301076,1909f56bfc062723c751e8b465ee728b)
Start importing Assets/PF SET1/Sliced/decorative_obj_393.asset using Guid(c0f8934380f6b5d4cae8bb40e57a7f7c) Importer(815301076,1909f56bfc062723c751e8b465ee728b) (PreviewImporter) -> (artifact id: 'a76b5c289c1ee1f4ebf70b0201ee827a') in 0.0113807 seconds
Number of updated asset objects reloaded before import = 0Number of asset objects unloaded after import = 3

========================================================================
Received Import Request.
  Time since last request: 0.000017 seconds.
  path: Assets/PF SET1/Sliced/decorative_obj_274.asset
  artifactKey: Guid(0aef6c43ecde22e40b1fd1c9023e20e0) Importer(815301076,1909f56bfc062723c751e8b465ee728b)
Start importing Assets/PF SET1/Sliced/decorative_obj_274.asset using Guid(0aef6c43ecde22e40b1fd1c9023e20e0) Importer(815301076,1909f56bfc062723c751e8b465ee728b) (PreviewImporter) -> (artifact id: '5f1a9be7ea2b7505702157fe6e33b1de') in 0.0122707 seconds
Number of updated asset objects reloaded before import = 0Number of asset objects unloaded after import = 3

========================================================================
Received Import Request.
  Time since last request: 0.000023 seconds.
  path: Assets/PF SET1/Sliced/decorative_obj_416.asset
  artifactKey: Guid(1e52b76435cbf5e4d8c32c1c1cf30b48) Importer(815301076,1909f56bfc062723c751e8b465ee728b)
Start importing Assets/PF SET1/Sliced/decorative_obj_416.asset using Guid(1e52b76435cbf5e4d8c32c1c1cf30b48) Importer(815301076,1909f56bfc062723c751e8b465ee728b) (PreviewImporter) -> (artifact id: 'fdeaf2cb46d177a390649c74fb578ea5') in 0.0136877 seconds
Number of updated asset objects reloaded before import = 0Number of asset objects unloaded after import = 3

========================================================================
Received Import Request.
  Time since last request: 0.000012 seconds.
  path: Assets/PF SET1/Sliced/decorative_obj_384.asset
  artifactKey: Guid(5435f318ef92b8b47b9324f5fbc65f80) Importer(815301076,1909f56bfc062723c751e8b465ee728b)
Start importing Assets/PF SET1/Sliced/decorative_obj_384.asset using Guid(5435f318ef92b8b47b9324f5fbc65f80) Importer(815301076,1909f56bfc062723c751e8b465ee728b) (PreviewImporter) -> (artifact id: '12f1958fc79cd967ce793cacca98f016') in 0.0144454 seconds
Number of updated asset objects reloaded before import = 0Number of asset objects unloaded after import = 3

========================================================================
Received Import Request.
  Time since last request: 0.000012 seconds.
  path: Assets/PF SET1/Sliced/decorative_obj_356.asset
  artifactKey: Guid(979a38fe235b8cf4fb68ff6825f9d2bd) Importer(815301076,1909f56bfc062723c751e8b465ee728b)
Start importing Assets/PF SET1/Sliced/decorative_obj_356.asset using Guid(979a38fe235b8cf4fb68ff6825f9d2bd) Importer(815301076,1909f56bfc062723c751e8b465ee728b) (PreviewImporter) -> (artifact id: '73128c8b361088389a3d9d6f65c9ff99') in 0.0125142 seconds
Number of updated asset objects reloaded before import = 0Number of asset objects unloaded after import = 3

========================================================================
Received Import Request.
  Time since last request: 0.000013 seconds.
  path: Assets/PF SET1/Sliced/decorative_obj_400.asset
  artifactKey: Guid(300044ecac10ec243b3a7180ecf52b32) Importer(815301076,1909f56bfc062723c751e8b465ee728b)
Start importing Assets/PF SET1/Sliced/decorative_obj_400.asset using Guid(300044ecac10ec243b3a7180ecf52b32) Importer(815301076,1909f56bfc062723c751e8b465ee728b) (PreviewImporter) -> (artifact id: 'b7c7fac24b7738f7282880ce52b3ad3e') in 0.011945 seconds
Number of updated asset objects reloaded before import = 0Number of asset objects unloaded after import = 3

========================================================================
Received Import Request.
  Time since last request: 0.000023 seconds.
  path: Assets/PF SET1/Sliced/decorative_obj_410.asset
  artifactKey: Guid(70e7ffb120ff9fd4891e3526cb47526c) Importer(815301076,1909f56bfc062723c751e8b465ee728b)
Start importing Assets/PF SET1/Sliced/decorative_obj_410.asset using Guid(70e7ffb120ff9fd4891e3526cb47526c) Importer(815301076,1909f56bfc062723c751e8b465ee728b) (PreviewImporter) -> (artifact id: '547b62834025b1ea0109ead4cb87139e') in 0.0131215 seconds
Number of updated asset objects reloaded before import = 0Number of asset objects unloaded after import = 3

========================================================================
Received Import Request.
  Time since last request: 0.000011 seconds.
  path: Assets/PF SET1/Sliced/decorative_obj_221.asset
  artifactKey: Guid(0775e0498a442b1459085541a2515cc7) Importer(815301076,1909f56bfc062723c751e8b465ee728b)
Start importing Assets/PF SET1/Sliced/decorative_obj_221.asset using Guid(0775e0498a442b1459085541a2515cc7) Importer(815301076,1909f56bfc062723c751e8b465ee728b) (PreviewImporter) -> (artifact id: 'c75c7d6d30528885b99262dda83a84ff') in 0.0128833 seconds
Number of updated asset objects reloaded before import = 0Number of asset objects unloaded after import = 3

========================================================================
Received Import Request.
  Time since last request: 0.000016 seconds.
  path: Assets/PF SET1/Sliced/decorative_obj_85.asset
  artifactKey: Guid(272934ac9b22e3e4baf745f805e57d3b) Importer(815301076,1909f56bfc062723c751e8b465ee728b)
Start importing Assets/PF SET1/Sliced/decorative_obj_85.asset using Guid(272934ac9b22e3e4baf745f805e57d3b) Importer(815301076,1909f56bfc062723c751e8b465ee728b) (PreviewImporter) -> (artifact id: 'b7bd0baa306f1c50b9d2ba18c7c3cabb') in 0.0133288 seconds
Number of updated asset objects reloaded before import = 0Number of asset objects unloaded after import = 3

========================================================================
Received Import Request.
  Time since last request: 0.000028 seconds.
  path: Assets/PF SET1/Sliced/decorative_obj_119.asset
  artifactKey: Guid(1d650f32b60bc874a8d37e36f4257625) Importer(815301076,1909f56bfc062723c751e8b465ee728b)
Start importing Assets/PF SET1/Sliced/decorative_obj_119.asset using Guid(1d650f32b60bc874a8d37e36f4257625) Importer(815301076,1909f56bfc062723c751e8b465ee728b) (PreviewImporter) -> (artifact id: 'f66c8bc35a15d817cd5e56d0ff05d458') in 0.0134086 seconds
Number of updated asset objects reloaded before import = 0Number of asset objects unloaded after import = 3

========================================================================
Received Import Request.
  Time since last request: 0.000018 seconds.
  path: Assets/PF SET1/Sliced/decorative_obj_207.asset
  artifactKey: Guid(51e21cccd0f720749a797f3ad768ce48) Importer(815301076,1909f56bfc062723c751e8b465ee728b)
Start importing Assets/PF SET1/Sliced/decorative_obj_207.asset using Guid(51e21cccd0f720749a797f3ad768ce48) Importer(815301076,1909f56bfc062723c751e8b465ee728b) (PreviewImporter) -> (artifact id: '853573e8a8ff66eef30d34f2e907c675') in 0.0106147 seconds
Number of updated asset objects reloaded before import = 0Number of asset objects unloaded after import = 3

========================================================================
Received Import Request.
  Time since last request: 0.000023 seconds.
  path: Assets/PF SET1/Sliced/decorative_obj_140.asset
  artifactKey: Guid(665b536c46a1f3646ad237ce5b72168e) Importer(815301076,1909f56bfc062723c751e8b465ee728b)
Start importing Assets/PF SET1/Sliced/decorative_obj_140.asset using Guid(665b536c46a1f3646ad237ce5b72168e) Importer(815301076,1909f56bfc062723c751e8b465ee728b) (PreviewImporter) -> (artifact id: 'dbe9b50046bb600f55364bb04d4aa9ee') in 0.0139637 seconds
Number of updated asset objects reloaded before import = 0Number of asset objects unloaded after import = 3

========================================================================
Received Import Request.
  Time since last request: 0.000034 seconds.
  path: Assets/PF SET1/Sliced/decorative_obj_287.asset
  artifactKey: Guid(e3fef748e335dac4c809070fc4277900) Importer(815301076,1909f56bfc062723c751e8b465ee728b)
Start importing Assets/PF SET1/Sliced/decorative_obj_287.asset using Guid(e3fef748e335dac4c809070fc4277900) Importer(815301076,1909f56bfc062723c751e8b465ee728b) (PreviewImporter) -> (artifact id: '318f4888b3d4349536f5b7ed64fb7641') in 0.0263333 seconds
Number of updated asset objects reloaded before import = 0Number of asset objects unloaded after import = 3

========================================================================
Received Import Request.
  Time since last request: 0.000012 seconds.
  path: Assets/PF SET1/Sliced/decorative_obj_135.asset
  artifactKey: Guid(a7acee0bffa7825448a9dbc51479b049) Importer(815301076,1909f56bfc062723c751e8b465ee728b)
Start importing Assets/PF SET1/Sliced/decorative_obj_135.asset using Guid(a7acee0bffa7825448a9dbc51479b049) Importer(815301076,1909f56bfc062723c751e8b465ee728b) (PreviewImporter) -> (artifact id: '3683c83522be3f768cab355466bbecde') in 0.0097625 seconds
Number of updated asset objects reloaded before import = 0Number of asset objects unloaded after import = 3

========================================================================
Received Import Request.
  Time since last request: 7.382303 seconds.
  path: Assets/PF SET1/Sliced/decorative_obj_1.asset
  artifactKey: Guid(31d498408d8085e4a95ef34a8adb8397) Importer(815301076,1909f56bfc062723c751e8b465ee728b)
Start importing Assets/PF SET1/Sliced/decorative_obj_1.asset using Guid(31d498408d8085e4a95ef34a8adb8397) Importer(815301076,1909f56bfc062723c751e8b465ee728b) (PreviewImporter) -> (artifact id: 'c801702471d0cc616bb54a9e554fd628') in 0.0073758 seconds
Number of updated asset objects reloaded before import = 0Number of asset objects unloaded after import = 3

========================================================================
Received Import Request.
  Time since last request: 0.000022 seconds.
  path: Assets/PF SET1/Sliced/decorative_obj_10.asset
  artifactKey: Guid(c840dff2067c0e246863df1572061638) Importer(815301076,1909f56bfc062723c751e8b465ee728b)
Start importing Assets/PF SET1/Sliced/decorative_obj_10.asset using Guid(c840dff2067c0e246863df1572061638) Importer(815301076,1909f56bfc062723c751e8b465ee728b) (PreviewImporter) -> (artifact id: '63fafbc251ec580ba98aca698249b6d3') in 0.0067585 seconds
Number of updated asset objects reloaded before import = 0Number of asset objects unloaded after import = 3

========================================================================
Received Import Request.
  Time since last request: 0.000018 seconds.
  path: Assets/PF SET1/Sliced/decorative_obj_19.asset
  artifactKey: Guid(f3148179c63840b42840e34563510c9e) Importer(815301076,1909f56bfc062723c751e8b465ee728b)
Start importing Assets/PF SET1/Sliced/decorative_obj_19.asset using Guid(f3148179c63840b42840e34563510c9e) Importer(815301076,1909f56bfc062723c751e8b465ee728b) (PreviewImporter) -> (artifact id: 'aa7e9a6c6879faabe8bd2b559847b006') in 0.0071898 seconds
Number of updated asset objects reloaded before import = 0Number of asset objects unloaded after import = 3

========================================================================
Received Import Request.
  Time since last request: 0.000024 seconds.
  path: Assets/PF SET1/Sliced/decorative_obj_21.asset
  artifactKey: Guid(3449a8f58d475ef4ba029d8814a16d6a) Importer(815301076,1909f56bfc062723c751e8b465ee728b)
Start importing Assets/PF SET1/Sliced/decorative_obj_21.asset using Guid(3449a8f58d475ef4ba029d8814a16d6a) Importer(815301076,1909f56bfc062723c751e8b465ee728b) (PreviewImporter) -> (artifact id: 'ed83b7c76d11297a244c01f44450c13a') in 0.0083956 seconds
Number of updated asset objects reloaded before import = 0Number of asset objects unloaded after import = 3

========================================================================
Received Import Request.
  Time since last request: 0.000012 seconds.
  path: Assets/PF SET1/Sliced/decorative_obj_20.asset
  artifactKey: Guid(f9500ef73c470e8438b55ff8b1e1c6a2) Importer(815301076,1909f56bfc062723c751e8b465ee728b)
Start importing Assets/PF SET1/Sliced/decorative_obj_20.asset using Guid(f9500ef73c470e8438b55ff8b1e1c6a2) Importer(815301076,1909f56bfc062723c751e8b465ee728b) (PreviewImporter) -> (artifact id: '59882c913b134cb4ada251e5392eb26e') in 0.0054729 seconds
Number of updated asset objects reloaded before import = 0Number of asset objects unloaded after import = 3

========================================================================
Received Import Request.
  Time since last request: 9.564497 seconds.
  path: Assets/PF SET1/Sliced/decorative_obj_1.asset
  artifactKey: Guid(31d498408d8085e4a95ef34a8adb8397) Importer(815301076,1909f56bfc062723c751e8b465ee728b)
Start importing Assets/PF SET1/Sliced/decorative_obj_1.asset using Guid(31d498408d8085e4a95ef34a8adb8397) Importer(815301076,1909f56bfc062723c751e8b465ee728b) (PreviewImporter) -> (artifact id: '03dc475edbe26857954bd7041bcb3e8a') in 0.0065108 seconds
Number of updated asset objects reloaded before import = 0Number of asset objects unloaded after import = 3

========================================================================
Received Import Request.
  Time since last request: 0.000013 seconds.
  path: Assets/PF SET1/Sliced/decorative_obj_13.asset
  artifactKey: Guid(e041940cc83c87f4e90f0c204caa125f) Importer(815301076,1909f56bfc062723c751e8b465ee728b)
Start importing Assets/PF SET1/Sliced/decorative_obj_13.asset using Guid(e041940cc83c87f4e90f0c204caa125f) Importer(815301076,1909f56bfc062723c751e8b465ee728b) (PreviewImporter) -> (artifact id: '0fab3e2420adb958602427d2922cd381') in 0.0081622 seconds
Number of updated asset objects reloaded before import = 0Number of asset objects unloaded after import = 3

========================================================================
Received Import Request.
  Time since last request: 0.000028 seconds.
  path: Assets/PF SET1/Sliced/decorative_obj_11.asset
  artifactKey: Guid(c19f0e88a343a484a9e29408f6f0d5f8) Importer(815301076,1909f56bfc062723c751e8b465ee728b)
Start importing Assets/PF SET1/Sliced/decorative_obj_11.asset using Guid(c19f0e88a343a484a9e29408f6f0d5f8) Importer(815301076,1909f56bfc062723c751e8b465ee728b) (PreviewImporter) -> (artifact id: 'a5be95385eb44b2ddf21af7c751e47ab') in 0.0077061 seconds
Number of updated asset objects reloaded before import = 0Number of asset objects unloaded after import = 3

========================================================================
Received Import Request.
  Time since last request: 0.000015 seconds.
  path: Assets/PF SET1/Sliced/decorative_obj_18.asset
  artifactKey: Guid(0b48a97cdfd4b474e89bae3e75be5c43) Importer(815301076,1909f56bfc062723c751e8b465ee728b)
Start importing Assets/PF SET1/Sliced/decorative_obj_18.asset using Guid(0b48a97cdfd4b474e89bae3e75be5c43) Importer(815301076,1909f56bfc062723c751e8b465ee728b) (PreviewImporter) -> (artifact id: '33df535f93e927f1f7678ea56cbaaa62') in 0.007834 seconds
Number of updated asset objects reloaded before import = 0Number of asset objects unloaded after import = 3

========================================================================
Received Import Request.
  Time since last request: 11.228276 seconds.
  path: Assets/PF SET1/Sliced/decorative_obj_1.asset
  artifactKey: Guid(31d498408d8085e4a95ef34a8adb8397) Importer(815301076,1909f56bfc062723c751e8b465ee728b)
Start importing Assets/PF SET1/Sliced/decorative_obj_1.asset using Guid(31d498408d8085e4a95ef34a8adb8397) Importer(815301076,1909f56bfc062723c751e8b465ee728b) (PreviewImporter) -> (artifact id: 'a89f572a6fa2c207e45ef643ea1267dd') in 0.007299 seconds
Number of updated asset objects reloaded before import = 0Number of asset objects unloaded after import = 3

========================================================================
Received Import Request.
  Time since last request: 0.000018 seconds.
  path: Assets/PF SET1/Sliced/decorative_obj_6.asset
  artifactKey: Guid(f3e8e437ee7ed9d48a3c80cdf434fcd2) Importer(815301076,1909f56bfc062723c751e8b465ee728b)
Start importing Assets/PF SET1/Sliced/decorative_obj_6.asset using Guid(f3e8e437ee7ed9d48a3c80cdf434fcd2) Importer(815301076,1909f56bfc062723c751e8b465ee728b) (PreviewImporter) -> (artifact id: '3bd8f59a866cdc0058738a5bfaa75a13') in 0.0080632 seconds
Number of updated asset objects reloaded before import = 0Number of asset objects unloaded after import = 3

========================================================================
Received Import Request.
  Time since last request: 0.000018 seconds.
  path: Assets/PF SET1/Sliced/decorative_obj_5.asset
  artifactKey: Guid(b433ded68742d8e4ab168ec7286f9505) Importer(815301076,1909f56bfc062723c751e8b465ee728b)
Start importing Assets/PF SET1/Sliced/decorative_obj_5.asset using Guid(b433ded68742d8e4ab168ec7286f9505) Importer(815301076,1909f56bfc062723c751e8b465ee728b) (PreviewImporter) -> (artifact id: 'bf3fec3aaff0d2ecc0b84ef06415e97d') in 0.0064543 seconds
Number of updated asset objects reloaded before import = 0Number of asset objects unloaded after import = 3

========================================================================
Received Import Request.
  Time since last request: 0.000015 seconds.
  path: Assets/PF SET1/Sliced/decorative_obj_16.asset
  artifactKey: Guid(e837c948604bdfa4a9c3c14c1f40937c) Importer(815301076,1909f56bfc062723c751e8b465ee728b)
Start importing Assets/PF SET1/Sliced/decorative_obj_16.asset using Guid(e837c948604bdfa4a9c3c14c1f40937c) Importer(815301076,1909f56bfc062723c751e8b465ee728b) (PreviewImporter) -> (artifact id: '8fea6724452a5057f45047ca1a596899') in 0.0066898 seconds
Number of updated asset objects reloaded before import = 0Number of asset objects unloaded after import = 3

========================================================================
Received Import Request.
  Time since last request: 0.000024 seconds.
  path: Assets/PF SET1/Sliced/decorative_obj_7.asset
  artifactKey: Guid(97623246e1e9ddc48bb9c03621b76201) Importer(815301076,1909f56bfc062723c751e8b465ee728b)
Start importing Assets/PF SET1/Sliced/decorative_obj_7.asset using Guid(97623246e1e9ddc48bb9c03621b76201) Importer(815301076,1909f56bfc062723c751e8b465ee728b) (PreviewImporter) -> (artifact id: '5300f035b4bf5a9e61cab521a9804308') in 0.0055995 seconds
Number of updated asset objects reloaded before import = 0Number of asset objects unloaded after import = 3

Editor requested this worker to shutdown with reason: Scaling down because of idle timeout
AssetImportWorker is now disconnected from the server
Process exiting
Exiting without the bug reporter. Application will terminate with return code 0